ID_Cliente,Nombre_Cliente,Fecha_Registro,Antiguedad_Dias,Segmento,Puntaje_Fidelidad,Canal_Preferido,Region,Estado,Fecha_Actualizacion,ID_Pedido,Fecha_Pedido,Modo_Envio,Prioridad,Estado_Pedido,Ventas,Etiqueta_Ventas,Ganancia,Etiqueta_Ganancia,Margen_Rentabilidad_%,Nombre_Producto,Cantidad,Categoria,Subcategoria,Marca
C0174,Nicolás Martínez,2021-11-09,1238,Corporativo,18,Correo,Sur,Los Lagos,2024-12-26,ORD-2023-00001,2025-03-31,Estándar,Crítica,Completado,590.86,Normal,322.42,Normal,54.57,Papelería Eco 2,1,Oficina,Papelería,Orion
C0174,Nicolás Martínez,2021-11-09,1238,Corporativo,18,Correo,Sur,Los Lagos,2024-12-26,ORD-2023-00001,2025-03-31,Estándar,Media,Completado,4341.68,Normal,1907.85,Normal,43.94,Sobres Plus 9,7,Oficina,Sobres,Andes
C0174,Nicolás Martínez,2021-11-09,1238,Corporativo,18,Correo,Sur,Los Lagos,2024-12-26,ORD-2023-00001,2025-03-31,Estándar,Crítica,Completado,1250.86,Normal,281.32,Normal,22.49,Sillas Plus 8,2,Muebles,Sillas,Orion
C0174,Nicolás Martínez,2021-11-09,1238,Corporativo,18,Correo,Sur,Los Lagos,2024-12-26,ORD-2023-00001,2025-03-31,Estándar,Media,Completado,244.35,Normal,64.85,Normal,26.54,Almacenamiento Nova 9,5,Muebles,Almacenamiento,Alerce
C0254,Isidora Rojas,2022-09-26,546,Consumidor,71,Correo,Sur,Biobío,2024-01-29,ORD-2023-00002,2024-03-25,Segunda Clase,Baja,Completado,629.31,Normal,115.33,Normal,18.33,Papelería Flex 7,1,Oficina,Papelería,Andes
C0254,Isidora Rojas,2022-09-26,546,Consumidor,71,Correo,Sur,Biobío,2024-01-29,ORD-2023-00002,2024-03-25,Segunda Clase,Alta,Completado,1429.92,Normal,529.33,Normal,37.02,Computadores Plus 1,2,Tecnología,Computadores,Andes
C0203,Ignacio Araya,2023-08-06,198,Corporativo,67,Web,Centro,Valparaíso,2025-01-25,ORD-2023-00003,2024-02-20,Estándar,Alta,Completado,3186.84,Normal,1333.8,Normal,41.85,Archivadores Flex 3,6,Oficina,Archivadores,Vector
C0203,Ignacio Araya,2023-08-06,198,Corporativo,67,Web,Centro,Valparaíso,2025-01-25,ORD-2023-00003,2024-02-20,Estándar,Baja,Completado,787.14,Normal,-68.77,Normal,-8.74,Computadores Eco 9,4,Tecnología,Computadores,Patagonia
C0203,Ignacio Araya,2023-08-06,198,Corporativo,67,Web,Centro,Valparaíso,2025-01-25,ORD-2023-00003,2024-02-20,Estándar,Baja,Completado,1007.23,Normal,179.29,Normal,17.8,Periféricos Flex 4,3,Tecnología,Periféricos,Orion
C0258,Fernanda Silva,2023-11-29,-31,Corporativo,20,Teléfono,Centro,Maule,2024-11-26,ORD-2023-00004,2023-10-29,Primera Clase,Media,Enviado,2247.17,Normal,378.49,Normal,16.84,Papelería Plus 9,8,Oficina,Papelería,Vector
C0258,Fernanda Silva,2023-11-29,-31,Corporativo,20,Teléfono,Centro,Maule,2024-11-26,ORD-2023-00004,2023-10-29,Primera Clase,Baja,Enviado,1121.57,Normal,-167.29,Normal,-14.92,Archivadores Smart 7,6,Oficina,Archivadores,Altura
C0258,Fernanda Silva,2023-11-29,-31,Corporativo,20,Teléfono,Centro,Maule,2024-11-26,ORD-2023-00004,2023-10-29,Primera Clase,Media,Enviado,838.22,Normal,383.39,Normal,45.74,Libreros Plus 2,2,Muebles,Libreros,Vector
C0118,Nicolás Díaz,2022-11-07,874,Consumidor,98,Correo,Austral,Magallanes,2024-01-29,ORD-2023-00005,2025-03-30,Estándar,Alta,Completado,3617.95,Normal,1085.7,Normal,30.01,Periféricos Eco 2,5,Tecnología,Periféricos,Vector
C0118,Nicolás Díaz,2022-11-07,874,Consumidor,98,Correo,Austral,Magallanes,2024-01-29,ORD-2023-00005,2025-03-30,Estándar,Media,Completado,1423.97,Normal,-21.81,Normal,-1.53,Accesorios Nova 10,3,Tecnología,Accesorios,Andes
C0118,Nicolás Díaz,2022-11-07,874,Consumidor,98,Correo,Austral,Magallanes,2024-01-29,ORD-2023-00005,2025-03-30,Estándar,Media,Completado,659.35,Normal,228.2,Normal,34.61,Sobres Pro 5,5,Oficina,Sobres,Alerce
C0256,Daniela Araya,2021-09-20,1222,Corporativo,26,App,Austral,Aysén,2024-03-28,ORD-2023-00006,2025-01-24,Segunda Clase,Baja,Enviado,263.33,Normal,99.88,Normal,37.93,Etiquetas Pro 7,4,Oficina,Etiquetas,Orion
C0256,Daniela Araya,2021-09-20,1222,Corporativo,26,App,Austral,Aysén,2024-03-28,ORD-2023-00006,2025-01-24,Segunda Clase,Baja,Enviado,1091.02,Normal,304.33,Normal,27.89,Teléfonos Pro 6,2,Tecnología,Teléfonos,Orion
C0247,Fernanda Martínez,2021-08-21,878,Consumidor,33,Web,Austral,Aysén,2024-04-25,ORD-2023-00007,2024-01-16,Primera Clase,Crítica,Completado,801.12,Normal,174.15,Normal,21.74,Archivadores Smart 7,3,Oficina,Archivadores,Altura
C0247,Fernanda Martínez,2021-08-21,878,Consumidor,33,Web,Austral,Aysén,2024-04-25,ORD-2023-00007,2024-01-16,Primera Clase,Media,Completado,395.83,Normal,163.33,Normal,41.26,Libreros Plus 2,1,Muebles,Libreros,Vector
C0235,María Hernández,2022-08-24,253,Consumidor,15,App,Austral,Aysén,2024-12-11,ORD-2023-00008,2023-05-04,Estándar,Alta,Completado,491.5,Normal,72.41,Normal,14.73,Sillas Smart 9,2,Muebles,Sillas,Orion
C0235,María Hernández,2022-08-24,253,Consumidor,15,App,Austral,Aysén,2024-12-11,ORD-2023-00008,2023-05-04,Estándar,Alta,Completado,3834.91,Normal,1839.18,Normal,47.96,Computadores Nova 4,5,Tecnología,Computadores,Vector
C0188,Nicolás Sepúlveda,2022-03-28,467,Consumidor,86,Correo,Centro,O'Higgins,2024-06-09,ORD-2023-00009,2023-07-08,Primera Clase,Media,Completado,7017.6,Venta Extraordinaria,3651.12,Ganancia Atípica,52.03,Periféricos Nova 6,8,Tecnología,Periféricos,Patagonia
C0188,Nicolás Sepúlveda,2022-03-28,467,Consumidor,86,Correo,Centro,O'Higgins,2024-06-09,ORD-2023-00009,2023-07-08,Primera Clase,Crítica,Completado,467.06,Normal,214.53,Normal,45.93,Etiquetas Pro 5,2,Oficina,Etiquetas,Lumen
C0188,Nicolás Sepúlveda,2022-03-28,467,Consumidor,86,Correo,Centro,O'Higgins,2024-06-09,ORD-2023-00009,2023-07-08,Primera Clase,Media,Completado,401.13,Normal,159.54,Normal,39.77,Etiquetas Nova 10,7,Oficina,Etiquetas,Orion
C0188,Nicolás Sepúlveda,2022-03-28,467,Consumidor,86,Correo,Centro,O'Higgins,2024-06-09,ORD-2023-00009,2023-07-08,Primera Clase,Media,Completado,875.36,Normal,411.61,Normal,47.02,Libreros Plus 1,1,Muebles,Libreros,Altura
C0265,Fernanda Castillo,2022-10-03,636,Consumidor,54,Teléfono,Sur,Biobío,2024-05-18,ORD-2023-00010,2024-06-30,Estándar,Alta,Completado,1053.36,Normal,357.93,Normal,33.98,Papelería Plus 9,3,Oficina,Papelería,Vector
C0244,Nicolás Hernández,2021-09-16,1116,Consumidor,40,Web,Norte,Coquimbo,2024-07-10,ORD-2023-00011,2024-10-06,Primera Clase,Media,Completado,427.92,Normal,52.49,Normal,12.27,Sillas Eco 5,1,Muebles,Sillas,Lumen
C0244,Nicolás Hernández,2021-09-16,1116,Consumidor,40,Web,Norte,Coquimbo,2024-07-10,ORD-2023-00011,2024-10-06,Primera Clase,Crítica,Completado,1113.78,Normal,338.7,Normal,30.41,Almacenamiento Smart 4,3,Muebles,Almacenamiento,Lumen
C0244,Nicolás Hernández,2021-09-16,1116,Consumidor,40,Web,Norte,Coquimbo,2024-07-10,ORD-2023-00011,2024-10-06,Primera Clase,Alta,Completado,420.96,Normal,114.48,Normal,27.19,Archivadores Smart 10,8,Oficina,Archivadores,Andes
C0238,Sebastián López,2023-06-20,476,Home Office,53,No Especificado,Norte,Coquimbo,2024-09-25,ORD-2023-00012,2024-10-08,Primera Clase,Media,Completado,1527.58,Normal,408.94,Normal,26.77,Etiquetas Smart 9,2,Oficina,Etiquetas,Patagonia
C0238,Sebastián López,2023-06-20,476,Home Office,53,No Especificado,Norte,Coquimbo,2024-09-25,ORD-2023-00012,2024-10-08,Primera Clase,Crítica,Completado,834.41,Normal,223.18,Normal,26.75,Sillas Eco 1,6,Muebles,Sillas,Vector
C0238,Sebastián López,2023-06-20,476,Home Office,53,No Especificado,Norte,Coquimbo,2024-09-25,ORD-2023-00012,2024-10-08,Primera Clase,Crítica,Completado,5200.03,Normal,798.96,Normal,15.36,Periféricos Nova 5,8,Tecnología,Periféricos,Orion
C0238,Sebastián López,2023-06-20,476,Home Office,53,No Especificado,Norte,Coquimbo,2024-09-25,ORD-2023-00012,2024-10-08,Primera Clase,Media,Completado,1112.13,Normal,396.0,Normal,35.61,Mesas Eco 3,3,Muebles,Mesas,Alerce
C0121,Sebastián Muñoz,2023-11-28,346,Consumidor,89,Teléfono,Austral,Aysén,2024-10-21,ORD-2023-00013,2024-11-08,Estándar,Crítica,Completado,189.76,Normal,72.52,Normal,38.22,Mesas Smart 1,2,Muebles,Mesas,Orion
C0121,Sebastián Muñoz,2023-11-28,346,Consumidor,89,Teléfono,Austral,Aysén,2024-10-21,ORD-2023-00013,2024-11-08,Estándar,Baja,Completado,888.52,Normal,211.03,Normal,23.75,Almacenamiento Flex 1,1,Muebles,Almacenamiento,Patagonia
C0054,Catalina Araya,2024-10-23,-393,Corporativo,13,Teléfono,Sur,La Araucanía,2024-08-14,ORD-2023-00014,2023-09-26,Segunda Clase,Media,Completado,1547.43,Normal,571.17,Normal,36.91,Mesas Smart 7,3,Muebles,Mesas,Patagonia
C0054,Catalina Araya,2024-10-23,-393,Corporativo,13,Teléfono,Sur,La Araucanía,2024-08-14,ORD-2023-00014,2023-09-26,Segunda Clase,Alta,Completado,23.9,Normal,3.48,Normal,14.56,Accesorios Eco 4,1,Tecnología,Accesorios,Orion
C0054,Catalina Araya,2024-10-23,-393,Corporativo,13,Teléfono,Sur,La Araucanía,2024-08-14,ORD-2023-00014,2023-09-26,Segunda Clase,Alta,Completado,2883.22,Normal,251.97,Normal,8.74,Sobres Flex 1,8,Oficina,Sobres,Lumen
C0281,Benjamín González,2023-08-30,214,Home Office,93,Teléfono,Centro,Maule,2025-01-21,ORD-2023-00015,2024-03-31,Segunda Clase,Crítica,Completado,5168.9,Normal,1520.29,Normal,29.41,Papelería Smart 1,7,Oficina,Papelería,Altura
C0281,Benjamín González,2023-08-30,214,Home Office,93,Teléfono,Centro,Maule,2025-01-21,ORD-2023-00015,2024-03-31,Segunda Clase,Alta,Completado,3066.76,Normal,1181.68,Normal,38.53,Libreros Eco 10,4,Muebles,Libreros,Andes
C0281,Benjamín González,2023-08-30,214,Home Office,93,Teléfono,Centro,Maule,2025-01-21,ORD-2023-00015,2024-03-31,Segunda Clase,Baja,Completado,1853.55,Normal,660.0,Normal,35.61,Mesas Eco 3,5,Muebles,Mesas,Alerce
C0281,Benjamín González,2023-08-30,214,Home Office,93,Teléfono,Centro,Maule,2025-01-21,ORD-2023-00015,2024-03-31,Segunda Clase,Baja,Completado,440.56,Normal,120.1,Normal,27.26,Libreros Pro 7,3,Muebles,Libreros,Nova
C0252,Martina Soto,2023-11-08,462,Corporativo,25,App,Centro,Maule,2024-07-13,ORD-2023-00016,2025-02-12,Segunda Clase,Crítica,Enviado,5064.56,Normal,1009.03,Normal,19.92,Almacenamiento Flex 1,6,Muebles,Almacenamiento,Patagonia
C0203,Ignacio Araya,2023-08-06,38,Corporativo,67,Web,Centro,Valparaíso,2025-01-25,ORD-2023-00017,2023-09-13,Mismo Día,Alta,Completado,3669.0,Normal,1136.31,Normal,30.97,Teléfonos Plus 1,7,Tecnología,Teléfonos,Lumen
C0203,Ignacio Araya,2023-08-06,38,Corporativo,67,Web,Centro,Valparaíso,2025-01-25,ORD-2023-00017,2023-09-13,Mismo Día,Baja,Completado,1155.92,Normal,404.23,Normal,34.97,Periféricos Nova 7,5,Tecnología,Periféricos,Orion
C0203,Ignacio Araya,2023-08-06,38,Corporativo,67,Web,Centro,Valparaíso,2025-01-25,ORD-2023-00017,2023-09-13,Mismo Día,Crítica,Completado,2179.85,Normal,1008.98,Normal,46.29,Computadores Nova 4,3,Tecnología,Computadores,Vector
C0232,Catalina López,2022-06-04,489,Corporativo,55,Web,Austral,Aysén,2024-05-20,ORD-2023-00018,2023-10-06,Estándar,Alta,Completado,667.86,Normal,197.81,Normal,29.62,Libreros Smart 9,1,Muebles,Libreros,Patagonia
C0138,Gabriel Muñoz,2023-01-05,124,Corporativo,65,Teléfono,Austral,Magallanes,2024-09-25,ORD-2023-00019,2023-05-09,Segunda Clase,Crítica,Completado,2218.22,Normal,815.1,Normal,36.75,Computadores Pro 8,6,Tecnología,Computadores,Lumen
C0138,Gabriel Muñoz,2023-01-05,124,Corporativo,65,Teléfono,Austral,Magallanes,2024-09-25,ORD-2023-00019,2023-05-09,Segunda Clase,Media,Completado,5003.44,Normal,1125.28,Normal,22.49,Sillas Plus 8,8,Muebles,Sillas,Orion
C0138,Gabriel Muñoz,2023-01-05,124,Corporativo,65,Teléfono,Austral,Magallanes,2024-09-25,ORD-2023-00019,2023-05-09,Segunda Clase,Crítica,Completado,1586.4,Normal,278.45,Normal,17.55,Accesorios Plus 8,5,Tecnología,Accesorios,Andes
C0138,Gabriel Muñoz,2023-01-05,124,Corporativo,65,Teléfono,Austral,Magallanes,2024-09-25,ORD-2023-00019,2023-05-09,Segunda Clase,Baja,Completado,2906.46,Normal,1254.0,Normal,43.15,Computadores Nova 4,4,Tecnología,Computadores,Vector
C0063,Antonia Castillo,2021-07-11,1325,Corporativo,96,App,Sur,Los Lagos,2024-01-30,ORD-2023-00020,2025-02-25,Estándar,Alta,Completado,1001.77,Normal,433.71,Normal,43.29,Archivadores Plus 5,2,Oficina,Archivadores,Altura
C0063,Antonia Castillo,2021-07-11,1325,Corporativo,96,App,Sur,Los Lagos,2024-01-30,ORD-2023-00020,2025-02-25,Estándar,Baja,Completado,4237.62,Normal,1615.14,Normal,38.11,Sobres Plus 10,6,Oficina,Sobres,Altura
C0063,Antonia Castillo,2021-07-11,1325,Corporativo,96,App,Sur,Los Lagos,2024-01-30,ORD-2023-00020,2025-02-25,Estándar,Alta,Completado,1271.68,Normal,479.7,Normal,37.72,Archivadores Pro 6,2,Oficina,Archivadores,Patagonia
C0063,Antonia Castillo,2021-07-11,1325,Corporativo,96,App,Sur,Los Lagos,2024-01-30,ORD-2023-00020,2025-02-25,Estándar,Media,Completado,2864.04,Normal,595.14,Normal,20.78,Computadores Plus 6,6,Tecnología,Computadores,Lumen
C0058,Nicolás Morales,2022-10-05,329,Home Office,48,Web,Norte,Coquimbo,2024-09-18,ORD-2023-00021,2023-08-30,Primera Clase,Crítica,Completado,379.52,Normal,145.04,Normal,38.22,Mesas Smart 1,4,Muebles,Mesas,Orion
C0080,Daniela Morales,2023-02-16,334,Corporativo,63,Teléfono,Austral,Aysén,2024-11-26,ORD-2023-00022,2024-01-16,Primera Clase,Baja,Completado,2379.6,Normal,728.46,Normal,30.61,Accesorios Plus 8,6,Tecnología,Accesorios,Andes
C0065,Benjamín Rojas,2023-04-29,381,Corporativo,99,App,Sur,Los Ríos,2025-02-17,ORD-2023-00023,2024-05-14,Mismo Día,Alta,Enviado,5166.15,Normal,288.62,Normal,5.59,Accesorios Plus 3,7,Tecnología,Accesorios,Altura
C0065,Benjamín Rojas,2023-04-29,381,Corporativo,99,App,Sur,Los Ríos,2025-02-17,ORD-2023-00023,2024-05-14,Mismo Día,Alta,Enviado,541.93,Normal,37.69,Normal,6.95,Sobres Flex 6,1,Oficina,Sobres,Patagonia
C0278,Fernanda Castillo,2021-11-29,1111,Corporativo,88,Correo,Sur,Los Lagos,2025-03-03,ORD-2023-00024,2024-12-14,Primera Clase,Crítica,Completado,2631.6,Normal,1369.17,Normal,52.03,Periféricos Nova 6,3,Tecnología,Periféricos,Patagonia
C0278,Fernanda Castillo,2021-11-29,1111,Corporativo,88,Correo,Sur,Los Lagos,2025-03-03,ORD-2023-00024,2024-12-14,Primera Clase,Crítica,Completado,1737.91,Normal,491.89,Normal,28.3,Periféricos Nova 8,5,Tecnología,Periféricos,Andes
C0278,Fernanda Castillo,2021-11-29,1111,Corporativo,88,Correo,Sur,Los Lagos,2025-03-03,ORD-2023-00024,2024-12-14,Primera Clase,Alta,Completado,540.12,Normal,160.02,Normal,29.63,Archivadores Pro 4,3,Oficina,Archivadores,Alerce
C0278,Fernanda Castillo,2021-11-29,1111,Corporativo,88,Correo,Sur,Los Lagos,2025-03-03,ORD-2023-00024,2024-12-14,Primera Clase,Crítica,Completado,178.91,Normal,22.88,Normal,12.79,Archivadores Smart 10,4,Oficina,Archivadores,Andes
C0098,Jorge Díaz,2022-01-30,872,Home Office,25,Teléfono,Centro,Maule,2025-02-25,ORD-2023-00025,2024-06-20,Primera Clase,Baja,Completado,317.34,Normal,103.08,Normal,32.48,Papelería Pro 3,6,Oficina,Papelería,Altura
C0098,Jorge Díaz,2022-01-30,872,Home Office,25,Teléfono,Centro,Maule,2025-02-25,ORD-2023-00025,2024-06-20,Primera Clase,Media,Completado,2607.84,Normal,1041.42,Normal,39.93,Accesorios Nova 6,3,Tecnología,Accesorios,Andes
C0098,Jorge Díaz,2022-01-30,872,Home Office,25,Teléfono,Centro,Maule,2025-02-25,ORD-2023-00025,2024-06-20,Primera Clase,Crítica,Completado,593.33,Normal,310.58,Normal,52.35,Teléfonos Pro 4,8,Tecnología,Teléfonos,Alerce
C0098,Jorge Díaz,2022-01-30,872,Home Office,25,Teléfono,Centro,Maule,2025-02-25,ORD-2023-00025,2024-06-20,Primera Clase,Media,Completado,5356.87,Normal,1136.31,Normal,21.21,Papelería Smart 5,8,Oficina,Papelería,Alerce
C0037,Carlos Espinoza,2024-03-31,-442,Consumidor,89,Web,Austral,Aysén,2024-10-08,ORD-2023-00026,2023-01-14,Estándar,Baja,Cancelado,4152.09,Normal,420.46,Normal,10.13,Sillas Plus 7,7,Muebles,Sillas,Andes
C0137,Javiera Díaz,2021-12-07,931,Corporativo,13,Teléfono,Sur,Los Ríos,2024-07-14,ORD-2023-00027,2024-06-25,Estándar,Media,Enviado,914.75,Normal,248.12,Normal,27.12,Teléfonos Nova 3,4,Tecnología,Teléfonos,Lumen
C0292,Carlos Castillo,2024-04-16,169,Home Office,41,App,Centro,Maule,2025-01-31,ORD-2023-00028,2024-10-02,Estándar,Media,Completado,4738.37,Normal,352.41,Normal,7.44,Papelería Flex 7,8,Oficina,Papelería,Andes
C0292,Carlos Castillo,2024-04-16,169,Home Office,41,App,Centro,Maule,2025-01-31,ORD-2023-00028,2024-10-02,Estándar,Media,Completado,1028.86,Normal,209.52,Normal,20.36,Etiquetas Pro 2,3,Oficina,Etiquetas,Vector
C0292,Carlos Castillo,2024-04-16,169,Home Office,41,App,Centro,Maule,2025-01-31,ORD-2023-00028,2024-10-02,Estándar,Alta,Completado,4541.45,Normal,652.02,Normal,14.36,Libreros Smart 9,8,Muebles,Libreros,Patagonia
C0191,Martina Silva,2024-02-19,8,Home Office,19,Teléfono,Centro,Metropolitana,2025-01-14,ORD-2023-00029,2024-02-27,Primera Clase,Alta,Enviado,559.23,Normal,64.21,Normal,11.48,Almacenamiento Eco 3,4,Muebles,Almacenamiento,Orion
C0191,Martina Silva,2024-02-19,8,Home Office,19,Teléfono,Centro,Metropolitana,2025-01-14,ORD-2023-00029,2024-02-27,Primera Clase,Baja,Enviado,3907.85,Normal,-566.36,Normal,-14.49,Sillas Plus 7,8,Muebles,Sillas,Andes
C0018,Vicente Rodríguez,2022-05-06,531,Corporativo,40,Web,Centro,Valparaíso,2024-10-25,ORD-2023-00030,2023-10-19,Primera Clase,Alta,Devuelto,955.81,Normal,190.16,Normal,19.9,Computadores Eco 9,4,Tecnología,Computadores,Patagonia
C0018,Vicente Rodríguez,2022-05-06,531,Corporativo,40,Web,Centro,Valparaíso,2024-10-25,ORD-2023-00030,2023-10-19,Primera Clase,Alta,Devuelto,696.15,Normal,196.29,Normal,28.2,Sobres Nova 8,3,Oficina,Sobres,Alerce
C0018,Vicente Rodríguez,2022-05-06,531,Corporativo,40,Web,Centro,Valparaíso,2024-10-25,ORD-2023-00030,2023-10-19,Primera Clase,Media,Devuelto,1334.85,Normal,607.53,Normal,45.51,Teléfonos Flex 10,3,Tecnología,Teléfonos,Lumen
C0120,Fernanda Díaz,2023-11-20,-61,Corporativo,94,Web,Centro,Valparaíso,2024-04-29,ORD-2023-00031,2023-09-20,Segunda Clase,Baja,Completado,2624.45,Normal,1022.8,Normal,38.97,Archivadores Flex 3,6,Oficina,Archivadores,Vector
C0154,Ana Castillo,2022-11-03,97,Home Office,92,App,Sur,Los Ríos,2024-02-10,ORD-2023-00032,2023-02-08,Estándar,Baja,Completado,2995.44,Normal,125.08,Normal,4.18,Sillas Eco 5,7,Muebles,Sillas,Lumen
C0154,Ana Castillo,2022-11-03,97,Home Office,92,App,Sur,Los Ríos,2024-02-10,ORD-2023-00032,2023-02-08,Estándar,Crítica,Completado,1814.6,Normal,909.76,Normal,50.14,Sobres Pro 2,4,Oficina,Sobres,Orion
C0154,Ana Castillo,2022-11-03,97,Home Office,92,App,Sur,Los Ríos,2024-02-10,ORD-2023-00032,2023-02-08,Estándar,Media,Completado,1565.45,Normal,847.55,Normal,54.14,Accesorios Nova 7,5,Tecnología,Accesorios,Alerce
C0168,Gabriel Araya,2023-07-28,306,Corporativo,17,Web,Centro,O'Higgins,2024-06-04,ORD-2023-00033,2024-05-29,Mismo Día,Media,Completado,1771.06,Normal,352.15,Normal,19.88,Computadores Eco 9,7,Tecnología,Computadores,Patagonia
C0068,Gabriel Hernández,2023-12-24,-13,Home Office,66,No Especificado,Centro,Valparaíso,2025-02-22,ORD-2023-00034,2023-12-11,Mismo Día,Crítica,Enviado,3459.05,Normal,815.15,Normal,23.57,Mesas Nova 2,7,Muebles,Mesas,Lumen
C0287,Felipe Contreras,2022-07-26,361,Consumidor,38,Teléfono,Norte,Coquimbo,2024-08-11,ORD-2023-00035,2023-07-22,Segunda Clase,Baja,Completado,4550.02,Normal,719.37,Normal,15.81,Periféricos Nova 5,7,Tecnología,Periféricos,Orion
C0058,Nicolás Morales,2022-10-05,775,Home Office,48,Web,Norte,Coquimbo,2024-09-18,ORD-2023-00036,2024-11-18,Primera Clase,Crítica,Completado,52.85,Normal,27.85,Normal,52.7,Archivadores Eco 9,5,Oficina,Archivadores,Orion
C0075,Ana Rodríguez,2023-03-10,383,Corporativo,78,Correo,Norte,Coquimbo,2024-08-29,ORD-2023-00037,2024-03-27,Primera Clase,Media,Completado,663.57,Normal,141.7,Normal,21.35,Teléfonos Plus 5,1,Tecnología,Teléfonos,Nova
C0148,Josefa Rodríguez,2021-09-27,475,Home Office,47,Web,Norte,Antofagasta,2024-10-14,ORD-2023-00038,2023-01-15,Mismo Día,Alta,Completado,2677.48,Normal,1071.66,Normal,40.02,Sillas Smart 3,4,Muebles,Sillas,Altura
C0281,Benjamín González,2023-08-30,253,Home Office,93,Teléfono,Centro,Maule,2025-01-21,ORD-2023-00039,2024-05-09,Estándar,Alta,Completado,2650.05,Normal,572.61,Normal,21.61,Periféricos Nova 3,3,Tecnología,Periféricos,Altura
C0028,Benjamín Muñoz,2024-08-31,-132,Home Office,17,Web,Austral,Magallanes,2024-06-08,ORD-2023-00040,2024-04-21,Primera Clase,Crítica,Completado,1029.72,Normal,430.6,Normal,41.82,Sobres Flex 1,2,Oficina,Sobres,Lumen
C0028,Benjamín Muñoz,2024-08-31,-132,Home Office,17,Web,Austral,Magallanes,2024-06-08,ORD-2023-00040,2024-04-21,Primera Clase,Crítica,Completado,4866.4,Normal,2626.54,Ganancia Atípica,53.97,Computadores Flex 10,7,Tecnología,Computadores,Alerce
C0028,Benjamín Muñoz,2024-08-31,-132,Home Office,17,Web,Austral,Magallanes,2024-06-08,ORD-2023-00040,2024-04-21,Primera Clase,Crítica,Completado,218.98,Normal,111.7,Normal,51.01,Almacenamiento Nova 7,2,Muebles,Almacenamiento,Altura
C0288,Martina Contreras,2023-09-29,458,Home Office,71,Teléfono,Centro,Metropolitana,2025-03-05,ORD-2023-00041,2024-12-30,Mismo Día,Alta,Completado,4428.13,Normal,362.73,Normal,8.19,Accesorios Plus 3,6,Tecnología,Accesorios,Altura
C0288,Martina Contreras,2023-09-29,458,Home Office,71,Teléfono,Centro,Metropolitana,2025-03-05,ORD-2023-00041,2024-12-30,Mismo Día,Crítica,Completado,1162.9,Normal,597.7,Normal,51.4,Periféricos Smart 1,5,Tecnología,Periféricos,Andes
C0016,Diego Araya,2022-02-12,891,Home Office,57,App,Sur,Biobío,2025-01-20,ORD-2023-00042,2024-07-22,Segunda Clase,Media,Enviado,552.86,Normal,131.1,Normal,23.71,Libreros Pro 7,4,Muebles,Libreros,Nova
C0016,Diego Araya,2022-02-12,891,Home Office,57,App,Sur,Biobío,2025-01-20,ORD-2023-00042,2024-07-22,Segunda Clase,Media,Enviado,2461.22,Normal,774.3,Normal,31.46,Mesas Plus 5,5,Muebles,Mesas,Vector
C0016,Diego Araya,2022-02-12,891,Home Office,57,App,Sur,Biobío,2025-01-20,ORD-2023-00042,2024-07-22,Segunda Clase,Alta,Enviado,113.09,Normal,56.12,Normal,49.62,Computadores Flex 7,3,Tecnología,Computadores,Alerce
C0016,Diego Araya,2022-02-12,891,Home Office,57,App,Sur,Biobío,2025-01-20,ORD-2023-00042,2024-07-22,Segunda Clase,Media,Enviado,842.69,Normal,105.49,Normal,12.52,Papelería Plus 9,3,Oficina,Papelería,Vector
C0290,Diego Muñoz,2021-06-11,730,Corporativo,66,Teléfono,Sur,Los Lagos,2025-01-28,ORD-2023-00043,2023-06-11,Segunda Clase,Alta,Completado,1122.77,Normal,83.81,Normal,7.46,Archivadores Nova 8,6,Oficina,Archivadores,Lumen
C0227,Diego Díaz,2022-05-04,1005,Consumidor,91,Correo,Sur,Los Ríos,2024-09-06,ORD-2023-00044,2025-02-02,Primera Clase,Alta,Cancelado,234.21,Normal,126.3,Normal,53.93,Teléfonos Pro 4,3,Tecnología,Teléfonos,Alerce
C0227,Diego Díaz,2022-05-04,1005,Consumidor,91,Correo,Sur,Los Ríos,2024-09-06,ORD-2023-00044,2025-02-02,Primera Clase,Baja,Cancelado,1140.84,Normal,605.74,Normal,53.1,Almacenamiento Eco 8,4,Muebles,Almacenamiento,Andes
C0184,Fernanda Soto,2022-10-01,173,Corporativo,82,Teléfono,Norte,Coquimbo,2025-02-15,ORD-2023-00045,2023-03-23,Mismo Día,Media,Completado,3956.01,Normal,1153.66,Normal,29.16,Computadores Nova 4,7,Tecnología,Computadores,Vector
C0184,Fernanda Soto,2022-10-01,173,Corporativo,82,Teléfono,Norte,Coquimbo,2025-02-15,ORD-2023-00045,2023-03-23,Mismo Día,Baja,Completado,3054.84,Normal,976.2,Normal,31.96,Computadores Plus 5,4,Tecnología,Computadores,Orion
C0184,Fernanda Soto,2022-10-01,173,Corporativo,82,Teléfono,Norte,Coquimbo,2025-02-15,ORD-2023-00045,2023-03-23,Mismo Día,Media,Completado,2480.96,Normal,811.34,Normal,32.7,Sobres Plus 9,5,Oficina,Sobres,Andes
C0105,Diego Rojas,2021-08-31,555,Consumidor,87,Correo,Austral,Magallanes,2024-12-04,ORD-2023-00046,2023-03-09,Mismo Día,Baja,Devuelto,3912.94,Normal,1522.42,Normal,38.91,Sobres Flex 1,8,Oficina,Sobres,Lumen
C0105,Diego Rojas,2021-08-31,555,Consumidor,87,Correo,Austral,Magallanes,2024-12-04,ORD-2023-00046,2023-03-09,Mismo Día,Baja,Devuelto,1786.31,Normal,851.93,Normal,47.69,Almacenamiento Eco 8,7,Muebles,Almacenamiento,Andes
C0105,Diego Rojas,2021-08-31,555,Consumidor,87,Correo,Austral,Magallanes,2024-12-04,ORD-2023-00046,2023-03-09,Mismo Día,Baja,Devuelto,241.88,Normal,25.61,Normal,10.59,Libreros Pro 7,2,Muebles,Libreros,Nova
C0126,Jorge Hernández,2021-10-24,965,Home Office,34,Correo,Centro,Valparaíso,2025-03-24,ORD-2023-00047,2024-06-15,Estándar,Alta,Completado,3249.6,Normal,932.14,Normal,28.68,Mesas Smart 7,7,Muebles,Mesas,Patagonia
C0126,Jorge Hernández,2021-10-24,965,Home Office,34,Correo,Centro,Valparaíso,2025-03-24,ORD-2023-00047,2024-06-15,Estándar,Baja,Completado,379.9,Normal,107.03,Normal,28.17,Mesas Smart 10,3,Muebles,Mesas,Vector
C0126,Jorge Hernández,2021-10-24,965,Home Office,34,Correo,Centro,Valparaíso,2025-03-24,ORD-2023-00047,2024-06-15,Estándar,Crítica,Completado,737.35,Normal,0.22,Normal,0.03,Papelería Plus 9,3,Oficina,Papelería,Vector
C0047,Ana Díaz,2021-11-02,1164,Consumidor,57,Web,Centro,O'Higgins,2024-02-09,ORD-2023-00048,2025-01-09,Primera Clase,Baja,Completado,6029.61,Normal,2820.33,Ganancia Atípica,46.77,Computadores Pro 3,8,Tecnología,Computadores,Patagonia
C0129,Felipe Rodríguez,2024-02-05,-69,Corporativo,68,Correo,Centro,Maule,2024-06-02,ORD-2023-00049,2023-11-28,Segunda Clase,Baja,Completado,473.87,Normal,124.86,Normal,26.35,Teléfonos Flex 2,2,Tecnología,Teléfonos,Vector
C0269,Javiera Soto,2023-11-21,400,Corporativo,73,Correo,Sur,Los Ríos,2024-01-17,ORD-2023-00050,2024-12-25,Segunda Clase,Media,Devuelto,2216.66,Normal,640.0,Normal,28.87,Accesorios Nova 6,3,Tecnología,Accesorios,Andes
C0269,Javiera Soto,2023-11-21,400,Corporativo,73,Correo,Sur,Los Ríos,2024-01-17,ORD-2023-00050,2024-12-25,Segunda Clase,Baja,Devuelto,2383.2,Normal,1058.97,Normal,44.43,Computadores Plus 1,3,Tecnología,Computadores,Andes
C0269,Javiera Soto,2023-11-21,400,Corporativo,73,Correo,Sur,Los Ríos,2024-01-17,ORD-2023-00050,2024-12-25,Segunda Clase,Crítica,Devuelto,371.34,Normal,62.89,Normal,16.94,Mesas Eco 4,5,Muebles,Mesas,Altura
C0269,Javiera Soto,2023-11-21,400,Corporativo,73,Correo,Sur,Los Ríos,2024-01-17,ORD-2023-00050,2024-12-25,Segunda Clase,Media,Devuelto,866.94,Normal,394.29,Normal,45.48,Periféricos Nova 7,3,Tecnología,Periféricos,Orion
C0002,Valentina Muñoz,2023-07-30,427,Home Office,58,Web,Austral,Aysén,2024-06-21,ORD-2023-00051,2024-09-29,Mismo Día,Crítica,Completado,2281.67,Normal,1212.15,Normal,53.13,Almacenamiento Eco 8,8,Muebles,Almacenamiento,Andes
C0233,Jorge Díaz,2022-11-12,469,Home Office,15,App,Sur,La Araucanía,2024-05-26,ORD-2023-00052,2024-02-24,Primera Clase,Alta,Completado,939.27,Normal,508.53,Normal,54.14,Accesorios Nova 7,3,Tecnología,Accesorios,Alerce
C0233,Jorge Díaz,2022-11-12,469,Home Office,15,App,Sur,La Araucanía,2024-05-26,ORD-2023-00052,2024-02-24,Primera Clase,Alta,Completado,2675.01,Normal,1022.58,Normal,38.23,Accesorios Flex 5,3,Tecnología,Accesorios,Vector
C0170,Sofía Rojas,2022-07-18,256,Consumidor,58,No Especificado,Centro,Metropolitana,2025-01-14,ORD-2023-00053,2023-03-31,Primera Clase,Alta,Completado,828.48,Normal,291.36,Normal,35.17,Mesas Smart 9,6,Muebles,Mesas,Andes
C0170,Sofía Rojas,2022-07-18,256,Consumidor,58,No Especificado,Centro,Metropolitana,2025-01-14,ORD-2023-00053,2023-03-31,Primera Clase,Crítica,Completado,2672.69,Normal,326.83,Normal,12.23,Sillas Flex 2,6,Muebles,Sillas,Vector
C0282,Luis Espinoza,2021-12-16,447,Corporativo,28,Correo,Austral,Aysén,2024-03-12,ORD-2023-00054,2023-03-08,Primera Clase,Baja,Completado,2426.03,Normal,759.83,Normal,31.32,Libreros Pro 8,4,Muebles,Libreros,Lumen
C0282,Luis Espinoza,2021-12-16,447,Corporativo,28,Correo,Austral,Aysén,2024-03-12,ORD-2023-00054,2023-03-08,Primera Clase,Alta,Completado,577.51,Normal,33.83,Normal,5.86,Almacenamiento Smart 4,2,Muebles,Almacenamiento,Lumen
C0282,Luis Espinoza,2021-12-16,447,Corporativo,28,Correo,Austral,Aysén,2024-03-12,ORD-2023-00054,2023-03-08,Primera Clase,Alta,Completado,3127.19,Normal,1088.76,Normal,34.82,Mesas Plus 5,6,Muebles,Mesas,Vector
C0282,Luis Espinoza,2021-12-16,447,Corporativo,28,Correo,Austral,Aysén,2024-03-12,ORD-2023-00054,2023-03-08,Primera Clase,Crítica,Completado,1302.5,Normal,255.03,Normal,19.58,Sobres Plus 9,3,Oficina,Sobres,Andes
C0253,Jorge Torres,2023-01-10,818,Consumidor,69,Teléfono,Centro,Maule,2024-10-09,ORD-2023-00055,2025-04-07,Primera Clase,Baja,Completado,545.51,Normal,151.08,Normal,27.7,Teléfonos Pro 6,1,Tecnología,Teléfonos,Orion
C0107,Matías Díaz,2024-07-05,267,Consumidor,43,App,Austral,Magallanes,2024-01-09,ORD-2023-00056,2025-03-29,Primera Clase,Baja,Completado,36.22,Normal,12.93,Normal,35.7,Accesorios Smart 2,4,Tecnología,Accesorios,Vector
C0107,Matías Díaz,2024-07-05,267,Consumidor,43,App,Austral,Magallanes,2024-01-09,ORD-2023-00056,2025-03-29,Primera Clase,Baja,Completado,3153.54,Normal,941.2,Normal,29.85,Periféricos Eco 10,5,Tecnología,Periféricos,Andes
C0171,Daniela Araya,2023-06-01,198,Home Office,99,Web,Norte,Coquimbo,2025-01-17,ORD-2023-00057,2023-12-16,Estándar,Crítica,Completado,3894.92,Normal,660.86,Normal,16.97,Computadores Plus 5,6,Tecnología,Computadores,Orion
C0171,Daniela Araya,2023-06-01,198,Home Office,99,Web,Norte,Coquimbo,2025-01-17,ORD-2023-00057,2023-12-16,Estándar,Crítica,Completado,1856.4,Normal,523.44,Normal,28.2,Sobres Nova 8,8,Oficina,Sobres,Alerce
C0080,Daniela Morales,2023-02-16,596,Corporativo,63,Teléfono,Austral,Aysén,2024-11-26,ORD-2023-00058,2024-10-04,Primera Clase,Alta,Completado,558.22,Normal,208.91,Normal,37.42,Sobres Plus 9,1,Oficina,Sobres,Andes
C0080,Daniela Morales,2023-02-16,596,Corporativo,63,Teléfono,Austral,Aysén,2024-11-26,ORD-2023-00058,2024-10-04,Primera Clase,Alta,Completado,654.53,Normal,225.36,Normal,34.43,Almacenamiento Nova 2,1,Muebles,Almacenamiento,Patagonia
C0080,Daniela Morales,2023-02-16,596,Corporativo,63,Teléfono,Austral,Aysén,2024-11-26,ORD-2023-00058,2024-10-04,Primera Clase,Alta,Completado,3231.6,Normal,1169.82,Normal,36.2,Etiquetas Nova 3,6,Oficina,Etiquetas,Alerce
C0080,Daniela Morales,2023-02-16,596,Corporativo,63,Teléfono,Austral,Aysén,2024-11-26,ORD-2023-00058,2024-10-04,Primera Clase,Media,Completado,417.31,Normal,10.52,Normal,2.52,Etiquetas Flex 8,1,Oficina,Etiquetas,Patagonia
C0293,Isidora Araya,2024-07-30,44,Consumidor,16,App,Centro,O'Higgins,2024-01-16,ORD-2023-00059,2024-09-12,Primera Clase,Crítica,Enviado,463.76,Normal,113.34,Normal,24.44,Archivadores Flex 1,1,Oficina,Archivadores,Alerce
C0293,Isidora Araya,2024-07-30,44,Consumidor,16,App,Centro,O'Higgins,2024-01-16,ORD-2023-00059,2024-09-12,Primera Clase,Alta,Enviado,2070.63,Normal,573.02,Normal,27.67,Sobres Smart 3,4,Oficina,Sobres,Patagonia
C0293,Isidora Araya,2024-07-30,44,Consumidor,16,App,Centro,O'Higgins,2024-01-16,ORD-2023-00059,2024-09-12,Primera Clase,Baja,Enviado,2310.65,Normal,1106.55,Normal,47.89,Computadores Pro 8,5,Tecnología,Computadores,Lumen
C0104,Felipe Rojas,2024-07-13,-465,Home Office,29,Web,Norte,Coquimbo,2024-01-17,ORD-2023-00060,2023-04-05,Segunda Clase,Media,Enviado,4465.73,Normal,1629.52,Normal,36.49,Sobres Plus 9,8,Oficina,Sobres,Andes
C0104,Felipe Rojas,2024-07-13,-465,Home Office,29,Web,Norte,Coquimbo,2024-01-17,ORD-2023-00060,2023-04-05,Segunda Clase,Baja,Enviado,21.14,Normal,11.14,Normal,52.7,Archivadores Eco 9,2,Oficina,Archivadores,Orion
C0104,Felipe Rojas,2024-07-13,-465,Home Office,29,Web,Norte,Coquimbo,2024-01-17,ORD-2023-00060,2023-04-05,Segunda Clase,Baja,Enviado,966.56,Normal,339.92,Normal,35.17,Mesas Smart 9,7,Muebles,Mesas,Andes
C0045,Felipe Martínez,2021-07-09,882,Consumidor,45,Correo,Sur,La Araucanía,2024-08-16,ORD-2023-00061,2023-12-08,Primera Clase,Alta,Completado,2008.92,Normal,977.63,Normal,48.66,Papelería Eco 2,4,Oficina,Papelería,Orion
C0045,Felipe Martínez,2021-07-09,882,Consumidor,45,Correo,Sur,La Araucanía,2024-08-16,ORD-2023-00061,2023-12-08,Primera Clase,Alta,Completado,3684.24,Normal,1051.3,Normal,28.54,Periféricos Nova 6,6,Tecnología,Periféricos,Patagonia
C0045,Felipe Martínez,2021-07-09,882,Consumidor,45,Correo,Sur,La Araucanía,2024-08-16,ORD-2023-00061,2023-12-08,Primera Clase,Baja,Completado,1334.85,Normal,622.52,Normal,46.64,Teléfonos Flex 10,3,Tecnología,Teléfonos,Lumen
C0106,Paula Hernández,2022-09-01,677,Corporativo,49,Correo,Centro,Maule,2024-11-10,ORD-2023-00062,2024-07-09,Primera Clase,Alta,Completado,776.2,Normal,344.13,Normal,44.34,Computadores Pro 2,2,Tecnología,Computadores,Altura
C0106,Paula Hernández,2022-09-01,677,Corporativo,49,Correo,Centro,Maule,2024-11-10,ORD-2023-00062,2024-07-09,Primera Clase,Crítica,Completado,6133.52,Normal,2363.36,Ganancia Atípica,38.53,Libreros Eco 10,8,Muebles,Libreros,Andes
C0026,Vicente Espinoza,2023-08-27,-130,Home Office,70,App,Centro,Maule,2024-12-17,ORD-2023-00063,2023-04-19,Mismo Día,Baja,Completado,4229.46,Normal,1627.02,Normal,38.47,Periféricos Eco 10,6,Tecnología,Periféricos,Andes
C0026,Vicente Espinoza,2023-08-27,-130,Home Office,70,App,Centro,Maule,2024-12-17,ORD-2023-00063,2023-04-19,Mismo Día,Crítica,Completado,4961.92,Normal,2180.4,Ganancia Atípica,43.94,Sobres Plus 9,8,Oficina,Sobres,Andes
C0026,Vicente Espinoza,2023-08-27,-130,Home Office,70,App,Centro,Maule,2024-12-17,ORD-2023-00063,2023-04-19,Mismo Día,Crítica,Completado,2058.19,Normal,651.24,Normal,31.64,Teléfonos Nova 3,8,Tecnología,Teléfonos,Lumen
C0241,Fernanda Sepúlveda,2023-07-03,54,Corporativo,31,Correo,Sur,La Araucanía,2024-05-09,ORD-2023-00064,2023-08-26,Mismo Día,Baja,Cancelado,2430.58,Normal,121.77,Normal,5.01,Etiquetas Eco 1,6,Oficina,Etiquetas,Nova
C0241,Fernanda Sepúlveda,2023-07-03,54,Corporativo,31,Correo,Sur,La Araucanía,2024-05-09,ORD-2023-00064,2023-08-26,Mismo Día,Media,Cancelado,1488.11,Normal,562.85,Normal,37.82,Libreros Plus 1,2,Muebles,Libreros,Altura
C0241,Fernanda Sepúlveda,2023-07-03,54,Corporativo,31,Correo,Sur,La Araucanía,2024-05-09,ORD-2023-00064,2023-08-26,Mismo Día,Crítica,Cancelado,1733.88,Normal,788.58,Normal,45.48,Periféricos Nova 7,6,Tecnología,Periféricos,Orion
C0055,Pedro Espinoza,2021-03-20,985,Corporativo,86,Web,Norte,Coquimbo,2024-12-14,ORD-2023-00065,2023-11-30,Mismo Día,Crítica,Enviado,930.32,Normal,478.16,Normal,51.4,Periféricos Smart 1,4,Tecnología,Periféricos,Andes
C0055,Pedro Espinoza,2021-03-20,985,Corporativo,86,Web,Norte,Coquimbo,2024-12-14,ORD-2023-00065,2023-11-30,Mismo Día,Crítica,Enviado,4917.85,Normal,2135.73,Ganancia Atípica,43.43,Accesorios Flex 9,6,Tecnología,Accesorios,Patagonia
C0055,Pedro Espinoza,2021-03-20,985,Corporativo,86,Web,Norte,Coquimbo,2024-12-14,ORD-2023-00065,2023-11-30,Mismo Día,Media,Enviado,3443.32,Normal,732.81,Normal,21.28,Etiquetas Eco 1,7,Oficina,Etiquetas,Nova
C0055,Pedro Espinoza,2021-03-20,985,Corporativo,86,Web,Norte,Coquimbo,2024-12-14,ORD-2023-00065,2023-11-30,Mismo Día,Crítica,Enviado,1110.72,Normal,393.97,Normal,35.47,Computadores Pro 3,2,Tecnología,Computadores,Patagonia
C0167,Antonia Espinoza,2023-07-15,373,Consumidor,88,App,Centro,Metropolitana,2025-03-21,ORD-2023-00066,2024-07-22,Mismo Día,Baja,Completado,4140.25,Normal,1181.97,Normal,28.55,Papelería Eco 8,7,Oficina,Papelería,Patagonia
C0047,Ana Díaz,2021-11-02,647,Consumidor,57,Web,Centro,O'Higgins,2024-02-09,ORD-2023-00067,2023-08-11,Segunda Clase,Alta,Enviado,1836.39,Normal,809.05,Normal,44.06,Sillas Nova 10,8,Muebles,Sillas,Lumen
C0047,Ana Díaz,2021-11-02,647,Consumidor,57,Web,Centro,O'Higgins,2024-02-09,ORD-2023-00067,2023-08-11,Segunda Clase,Alta,Enviado,948.44,Normal,-16.77,Normal,-1.77,Periféricos Nova 9,5,Tecnología,Periféricos,Vector
C0047,Ana Díaz,2021-11-02,647,Consumidor,57,Web,Centro,O'Higgins,2024-02-09,ORD-2023-00067,2023-08-11,Segunda Clase,Alta,Enviado,270.78,Normal,92.31,Normal,34.09,Teléfonos Flex 2,1,Tecnología,Teléfonos,Vector
C0032,Sebastián Torres,2022-03-14,671,Corporativo,17,Correo,Centro,Metropolitana,2024-04-22,ORD-2023-00068,2024-01-14,Primera Clase,Crítica,Completado,489.12,Normal,190.26,Normal,38.9,Sobres Flex 1,1,Oficina,Sobres,Lumen
C0032,Sebastián Torres,2022-03-14,671,Corporativo,17,Correo,Centro,Metropolitana,2024-04-22,ORD-2023-00068,2024-01-14,Primera Clase,Crítica,Completado,3938.21,Normal,928.35,Normal,23.57,Papelería Smart 1,6,Oficina,Papelería,Altura
C0032,Sebastián Torres,2022-03-14,671,Corporativo,17,Correo,Centro,Metropolitana,2024-04-22,ORD-2023-00068,2024-01-14,Primera Clase,Media,Completado,3066.76,Normal,1181.68,Normal,38.53,Libreros Eco 10,4,Muebles,Libreros,Andes
C0285,Camila Flores,2024-09-18,-233,Corporativo,77,Correo,Sur,La Araucanía,2025-01-16,ORD-2023-00069,2024-01-29,Segunda Clase,Media,Enviado,686.28,Normal,215.02,Normal,31.33,Teléfonos Flex 8,1,Tecnología,Teléfonos,Patagonia
C0285,Camila Flores,2024-09-18,-233,Corporativo,77,Correo,Sur,La Araucanía,2025-01-16,ORD-2023-00069,2024-01-29,Segunda Clase,Media,Enviado,3999.17,Normal,1477.46,Normal,36.94,Archivadores Flex 3,8,Oficina,Archivadores,Vector
C0044,Diego Castillo,2022-12-04,168,Consumidor,97,App,Austral,Magallanes,2024-02-11,ORD-2023-00070,2023-05-21,Mismo Día,Media,Enviado,676.59,Normal,63.32,Normal,9.36,Mesas Smart 9,7,Muebles,Mesas,Andes
C0044,Diego Castillo,2022-12-04,168,Consumidor,97,App,Austral,Magallanes,2024-02-11,ORD-2023-00070,2023-05-21,Mismo Día,Media,Enviado,5651.45,Normal,2831.36,Ganancia Atípica,50.1,Computadores Nova 4,7,Tecnología,Computadores,Vector
C0257,Vicente Muñoz,2023-11-28,-56,Consumidor,48,App,Norte,Coquimbo,2024-09-12,ORD-2023-00071,2023-10-03,Estándar,Baja,Completado,3091.74,Normal,978.54,Normal,31.65,Archivadores Flex 1,6,Oficina,Archivadores,Alerce
C0257,Vicente Muñoz,2023-11-28,-56,Consumidor,48,App,Norte,Coquimbo,2024-09-12,ORD-2023-00071,2023-10-03,Estándar,Baja,Completado,1839.0,Normal,-147.54,Normal,-8.02,Teléfonos Eco 9,5,Tecnología,Teléfonos,Andes
C0257,Vicente Muñoz,2023-11-28,-56,Consumidor,48,App,Norte,Coquimbo,2024-09-12,ORD-2023-00071,2023-10-03,Estándar,Alta,Completado,5788.72,Normal,1737.12,Normal,30.01,Periféricos Eco 2,8,Tecnología,Periféricos,Vector
C0257,Vicente Muñoz,2023-11-28,-56,Consumidor,48,App,Norte,Coquimbo,2024-09-12,ORD-2023-00071,2023-10-03,Estándar,Baja,Completado,41.54,Normal,5.54,Normal,13.34,Almacenamiento Nova 9,1,Muebles,Almacenamiento,Alerce
C0241,Fernanda Sepúlveda,2023-07-03,281,Corporativo,31,Correo,Sur,La Araucanía,2024-05-09,ORD-2023-00072,2024-04-09,Primera Clase,Alta,Completado,2423.7,Normal,741.37,Normal,30.59,Etiquetas Nova 3,5,Oficina,Etiquetas,Alerce
C0241,Fernanda Sepúlveda,2023-07-03,281,Corporativo,31,Correo,Sur,La Araucanía,2024-05-09,ORD-2023-00072,2024-04-09,Primera Clase,Media,Completado,900.2,Normal,266.7,Normal,29.63,Archivadores Pro 4,5,Oficina,Archivadores,Alerce
C0241,Fernanda Sepúlveda,2023-07-03,281,Corporativo,31,Correo,Sur,La Araucanía,2024-05-09,ORD-2023-00072,2024-04-09,Primera Clase,Baja,Completado,371.26,Normal,105.41,Normal,28.39,Almacenamiento Smart 4,1,Muebles,Almacenamiento,Lumen
C0147,Valentina Pérez,2021-07-18,1028,Home Office,49,Web,Austral,Magallanes,2024-08-25,ORD-2023-00073,2024-05-11,Primera Clase,Baja,Enviado,219.91,Normal,36.92,Normal,16.79,Almacenamiento Nova 9,5,Muebles,Almacenamiento,Alerce
C0147,Valentina Pérez,2021-07-18,1028,Home Office,49,Web,Austral,Magallanes,2024-08-25,ORD-2023-00073,2024-05-11,Primera Clase,Media,Enviado,1054.5,Normal,485.86,Normal,46.07,Archivadores Plus 5,2,Oficina,Archivadores,Altura
C0229,Jorge Pérez,2023-05-30,229,Corporativo,88,Web,Sur,La Araucanía,2024-10-09,ORD-2023-00074,2024-01-14,Estándar,Crítica,Completado,1103.4,Normal,-133.13,Normal,-12.07,Teléfonos Eco 9,3,Tecnología,Teléfonos,Andes
C0197,Antonia Contreras,2022-12-21,254,Corporativo,40,App,Centro,Metropolitana,2024-06-17,ORD-2023-00075,2023-09-01,Primera Clase,Crítica,Completado,534.08,Normal,116.1,Normal,21.74,Archivadores Smart 7,2,Oficina,Archivadores,Altura
C0197,Antonia Contreras,2022-12-21,254,Corporativo,40,App,Centro,Metropolitana,2024-06-17,ORD-2023-00075,2023-09-01,Primera Clase,Media,Completado,3063.76,Normal,615.73,Normal,20.1,Libreros Plus 1,5,Muebles,Libreros,Altura
C0197,Antonia Contreras,2022-12-21,254,Corporativo,40,App,Centro,Metropolitana,2024-06-17,ORD-2023-00075,2023-09-01,Primera Clase,Crítica,Completado,1416.69,Normal,-9.31,Normal,-0.66,Sillas Smart 9,7,Muebles,Sillas,Orion
C0007,Daniela López,2024-08-03,-285,Corporativo,97,App,Sur,Los Ríos,2024-07-26,ORD-2023-00076,2023-10-23,Estándar,Alta,Devuelto,4811.88,Normal,931.93,Normal,19.37,Etiquetas Smart 9,7,Oficina,Etiquetas,Patagonia
C0007,Daniela López,2024-08-03,-285,Corporativo,97,App,Sur,Los Ríos,2024-07-26,ORD-2023-00076,2023-10-23,Estándar,Crítica,Devuelto,969.48,Normal,275.57,Normal,28.42,Etiquetas Nova 3,2,Oficina,Etiquetas,Alerce
C0007,Daniela López,2024-08-03,-285,Corporativo,97,App,Sur,Los Ríos,2024-07-26,ORD-2023-00076,2023-10-23,Estándar,Media,Devuelto,601.5,Normal,227.01,Normal,37.74,Mesas Smart 10,4,Muebles,Mesas,Vector
C0161,Carlos Hernández,2024-09-19,-67,Consumidor,92,App,Sur,Los Lagos,2024-01-21,ORD-2023-00077,2024-07-14,Estándar,Alta,Enviado,893.8,Normal,86.31,Normal,9.66,Libreros Pro 8,2,Muebles,Libreros,Lumen
C0129,Felipe Rodríguez,2024-02-05,-203,Corporativo,68,Correo,Centro,Maule,2024-06-02,ORD-2023-00078,2023-07-17,Segunda Clase,Media,Completado,1030.58,Normal,326.18,Normal,31.65,Archivadores Flex 1,2,Oficina,Archivadores,Alerce
C0193,Paula Fuentes,2021-08-24,1167,Corporativo,12,Correo,Centro,Valparaíso,2024-10-10,ORD-2023-00079,2024-11-03,Segunda Clase,Baja,Completado,3091.72,Normal,-455.73,Normal,-14.74,Periféricos Nova 3,5,Tecnología,Periféricos,Altura
C0193,Paula Fuentes,2021-08-24,1167,Corporativo,12,Correo,Centro,Valparaíso,2024-10-10,ORD-2023-00079,2024-11-03,Segunda Clase,Alta,Completado,4254.19,Normal,2055.74,Ganancia Atípica,48.32,Papelería Eco 2,8,Oficina,Papelería,Orion
C0132,Luis Pérez,2024-04-23,-313,Home Office,22,Teléfono,Austral,Aysén,2024-03-30,ORD-2023-00080,2023-06-15,Primera Clase,Crítica,Completado,1297.4,Normal,681.85,Normal,52.56,Etiquetas Pro 5,5,Oficina,Etiquetas,Lumen
C0132,Luis Pérez,2024-04-23,-313,Home Office,22,Teléfono,Austral,Aysén,2024-03-30,ORD-2023-00080,2023-06-15,Primera Clase,Crítica,Completado,1984.77,Normal,657.83,Normal,33.14,Sobres Plus 9,4,Oficina,Sobres,Andes
C0132,Luis Pérez,2024-04-23,-313,Home Office,22,Teléfono,Austral,Aysén,2024-03-30,ORD-2023-00080,2023-06-15,Primera Clase,Baja,Completado,187.37,Normal,84.73,Normal,45.22,Teléfonos Pro 4,3,Tecnología,Teléfonos,Alerce
C0227,Diego Díaz,2022-05-04,974,Consumidor,91,Correo,Sur,Los Ríos,2024-09-06,ORD-2023-00081,2025-01-02,Primera Clase,Baja,Completado,6946.08,Venta Extraordinaria,1465.28,Normal,21.1,Accesorios Plus 3,8,Tecnología,Accesorios,Altura
C0227,Diego Díaz,2022-05-04,974,Consumidor,91,Correo,Sur,Los Ríos,2024-09-06,ORD-2023-00081,2025-01-02,Primera Clase,Alta,Completado,565.02,Normal,141.13,Normal,24.98,Sobres Plus 10,1,Oficina,Sobres,Altura
C0227,Diego Díaz,2022-05-04,974,Consumidor,91,Correo,Sur,Los Ríos,2024-09-06,ORD-2023-00081,2025-01-02,Primera Clase,Crítica,Completado,5419.33,Normal,2023.98,Ganancia Atípica,37.35,Sobres Flex 6,7,Oficina,Sobres,Patagonia
C0227,Diego Díaz,2022-05-04,974,Consumidor,91,Correo,Sur,Los Ríos,2024-09-06,ORD-2023-00081,2025-01-02,Primera Clase,Baja,Completado,2607.81,Normal,869.8,Normal,33.35,Libreros Plus 2,7,Muebles,Libreros,Vector
C0277,Fernanda Torres,2023-07-25,26,Home Office,87,App,Sur,Los Lagos,2024-05-03,ORD-2023-00082,2023-08-20,Primera Clase,Alta,Completado,494.15,Normal,116.45,Normal,23.57,Mesas Nova 2,1,Muebles,Mesas,Lumen
C0277,Fernanda Torres,2023-07-25,26,Home Office,87,App,Sur,Los Lagos,2024-05-03,ORD-2023-00082,2023-08-20,Primera Clase,Media,Completado,3972.46,Normal,1053.32,Normal,26.52,Teléfonos Plus 1,8,Tecnología,Teléfonos,Lumen
C0277,Fernanda Torres,2023-07-25,26,Home Office,87,App,Sur,Los Lagos,2024-05-03,ORD-2023-00082,2023-08-20,Primera Clase,Alta,Completado,710.82,Normal,21.9,Normal,3.08,Almacenamiento Flex 1,1,Muebles,Almacenamiento,Patagonia
C0200,Fernanda Pérez,2021-05-20,700,Corporativo,66,Correo,Centro,Metropolitana,2024-09-12,ORD-2023-00083,2023-04-20,Mismo Día,Media,Completado,651.97,Normal,187.22,Normal,28.72,Teléfonos Flex 8,1,Tecnología,Teléfonos,Patagonia
C0200,Fernanda Pérez,2021-05-20,700,Corporativo,66,Correo,Centro,Metropolitana,2024-09-12,ORD-2023-00083,2023-04-20,Mismo Día,Alta,Completado,1746.36,Normal,457.17,Normal,26.18,Libreros Smart 3,7,Muebles,Libreros,Vector
C0256,Daniela Araya,2021-09-20,1014,Corporativo,26,App,Austral,Aysén,2024-03-28,ORD-2023-00084,2024-06-30,Estándar,Media,Devuelto,2379.6,Normal,728.46,Normal,30.61,Accesorios Plus 8,6,Tecnología,Accesorios,Andes
C0256,Daniela Araya,2021-09-20,1014,Corporativo,26,App,Austral,Aysén,2024-03-28,ORD-2023-00084,2024-06-30,Estándar,Media,Devuelto,4841.6,Normal,1701.6,Normal,35.15,Etiquetas Nova 4,8,Oficina,Etiquetas,Altura
C0256,Daniela Araya,2021-09-20,1014,Corporativo,26,App,Austral,Aysén,2024-03-28,ORD-2023-00084,2024-06-30,Estándar,Crítica,Devuelto,1240.48,Normal,545.1,Normal,43.94,Sobres Plus 9,2,Oficina,Sobres,Andes
C0010,Valentina Pérez,2024-02-24,63,Consumidor,84,Teléfono,Centro,Maule,2024-12-08,ORD-2023-00085,2024-04-27,Estándar,Baja,Completado,414.24,Normal,145.68,Normal,35.17,Mesas Smart 9,3,Muebles,Mesas,Andes
C0059,Nicolás Fuentes,2023-04-05,415,Corporativo,80,Teléfono,Sur,Biobío,2025-02-18,ORD-2023-00086,2024-05-24,Segunda Clase,Media,Completado,3600.94,Normal,949.83,Normal,26.38,Etiquetas Nova 4,7,Oficina,Etiquetas,Altura
C0059,Nicolás Fuentes,2023-04-05,415,Corporativo,80,Teléfono,Sur,Biobío,2025-02-18,ORD-2023-00086,2024-05-24,Segunda Clase,Alta,Completado,2227.24,Normal,720.4,Normal,32.34,Sillas Flex 2,4,Muebles,Sillas,Vector
C0059,Nicolás Fuentes,2023-04-05,415,Corporativo,80,Teléfono,Sur,Biobío,2025-02-18,ORD-2023-00086,2024-05-24,Segunda Clase,Crítica,Completado,1553.0,Normal,661.23,Normal,42.58,Accesorios Flex 9,2,Tecnología,Accesorios,Patagonia
C0087,Tomás Fuentes,2023-01-29,685,Home Office,74,Web,Sur,Los Ríos,2025-03-16,ORD-2023-00087,2024-12-14,Estándar,Crítica,Completado,3000.83,Normal,1090.18,Normal,36.33,Etiquetas Pro 2,7,Oficina,Etiquetas,Vector
C0042,Pedro Hernández,2022-09-12,117,Home Office,95,Web,Centro,Metropolitana,2024-12-14,ORD-2023-00088,2023-01-07,Primera Clase,Alta,Completado,1000.69,Normal,312.78,Normal,31.26,Papelería Plus 9,3,Oficina,Papelería,Vector
C0042,Pedro Hernández,2022-09-12,117,Home Office,95,Web,Centro,Metropolitana,2024-12-14,ORD-2023-00088,2023-01-07,Primera Clase,Media,Completado,1105.73,Normal,262.32,Normal,23.72,Libreros Pro 7,8,Muebles,Libreros,Nova
C0042,Pedro Hernández,2022-09-12,117,Home Office,95,Web,Centro,Metropolitana,2024-12-14,ORD-2023-00088,2023-01-07,Primera Clase,Baja,Completado,48.87,Normal,12.97,Normal,26.54,Almacenamiento Nova 9,1,Muebles,Almacenamiento,Alerce
C0042,Pedro Hernández,2022-09-12,117,Home Office,95,Web,Centro,Metropolitana,2024-12-14,ORD-2023-00088,2023-01-07,Primera Clase,Media,Completado,3486.95,Normal,967.89,Normal,27.76,Papelería Smart 1,5,Oficina,Papelería,Altura
C0099,Pedro Contreras,2023-09-19,-141,Consumidor,85,Teléfono,Centro,Metropolitana,2024-05-06,ORD-2023-00089,2023-05-01,Segunda Clase,Media,Completado,833.34,Normal,419.33,Normal,50.32,Periféricos Nova 6,1,Tecnología,Periféricos,Patagonia
C0099,Pedro Contreras,2023-09-19,-141,Consumidor,85,Teléfono,Centro,Metropolitana,2024-05-06,ORD-2023-00089,2023-05-01,Segunda Clase,Baja,Completado,3896.7,Normal,730.12,Normal,18.74,Papelería Eco 8,8,Oficina,Papelería,Patagonia
C0028,Benjamín Muñoz,2024-08-31,52,Home Office,17,Web,Austral,Magallanes,2024-06-08,ORD-2023-00090,2024-10-22,Mismo Día,Baja,Completado,527.25,Normal,242.93,Normal,46.07,Archivadores Plus 5,1,Oficina,Archivadores,Altura
C0249,Ignacio Sepúlveda,2023-10-03,252,Home Office,25,App,Norte,Coquimbo,2024-11-30,ORD-2023-00091,2024-06-11,Primera Clase,Alta,Completado,4026.99,Normal,1624.22,Normal,40.33,Archivadores Pro 6,6,Oficina,Archivadores,Patagonia
C0249,Ignacio Sepúlveda,2023-10-03,252,Home Office,25,App,Norte,Coquimbo,2024-11-30,ORD-2023-00091,2024-06-11,Primera Clase,Media,Completado,1320.88,Normal,674.31,Normal,51.05,Computadores Flex 10,2,Tecnología,Computadores,Alerce
C0193,Paula Fuentes,2021-08-24,720,Corporativo,12,Correo,Centro,Valparaíso,2024-10-10,ORD-2023-00092,2023-08-14,Mismo Día,Media,Completado,4961.92,Normal,2180.4,Ganancia Atípica,43.94,Sobres Plus 9,8,Oficina,Sobres,Andes
C0193,Paula Fuentes,2021-08-24,720,Corporativo,12,Correo,Centro,Valparaíso,2024-10-10,ORD-2023-00092,2023-08-14,Mismo Día,Media,Completado,469.47,Normal,95.63,Normal,20.37,Mesas Smart 9,4,Muebles,Mesas,Andes
C0172,Catalina Flores,2022-03-17,420,Home Office,67,Correo,Austral,Magallanes,2024-09-02,ORD-2023-00093,2023-05-11,Segunda Clase,Media,Completado,966.56,Normal,339.92,Normal,35.17,Mesas Smart 9,7,Muebles,Mesas,Andes
C0172,Catalina Flores,2022-03-17,420,Home Office,67,Correo,Austral,Magallanes,2024-09-02,ORD-2023-00093,2023-05-11,Segunda Clase,Media,Completado,270.5,Normal,124.3,Normal,45.95,Sobres Pro 4,5,Oficina,Sobres,Vector
C0172,Catalina Flores,2022-03-17,420,Home Office,67,Correo,Austral,Magallanes,2024-09-02,ORD-2023-00093,2023-05-11,Segunda Clase,Crítica,Completado,1650.04,Normal,607.04,Normal,36.79,Almacenamiento Smart 4,4,Muebles,Almacenamiento,Lumen
C0172,Catalina Flores,2022-03-17,420,Home Office,67,Correo,Austral,Magallanes,2024-09-02,ORD-2023-00093,2023-05-11,Segunda Clase,Alta,Completado,1441.61,Normal,160.09,Normal,11.1,Sobres Flex 1,4,Oficina,Sobres,Lumen
C0008,Jorge Muñoz,2023-04-02,656,Corporativo,18,Teléfono,Centro,Maule,2024-09-20,ORD-2023-00094,2025-01-17,Primera Clase,Baja,Completado,395.61,Normal,136.92,Normal,34.61,Sobres Pro 5,3,Oficina,Sobres,Alerce
C0008,Jorge Muñoz,2023-04-02,656,Corporativo,18,Teléfono,Centro,Maule,2024-09-20,ORD-2023-00094,2025-01-17,Primera Clase,Crítica,Completado,6954.24,Venta Extraordinaria,2777.12,Ganancia Atípica,39.93,Accesorios Nova 6,8,Tecnología,Accesorios,Andes
C0246,Andrés Hernández,2024-03-21,384,Consumidor,77,App,Sur,Los Lagos,2024-05-04,ORD-2023-00095,2025-04-09,Mismo Día,Media,Completado,551.18,Normal,98.28,Normal,17.83,Almacenamiento Nova 2,1,Muebles,Almacenamiento,Patagonia
C0184,Fernanda Soto,2022-10-01,394,Corporativo,82,Teléfono,Norte,Coquimbo,2025-02-15,ORD-2023-00096,2023-10-30,Mismo Día,Crítica,Completado,6355.2,Venta Extraordinaria,2823.92,Ganancia Atípica,44.43,Computadores Plus 1,8,Tecnología,Computadores,Andes
C0184,Fernanda Soto,2022-10-01,394,Corporativo,82,Teléfono,Norte,Coquimbo,2025-02-15,ORD-2023-00096,2023-10-30,Mismo Día,Alta,Completado,25.37,Normal,11.17,Normal,44.03,Archivadores Eco 9,3,Oficina,Archivadores,Orion
C0184,Fernanda Soto,2022-10-01,394,Corporativo,82,Teléfono,Norte,Coquimbo,2025-02-15,ORD-2023-00096,2023-10-30,Mismo Día,Baja,Completado,6563.68,Venta Extraordinaria,2501.2,Ganancia Atípica,38.11,Papelería Smart 1,8,Oficina,Papelería,Altura
C0198,Valentina Contreras,2024-05-18,204,Consumidor,93,App,Centro,Metropolitana,2024-07-13,ORD-2023-00097,2024-12-08,Primera Clase,Baja,Completado,983.81,Normal,196.09,Normal,19.93,Etiquetas Eco 1,2,Oficina,Etiquetas,Nova
C0198,Valentina Contreras,2024-05-18,204,Consumidor,93,App,Centro,Metropolitana,2024-07-13,ORD-2023-00097,2024-12-08,Primera Clase,Alta,Completado,2159.1,Normal,1110.18,Normal,51.42,Libreros Smart 6,6,Muebles,Libreros,Lumen
C0239,Martina Torres,2023-11-30,300,Corporativo,20,Teléfono,Norte,Tarapacá,2024-05-03,ORD-2023-00098,2024-09-25,Estándar,Crítica,Completado,3911.8,Normal,1080.97,Normal,27.63,Teléfonos Flex 8,6,Tecnología,Teléfonos,Patagonia
C0239,Martina Torres,2023-11-30,300,Corporativo,20,Teléfono,Norte,Tarapacá,2024-05-03,ORD-2023-00098,2024-09-25,Estándar,Alta,Completado,2003.55,Normal,873.84,Normal,43.61,Archivadores Plus 5,4,Oficina,Archivadores,Altura
C0258,Fernanda Silva,2023-11-29,364,Corporativo,20,Teléfono,Centro,Maule,2024-11-26,ORD-2023-00099,2024-11-27,Mismo Día,Baja,Completado,3063.76,Normal,681.48,Normal,22.24,Libreros Plus 1,5,Muebles,Libreros,Altura
C0097,Sebastián Flores,2022-12-22,478,Corporativo,44,Correo,Centro,Maule,2024-09-29,ORD-2023-00100,2024-04-13,Estándar,Media,Completado,1754.4,Normal,912.78,Normal,52.03,Periféricos Nova 6,2,Tecnología,Periféricos,Patagonia
C0097,Sebastián Flores,2022-12-22,478,Corporativo,44,Correo,Centro,Maule,2024-09-29,ORD-2023-00100,2024-04-13,Estándar,Media,Completado,155.49,Normal,47.04,Normal,30.25,Libreros Pro 7,1,Muebles,Libreros,Nova
C0243,Nicolás López,2023-11-17,35,Corporativo,13,App,Austral,Magallanes,2024-07-22,ORD-2023-00101,2023-12-22,Estándar,Alta,Completado,371.76,Normal,114.07,Normal,30.68,Etiquetas Pro 7,6,Oficina,Etiquetas,Orion
C0243,Nicolás López,2023-11-17,35,Corporativo,13,App,Austral,Magallanes,2024-07-22,ORD-2023-00101,2023-12-22,Estándar,Media,Completado,1397.09,Normal,-29.35,Normal,-2.1,Libreros Smart 3,8,Muebles,Libreros,Vector
C0157,Paula Hernández,2024-10-05,-468,Corporativo,85,Correo,Sur,La Araucanía,2025-01-05,ORD-2023-00102,2023-06-25,Primera Clase,Media,Completado,2837.32,Normal,465.44,Normal,16.4,Teléfonos Eco 9,6,Tecnología,Teléfonos,Andes
C0083,Sofía Torres,2021-08-23,1224,Home Office,69,App,Centro,Maule,2024-07-11,ORD-2023-00103,2024-12-29,Segunda Clase,Crítica,Enviado,593.73,Normal,75.0,Normal,12.63,Teléfonos Plus 5,1,Tecnología,Teléfonos,Nova
C0083,Sofía Torres,2021-08-23,1224,Home Office,69,App,Centro,Maule,2024-07-11,ORD-2023-00103,2024-12-29,Segunda Clase,Baja,Enviado,2518.08,Normal,863.46,Normal,34.29,Periféricos Flex 4,6,Tecnología,Periféricos,Orion
C0163,Camila Silva,2021-10-30,780,Corporativo,45,Web,Austral,Magallanes,2025-01-24,ORD-2023-00104,2023-12-19,Estándar,Alta,Completado,5650.16,Normal,2153.52,Ganancia Atípica,38.11,Sobres Plus 10,8,Oficina,Sobres,Altura
C0163,Camila Silva,2021-10-30,780,Corporativo,45,Web,Austral,Magallanes,2025-01-24,ORD-2023-00104,2023-12-19,Estándar,Alta,Completado,420.23,Normal,170.79,Normal,40.64,Teléfonos Flex 10,1,Tecnología,Teléfonos,Lumen
C0163,Camila Silva,2021-10-30,780,Corporativo,45,Web,Austral,Magallanes,2025-01-24,ORD-2023-00104,2023-12-19,Estándar,Crítica,Completado,4376.8,Normal,2058.05,Ganancia Atípica,47.02,Libreros Plus 1,5,Muebles,Libreros,Altura
C0163,Camila Silva,2021-10-30,780,Corporativo,45,Web,Austral,Magallanes,2025-01-24,ORD-2023-00104,2023-12-19,Estándar,Media,Completado,1019.97,Normal,53.76,Normal,5.27,Sillas Plus 4,2,Muebles,Sillas,Orion
C0283,Josefa Díaz,2021-02-08,811,Consumidor,50,Correo,Austral,Magallanes,2024-12-18,ORD-2023-00105,2023-04-30,Estándar,Alta,Completado,1140.84,Normal,592.52,Normal,51.94,Almacenamiento Eco 8,4,Muebles,Almacenamiento,Andes
C0101,Ana Flores,2022-07-16,192,Consumidor,16,Web,Norte,Tarapacá,2024-05-21,ORD-2023-00106,2023-01-24,Estándar,Baja,Completado,5193.23,Normal,998.13,Normal,19.22,Computadores Plus 5,8,Tecnología,Computadores,Orion
C0101,Ana Flores,2022-07-16,192,Consumidor,16,Web,Norte,Tarapacá,2024-05-21,ORD-2023-00106,2023-01-24,Estándar,Crítica,Completado,3578.21,Normal,287.24,Normal,8.03,Sobres Eco 7,6,Oficina,Sobres,Vector
C0101,Ana Flores,2022-07-16,192,Consumidor,16,Web,Norte,Tarapacá,2024-05-21,ORD-2023-00106,2023-01-24,Estándar,Alta,Completado,3721.31,Normal,456.06,Normal,12.26,Sillas Plus 8,7,Muebles,Sillas,Orion
C0101,Ana Flores,2022-07-16,192,Consumidor,16,Web,Norte,Tarapacá,2024-05-21,ORD-2023-00106,2023-01-24,Estándar,Baja,Completado,1872.15,Normal,-206.18,Normal,-11.01,Sillas Eco 5,5,Muebles,Sillas,Lumen
C0111,Carlos Flores,2024-08-19,149,Consumidor,44,App,Sur,Biobío,2024-11-02,ORD-2023-00107,2025-01-15,Mismo Día,Baja,Completado,3389.12,Normal,763.77,Normal,22.54,Etiquetas Nova 4,7,Oficina,Etiquetas,Altura
C0111,Carlos Flores,2024-08-19,149,Consumidor,44,App,Sur,Biobío,2024-11-02,ORD-2023-00107,2025-01-15,Mismo Día,Alta,Completado,1891.55,Normal,308.72,Normal,16.32,Teléfonos Eco 9,4,Tecnología,Teléfonos,Andes
C0034,Camila Sepúlveda,2021-04-30,1215,Consumidor,50,No Especificado,Norte,Tarapacá,2024-08-20,ORD-2023-00108,2024-08-27,Primera Clase,Crítica,Completado,5511.84,Normal,2087.04,Ganancia Atípica,37.86,Almacenamiento Nova 2,8,Muebles,Almacenamiento,Patagonia
C0034,Camila Sepúlveda,2021-04-30,1215,Consumidor,50,No Especificado,Norte,Tarapacá,2024-08-20,ORD-2023-00108,2024-08-27,Primera Clase,Alta,Completado,3271.36,Normal,1268.72,Normal,38.78,Periféricos Nova 8,8,Tecnología,Periféricos,Andes
C0300,Camila Díaz,2021-11-29,709,Corporativo,92,Correo,Sur,Los Lagos,2024-12-04,ORD-2023-00109,2023-11-08,Estándar,Crítica,Completado,2224.76,Normal,954.31,Normal,42.89,Teléfonos Flex 10,5,Tecnología,Teléfonos,Lumen
C0064,Gabriel Contreras,2021-02-20,1349,Consumidor,41,Web,Sur,La Araucanía,2024-08-24,ORD-2023-00110,2024-10-31,Mismo Día,Baja,Completado,50.62,Normal,11.01,Normal,21.75,Accesorios Eco 4,2,Tecnología,Accesorios,Orion
C0064,Gabriel Contreras,2021-02-20,1349,Consumidor,41,Web,Sur,La Araucanía,2024-08-24,ORD-2023-00110,2024-10-31,Mismo Día,Alta,Completado,459.86,Normal,132.85,Normal,28.89,Almacenamiento Nova 7,6,Muebles,Almacenamiento,Altura
C0244,Nicolás Hernández,2021-09-16,1182,Consumidor,40,Web,Norte,Coquimbo,2024-07-10,ORD-2023-00111,2024-12-11,Segunda Clase,Media,Enviado,2206.81,Normal,-313.76,Normal,-14.22,Teléfonos Eco 9,6,Tecnología,Teléfonos,Andes
C0183,Catalina González,2023-12-23,-189,Consumidor,58,App,Sur,Biobío,2024-08-26,ORD-2023-00112,2023-06-17,Primera Clase,Media,Completado,776.95,Normal,271.93,Normal,35.0,Periféricos Nova 8,2,Tecnología,Periféricos,Andes
C0183,Catalina González,2023-12-23,-189,Consumidor,58,App,Sur,Biobío,2024-08-26,ORD-2023-00112,2023-06-17,Primera Clase,Alta,Completado,467.82,Normal,138.76,Normal,29.66,Archivadores Nova 8,2,Oficina,Archivadores,Lumen
C0183,Catalina González,2023-12-23,-189,Consumidor,58,App,Sur,Biobío,2024-08-26,ORD-2023-00112,2023-06-17,Primera Clase,Alta,Completado,1010.56,Normal,409.89,Normal,40.56,Etiquetas Eco 6,5,Oficina,Etiquetas,Vector
C0050,Benjamín Soto,2023-04-25,433,Consumidor,32,Web,Sur,La Araucanía,2024-09-15,ORD-2023-00113,2024-07-01,Primera Clase,Media,Completado,2224.26,Normal,792.0,Normal,35.61,Mesas Eco 3,6,Muebles,Mesas,Alerce
C0050,Benjamín Soto,2023-04-25,433,Consumidor,32,Web,Sur,La Araucanía,2024-09-15,ORD-2023-00113,2024-07-01,Primera Clase,Baja,Completado,1629.4,Normal,768.04,Normal,47.14,Libreros Pro 5,4,Muebles,Libreros,Nova
C0050,Benjamín Soto,2023-04-25,433,Consumidor,32,Web,Sur,La Araucanía,2024-09-15,ORD-2023-00113,2024-07-01,Primera Clase,Media,Completado,660.16,Normal,172.72,Normal,26.16,Mesas Eco 4,8,Muebles,Mesas,Altura
C0050,Benjamín Soto,2023-04-25,433,Consumidor,32,Web,Sur,La Araucanía,2024-09-15,ORD-2023-00113,2024-07-01,Primera Clase,Alta,Completado,434.17,Normal,97.78,Normal,22.52,Sobres Plus 9,1,Oficina,Sobres,Andes
C0072,Sofía Pérez,2023-02-24,782,Consumidor,100,App,Centro,Maule,2024-06-25,ORD-2023-00114,2025-04-16,Primera Clase,Media,Completado,53.43,Normal,14.23,Normal,26.63,Accesorios Eco 4,2,Tecnología,Accesorios,Orion
C0072,Sofía Pérez,2023-02-24,782,Consumidor,100,App,Centro,Maule,2024-06-25,ORD-2023-00114,2025-04-16,Primera Clase,Media,Completado,1264.03,Normal,357.84,Normal,28.31,Papelería Plus 9,4,Oficina,Papelería,Vector
C0072,Sofía Pérez,2023-02-24,782,Consumidor,100,App,Centro,Maule,2024-06-25,ORD-2023-00114,2025-04-16,Primera Clase,Crítica,Completado,3862.11,Normal,1330.7,Normal,34.46,Teléfonos Plus 1,7,Tecnología,Teléfonos,Lumen
C0221,Valentina Hernández,2021-10-29,472,Home Office,21,No Especificado,Norte,Tarapacá,2024-01-05,ORD-2023-00115,2023-02-13,Primera Clase,Media,Completado,237.11,Normal,48.2,Normal,20.33,Periféricos Nova 9,1,Tecnología,Periféricos,Vector
C0103,Fernanda Soto,2022-06-02,402,Consumidor,24,Correo,Austral,Aysén,2025-01-26,ORD-2023-00116,2023-07-09,Primera Clase,Baja,Completado,241.88,Normal,106.55,Normal,44.05,Sillas Pro 6,3,Muebles,Sillas,Nova
C0103,Fernanda Soto,2022-06-02,402,Consumidor,24,Correo,Austral,Aysén,2025-01-26,ORD-2023-00116,2023-07-09,Primera Clase,Alta,Completado,271.57,Normal,96.57,Normal,35.56,Teléfonos Nova 3,1,Tecnología,Teléfonos,Lumen
C0103,Fernanda Soto,2022-06-02,402,Consumidor,24,Correo,Austral,Aysén,2025-01-26,ORD-2023-00116,2023-07-09,Primera Clase,Crítica,Completado,431.22,Normal,217.14,Normal,50.35,Computadores Pro 2,1,Tecnología,Computadores,Altura
C0188,Nicolás Sepúlveda,2022-03-28,993,Consumidor,86,Correo,Centro,O'Higgins,2024-06-09,ORD-2023-00117,2024-12-15,Primera Clase,Alta,Completado,1478.82,Normal,572.79,Normal,38.73,Computadores Pro 8,4,Tecnología,Computadores,Lumen
C0188,Nicolás Sepúlveda,2022-03-28,993,Consumidor,86,Correo,Centro,O'Higgins,2024-06-09,ORD-2023-00117,2024-12-15,Primera Clase,Crítica,Completado,6234.4,Normal,3172.8,Ganancia Atípica,50.89,Teléfonos Pro 6,8,Tecnología,Teléfonos,Orion
C0188,Nicolás Sepúlveda,2022-03-28,993,Consumidor,86,Correo,Centro,O'Higgins,2024-06-09,ORD-2023-00117,2024-12-15,Primera Clase,Baja,Completado,1263.11,Normal,272.73,Normal,21.59,Archivadores Nova 8,6,Oficina,Archivadores,Lumen
C0188,Nicolás Sepúlveda,2022-03-28,993,Consumidor,86,Correo,Centro,O'Higgins,2024-06-09,ORD-2023-00117,2024-12-15,Primera Clase,Alta,Completado,2317.27,Normal,300.14,Normal,12.95,Teléfonos Plus 1,6,Tecnología,Teléfonos,Lumen
C0234,Fernanda Soto,2023-08-10,393,Home Office,90,Correo,Norte,Antofagasta,2024-09-14,ORD-2023-00118,2024-09-06,Mismo Día,Alta,Completado,1069.19,Normal,-50.61,Normal,-4.73,Computadores Plus 5,2,Tecnología,Computadores,Orion
C0234,Fernanda Soto,2023-08-10,393,Home Office,90,Correo,Norte,Antofagasta,2024-09-14,ORD-2023-00118,2024-09-06,Mismo Día,Crítica,Completado,555.36,Normal,143.88,Normal,25.91,Computadores Pro 3,1,Tecnología,Computadores,Patagonia
C0234,Fernanda Soto,2023-08-10,393,Home Office,90,Correo,Norte,Antofagasta,2024-09-14,ORD-2023-00118,2024-09-06,Mismo Día,Crítica,Completado,1031.62,Normal,380.78,Normal,36.91,Mesas Smart 7,2,Muebles,Mesas,Patagonia
C0234,Fernanda Soto,2023-08-10,393,Home Office,90,Correo,Norte,Antofagasta,2024-09-14,ORD-2023-00118,2024-09-06,Mismo Día,Media,Completado,702.24,Normal,238.62,Normal,33.98,Papelería Plus 9,2,Oficina,Papelería,Vector
C0174,Nicolás Martínez,2021-11-09,623,Corporativo,18,Correo,Sur,Los Lagos,2024-12-26,ORD-2023-00119,2023-07-25,Segunda Clase,Alta,Completado,4499.06,Normal,2114.35,Ganancia Atípica,47.0,Archivadores Flex 3,8,Oficina,Archivadores,Vector
C0174,Nicolás Martínez,2021-11-09,623,Corporativo,18,Correo,Sur,Los Lagos,2024-12-26,ORD-2023-00119,2023-07-25,Segunda Clase,Crítica,Completado,1588.89,Normal,128.67,Normal,8.1,Archivadores Smart 7,7,Oficina,Archivadores,Altura
C0174,Nicolás Martínez,2021-11-09,623,Corporativo,18,Correo,Sur,Los Lagos,2024-12-26,ORD-2023-00119,2023-07-25,Segunda Clase,Baja,Completado,1247.4,Normal,326.55,Normal,26.18,Libreros Smart 3,5,Muebles,Libreros,Vector
C0174,Nicolás Martínez,2021-11-09,623,Corporativo,18,Correo,Sur,Los Lagos,2024-12-26,ORD-2023-00119,2023-07-25,Segunda Clase,Media,Completado,2727.55,Normal,815.32,Normal,29.89,Teléfonos Pro 6,5,Tecnología,Teléfonos,Orion
C0016,Diego Araya,2022-02-12,424,Home Office,57,App,Sur,Biobío,2025-01-20,ORD-2023-00120,2023-04-12,Estándar,Baja,Completado,1801.32,Normal,988.98,Normal,54.9,Almacenamiento Eco 8,6,Muebles,Almacenamiento,Andes
C0016,Diego Araya,2022-02-12,424,Home Office,57,App,Sur,Biobío,2025-01-20,ORD-2023-00120,2023-04-12,Estándar,Media,Completado,327.47,Normal,-18.02,Normal,-5.5,Archivadores Nova 8,2,Oficina,Archivadores,Lumen
C0016,Diego Araya,2022-02-12,424,Home Office,57,App,Sur,Biobío,2025-01-20,ORD-2023-00120,2023-04-12,Estándar,Alta,Completado,2289.95,Normal,285.43,Normal,12.46,Periféricos Nova 8,8,Tecnología,Periféricos,Andes
C0016,Diego Araya,2022-02-12,424,Home Office,57,App,Sur,Biobío,2025-01-20,ORD-2023-00120,2023-04-12,Estándar,Baja,Completado,605.2,Normal,212.7,Normal,35.15,Etiquetas Nova 4,1,Oficina,Etiquetas,Altura
C0197,Antonia Contreras,2022-12-21,471,Corporativo,40,App,Centro,Metropolitana,2024-06-17,ORD-2023-00121,2024-04-05,Estándar,Media,Completado,3444.9,Normal,1304.4,Normal,37.86,Almacenamiento Nova 2,5,Muebles,Almacenamiento,Patagonia
C0197,Antonia Contreras,2022-12-21,471,Corporativo,40,App,Centro,Metropolitana,2024-06-17,ORD-2023-00121,2024-04-05,Estándar,Crítica,Completado,3635.85,Normal,457.23,Normal,12.58,Periféricos Eco 10,7,Tecnología,Periféricos,Andes
C0284,Sebastián Contreras,2023-10-25,404,Corporativo,17,Correo,Austral,Aysén,2024-02-10,ORD-2023-00122,2024-12-02,Segunda Clase,Crítica,Completado,332.08,Normal,33.8,Normal,10.18,Mesas Smart 1,5,Muebles,Mesas,Orion
C0181,Pedro Martínez,2022-09-25,882,Home Office,54,Teléfono,Centro,Valparaíso,2024-05-13,ORD-2023-00123,2025-02-23,Segunda Clase,Crítica,Completado,454.66,Normal,66.86,Normal,14.71,Sillas Eco 5,1,Muebles,Sillas,Lumen
C0181,Pedro Martínez,2022-09-25,882,Home Office,54,Teléfono,Centro,Valparaíso,2024-05-13,ORD-2023-00123,2025-02-23,Segunda Clase,Media,Completado,504.98,Normal,205.09,Normal,40.61,Sillas Pro 6,7,Muebles,Sillas,Nova
C0181,Pedro Martínez,2022-09-25,882,Home Office,54,Teléfono,Centro,Valparaíso,2024-05-13,ORD-2023-00123,2025-02-23,Segunda Clase,Baja,Completado,2604.92,Normal,568.41,Normal,21.82,Periféricos Eco 2,4,Tecnología,Periféricos,Vector
C0157,Paula Hernández,2024-10-05,-526,Corporativo,85,Correo,Sur,La Araucanía,2025-01-05,ORD-2023-00124,2023-04-28,Mismo Día,Alta,Completado,535.3,Normal,-11.54,Normal,-2.16,Periféricos Nova 5,1,Tecnología,Periféricos,Orion
C0157,Paula Hernández,2024-10-05,-526,Corporativo,85,Correo,Sur,La Araucanía,2025-01-05,ORD-2023-00124,2023-04-28,Mismo Día,Crítica,Completado,1720.26,Normal,227.81,Normal,13.24,Sillas Smart 9,7,Muebles,Sillas,Orion
C0157,Paula Hernández,2024-10-05,-526,Corporativo,85,Correo,Sur,La Araucanía,2025-01-05,ORD-2023-00124,2023-04-28,Mismo Día,Alta,Completado,971.92,Normal,277.11,Normal,28.51,Teléfonos Nova 3,4,Tecnología,Teléfonos,Lumen
C0157,Paula Hernández,2024-10-05,-526,Corporativo,85,Correo,Sur,La Araucanía,2025-01-05,ORD-2023-00124,2023-04-28,Mismo Día,Media,Completado,1832.69,Normal,701.56,Normal,38.28,Computadores Pro 2,5,Tecnología,Computadores,Altura
C0255,Javiera Fuentes,2021-06-01,1229,Home Office,50,No Especificado,Sur,Los Ríos,2024-01-05,ORD-2023-00125,2024-10-12,Segunda Clase,Baja,Completado,1252.36,Normal,496.31,Normal,39.63,Accesorios Nova 7,5,Tecnología,Accesorios,Alerce
C0255,Javiera Fuentes,2021-06-01,1229,Home Office,50,No Especificado,Sur,Los Ríos,2024-01-05,ORD-2023-00125,2024-10-12,Segunda Clase,Crítica,Completado,1047.74,Normal,446.65,Normal,42.63,Archivadores Nova 2,2,Oficina,Archivadores,Alerce
C0255,Javiera Fuentes,2021-06-01,1229,Home Office,50,No Especificado,Sur,Los Ríos,2024-01-05,ORD-2023-00125,2024-10-12,Segunda Clase,Alta,Completado,1968.97,Normal,571.28,Normal,29.01,Mesas Plus 5,4,Muebles,Mesas,Vector
C0259,Catalina Flores,2021-09-14,1297,Corporativo,88,Teléfono,Austral,Magallanes,2024-06-18,ORD-2023-00126,2025-04-03,Mismo Día,Media,Completado,1938.39,Normal,819.63,Normal,42.28,Papelería Flex 6,3,Oficina,Papelería,Andes
C0259,Catalina Flores,2021-09-14,1297,Corporativo,88,Teléfono,Austral,Magallanes,2024-06-18,ORD-2023-00126,2025-04-03,Mismo Día,Crítica,Completado,3135.08,Normal,1038.46,Normal,33.12,Almacenamiento Smart 4,8,Muebles,Almacenamiento,Lumen
C0259,Catalina Flores,2021-09-14,1297,Corporativo,88,Teléfono,Austral,Magallanes,2024-06-18,ORD-2023-00126,2025-04-03,Mismo Día,Alta,Completado,5352.97,Normal,1581.65,Normal,29.55,Periféricos Nova 5,7,Tecnología,Periféricos,Orion
C0259,Catalina Flores,2021-09-14,1297,Corporativo,88,Teléfono,Austral,Magallanes,2024-06-18,ORD-2023-00126,2025-04-03,Mismo Día,Alta,Completado,451.13,Normal,173.77,Normal,38.52,Mesas Smart 10,3,Muebles,Mesas,Vector
C0223,Jorge López,2023-02-07,383,Consumidor,13,App,Sur,Biobío,2024-07-10,ORD-2023-00127,2024-02-25,Segunda Clase,Media,Cancelado,3823.55,Normal,1129.75,Normal,29.55,Periféricos Nova 5,5,Tecnología,Periféricos,Orion
C0223,Jorge López,2023-02-07,383,Consumidor,13,App,Sur,Biobío,2024-07-10,ORD-2023-00127,2024-02-25,Segunda Clase,Baja,Cancelado,1976.6,Normal,465.8,Normal,23.57,Mesas Nova 2,4,Muebles,Mesas,Lumen
C0223,Jorge López,2023-02-07,383,Consumidor,13,App,Sur,Biobío,2024-07-10,ORD-2023-00127,2024-02-25,Segunda Clase,Crítica,Cancelado,2532.57,Normal,6.66,Normal,0.26,Periféricos Eco 2,5,Tecnología,Periféricos,Vector
C0223,Jorge López,2023-02-07,383,Consumidor,13,App,Sur,Biobío,2024-07-10,ORD-2023-00127,2024-02-25,Segunda Clase,Media,Cancelado,550.15,Normal,214.95,Normal,39.07,Mesas Plus 5,1,Muebles,Mesas,Vector
C0015,Pedro Hernández,2022-06-24,455,Consumidor,74,App,Centro,Maule,2024-04-30,ORD-2023-00128,2023-09-22,Segunda Clase,Baja,Completado,4998.96,Normal,2667.2,Ganancia Atípica,53.36,Archivadores Flex 3,8,Oficina,Archivadores,Vector
C0161,Carlos Hernández,2024-09-19,-11,Consumidor,92,App,Sur,Los Lagos,2024-01-21,ORD-2023-00129,2024-09-08,Mismo Día,Baja,Cancelado,270.41,Normal,96.76,Normal,35.78,Mesas Smart 1,3,Muebles,Mesas,Orion
C0268,Paula Castillo,2022-05-24,902,Corporativo,51,App,Sur,La Araucanía,2024-10-15,ORD-2023-00130,2024-11-11,Primera Clase,Crítica,Enviado,395.39,Normal,174.07,Normal,44.02,Periféricos Smart 1,2,Tecnología,Periféricos,Andes
C0121,Sebastián Muñoz,2023-11-28,102,Consumidor,89,Teléfono,Austral,Aysén,2024-10-21,ORD-2023-00131,2024-03-09,Primera Clase,Baja,Completado,618.35,Normal,-77.68,Normal,-12.56,Periféricos Nova 3,1,Tecnología,Periféricos,Altura
C0121,Sebastián Muñoz,2023-11-28,102,Consumidor,89,Teléfono,Austral,Aysén,2024-10-21,ORD-2023-00131,2024-03-09,Primera Clase,Alta,Completado,757.15,Normal,29.44,Normal,3.89,Sillas Eco 1,7,Muebles,Sillas,Vector
C0121,Sebastián Muñoz,2023-11-28,102,Consumidor,89,Teléfono,Austral,Aysén,2024-10-21,ORD-2023-00131,2024-03-09,Primera Clase,Alta,Completado,1552.98,Normal,427.21,Normal,27.51,Sobres Smart 3,3,Oficina,Sobres,Patagonia
C0121,Sebastián Muñoz,2023-11-28,102,Consumidor,89,Teléfono,Austral,Aysén,2024-10-21,ORD-2023-00131,2024-03-09,Primera Clase,Baja,Completado,1122.85,Normal,530.5,Normal,47.25,Etiquetas Eco 6,5,Oficina,Etiquetas,Vector
C0028,Benjamín Muñoz,2024-08-31,99,Home Office,17,Web,Austral,Magallanes,2024-06-08,ORD-2023-00132,2024-12-08,Mismo Día,Crítica,Completado,1470.96,Normal,489.79,Normal,33.3,Sobres Flex 6,2,Oficina,Sobres,Patagonia
C0028,Benjamín Muñoz,2024-08-31,99,Home Office,17,Web,Austral,Magallanes,2024-06-08,ORD-2023-00132,2024-12-08,Mismo Día,Media,Completado,63.38,Normal,22.5,Normal,35.5,Accesorios Smart 2,7,Tecnología,Accesorios,Vector
C0028,Benjamín Muñoz,2024-08-31,99,Home Office,17,Web,Austral,Magallanes,2024-06-08,ORD-2023-00132,2024-12-08,Mismo Día,Alta,Completado,948.44,Normal,192.8,Normal,20.33,Periféricos Nova 9,4,Tecnología,Periféricos,Vector
C0209,Benjamín Castillo,2022-11-14,856,Consumidor,84,Web,Norte,Tarapacá,2024-03-12,ORD-2023-00133,2025-03-19,Mismo Día,Baja,Enviado,2977.15,Normal,778.84,Normal,26.16,Sobres Plus 9,6,Oficina,Sobres,Andes
C0209,Benjamín Castillo,2022-11-14,856,Consumidor,84,Web,Norte,Tarapacá,2024-03-12,ORD-2023-00133,2025-03-19,Mismo Día,Alta,Enviado,606.34,Normal,250.76,Normal,41.36,Etiquetas Eco 6,3,Oficina,Etiquetas,Vector
C0209,Benjamín Castillo,2022-11-14,856,Consumidor,84,Web,Norte,Tarapacá,2024-03-12,ORD-2023-00133,2025-03-19,Mismo Día,Baja,Enviado,346.58,Normal,-30.59,Normal,-8.83,Mesas Eco 4,6,Muebles,Mesas,Altura
C0209,Benjamín Castillo,2022-11-14,856,Consumidor,84,Web,Norte,Tarapacá,2024-03-12,ORD-2023-00133,2025-03-19,Mismo Día,Media,Enviado,111.07,Normal,-1.6,Normal,-1.44,Papelería Pro 3,3,Oficina,Papelería,Altura
C0002,Valentina Muñoz,2023-07-30,200,Home Office,58,Web,Austral,Aysén,2024-06-21,ORD-2023-00134,2024-02-15,Estándar,Alta,Completado,1736.62,Normal,166.45,Normal,9.58,Periféricos Eco 2,3,Tecnología,Periféricos,Vector
C0002,Valentina Muñoz,2023-07-30,200,Home Office,58,Web,Austral,Aysén,2024-06-21,ORD-2023-00134,2024-02-15,Estándar,Alta,Completado,1880.56,Normal,434.8,Normal,23.12,Mesas Nova 8,8,Muebles,Mesas,Andes
C0145,Constanza López,2021-01-17,917,Corporativo,87,Web,Centro,Metropolitana,2024-06-02,ORD-2023-00135,2023-07-23,Mismo Día,Crítica,Completado,824.85,Normal,132.68,Normal,16.09,Accesorios Plus 3,1,Tecnología,Accesorios,Altura
C0145,Constanza López,2021-01-17,917,Corporativo,87,Web,Centro,Metropolitana,2024-06-02,ORD-2023-00135,2023-07-23,Mismo Día,Crítica,Completado,2386.7,Normal,495.95,Normal,20.78,Computadores Plus 6,5,Tecnología,Computadores,Lumen
C0134,Felipe Martínez,2024-06-30,-394,Corporativo,93,Correo,Centro,Maule,2024-10-11,ORD-2023-00136,2023-06-02,Estándar,Media,Completado,59.19,Normal,23.06,Normal,38.96,Archivadores Eco 9,8,Oficina,Archivadores,Orion
C0134,Felipe Martínez,2024-06-30,-394,Corporativo,93,Correo,Centro,Maule,2024-10-11,ORD-2023-00136,2023-06-02,Estándar,Crítica,Completado,3436.7,Normal,800.75,Normal,23.3,Computadores Plus 5,5,Tecnología,Computadores,Orion
C0134,Felipe Martínez,2024-06-30,-394,Corporativo,93,Correo,Centro,Maule,2024-10-11,ORD-2023-00136,2023-06-02,Estándar,Alta,Completado,1701.4,Normal,554.16,Normal,32.57,Teléfonos Plus 7,7,Tecnología,Teléfonos,Alerce
C0134,Felipe Martínez,2024-06-30,-394,Corporativo,93,Correo,Centro,Maule,2024-10-11,ORD-2023-00136,2023-06-02,Estándar,Media,Completado,576.13,Normal,87.74,Normal,15.23,Archivadores Pro 4,4,Oficina,Archivadores,Alerce
C0015,Pedro Hernández,2022-06-24,488,Consumidor,74,App,Centro,Maule,2024-04-30,ORD-2023-00137,2023-10-25,Primera Clase,Alta,Cancelado,386.21,Normal,48.87,Normal,12.65,Teléfonos Plus 1,1,Tecnología,Teléfonos,Lumen
C0015,Pedro Hernández,2022-06-24,488,Consumidor,74,App,Centro,Maule,2024-04-30,ORD-2023-00137,2023-10-25,Primera Clase,Crítica,Cancelado,2334.95,Normal,701.79,Normal,30.06,Papelería Plus 9,7,Oficina,Papelería,Vector
C0015,Pedro Hernández,2022-06-24,488,Consumidor,74,App,Centro,Maule,2024-04-30,ORD-2023-00137,2023-10-25,Primera Clase,Baja,Cancelado,2636.25,Normal,1214.65,Normal,46.07,Archivadores Plus 5,5,Oficina,Archivadores,Altura
C0015,Pedro Hernández,2022-06-24,488,Consumidor,74,App,Centro,Maule,2024-04-30,ORD-2023-00137,2023-10-25,Primera Clase,Alta,Cancelado,1784.61,Normal,924.23,Normal,51.79,Accesorios Nova 7,6,Tecnología,Accesorios,Alerce
C0024,Catalina Muñoz,2021-05-19,597,Consumidor,52,Web,Norte,Coquimbo,2024-08-26,ORD-2023-00138,2023-01-06,Mismo Día,Crítica,Completado,255.85,Normal,92.47,Normal,36.14,Teléfonos Plus 7,1,Tecnología,Teléfonos,Alerce
C0024,Catalina Muñoz,2021-05-19,597,Consumidor,52,Web,Norte,Coquimbo,2024-08-26,ORD-2023-00138,2023-01-06,Mismo Día,Alta,Completado,2966.33,Normal,531.03,Normal,17.9,Sobres Plus 10,6,Oficina,Sobres,Altura
C0024,Catalina Muñoz,2021-05-19,597,Consumidor,52,Web,Norte,Coquimbo,2024-08-26,ORD-2023-00138,2023-01-06,Mismo Día,Alta,Completado,3607.03,Normal,1141.63,Normal,31.65,Archivadores Flex 1,7,Oficina,Archivadores,Alerce
C0023,Ana Espinoza,2022-04-17,389,Home Office,10,App,Norte,Antofagasta,2024-12-07,ORD-2023-00139,2023-05-11,Primera Clase,Crítica,Enviado,3483.86,Normal,1055.98,Normal,30.31,Sobres Flex 6,5,Oficina,Sobres,Patagonia
C0023,Ana Espinoza,2022-04-17,389,Home Office,10,App,Norte,Antofagasta,2024-12-07,ORD-2023-00139,2023-05-11,Primera Clase,Crítica,Enviado,336.27,Normal,71.96,Normal,21.4,Sobres Pro 5,3,Oficina,Sobres,Alerce
C0023,Ana Espinoza,2022-04-17,389,Home Office,10,App,Norte,Antofagasta,2024-12-07,ORD-2023-00139,2023-05-11,Primera Clase,Media,Enviado,491.21,Normal,35.24,Normal,7.17,Archivadores Nova 8,3,Oficina,Archivadores,Lumen
C0028,Benjamín Muñoz,2024-08-31,-373,Home Office,17,Web,Austral,Magallanes,2024-06-08,ORD-2023-00140,2023-08-24,Mismo Día,Crítica,Completado,1054.96,Normal,365.12,Normal,34.61,Sobres Pro 5,8,Oficina,Sobres,Alerce
C0235,María Hernández,2022-08-24,634,Consumidor,15,App,Austral,Aysén,2024-12-11,ORD-2023-00141,2024-05-19,Estándar,Alta,Enviado,198.4,Normal,104.9,Normal,52.87,Computadores Flex 7,5,Tecnología,Computadores,Alerce
C0289,Vicente Martínez,2021-09-07,1160,Corporativo,60,No Especificado,Norte,Coquimbo,2024-06-23,ORD-2023-00142,2024-11-10,Segunda Clase,Baja,Completado,5788.72,Normal,1737.12,Normal,30.01,Periféricos Eco 2,8,Tecnología,Periféricos,Vector
C0146,Javiera Silva,2022-12-23,706,Home Office,91,App,Austral,Aysén,2024-03-14,ORD-2023-00143,2024-11-28,Estándar,Crítica,Completado,494.39,Normal,249.32,Normal,50.43,Teléfonos Flex 10,1,Tecnología,Teléfonos,Lumen
C0146,Javiera Silva,2022-12-23,706,Home Office,91,App,Austral,Aysén,2024-03-14,ORD-2023-00143,2024-11-28,Estándar,Baja,Completado,690.4,Normal,242.8,Normal,35.17,Mesas Smart 9,5,Muebles,Mesas,Andes
C0146,Javiera Silva,2022-12-23,706,Home Office,91,App,Austral,Aysén,2024-03-14,ORD-2023-00143,2024-11-28,Estándar,Media,Completado,5005.62,Normal,2035.05,Ganancia Atípica,40.66,Papelería Flex 4,8,Oficina,Papelería,Altura
C0109,Martina Castillo,2022-08-20,183,Corporativo,39,Web,Norte,Coquimbo,2024-02-21,ORD-2023-00144,2023-02-19,Estándar,Media,Completado,6219.64,Normal,1477.21,Normal,23.75,Almacenamiento Flex 1,7,Muebles,Almacenamiento,Patagonia
C0123,Felipe Díaz,2024-07-14,229,Consumidor,100,App,Sur,Los Lagos,2025-01-30,ORD-2023-00145,2025-02-28,Segunda Clase,Crítica,Enviado,866.94,Normal,394.29,Normal,45.48,Periféricos Nova 7,3,Tecnología,Periféricos,Orion
C0123,Felipe Díaz,2024-07-14,229,Consumidor,100,App,Sur,Los Lagos,2025-01-30,ORD-2023-00145,2025-02-28,Segunda Clase,Baja,Enviado,2636.25,Normal,1214.65,Normal,46.07,Archivadores Plus 5,5,Oficina,Archivadores,Altura
C0123,Felipe Díaz,2024-07-14,229,Consumidor,100,App,Sur,Los Lagos,2025-01-30,ORD-2023-00145,2025-02-28,Segunda Clase,Crítica,Enviado,441.47,Normal,186.8,Normal,42.31,Etiquetas Pro 7,6,Oficina,Etiquetas,Orion
C0123,Felipe Díaz,2024-07-14,229,Consumidor,100,App,Sur,Los Lagos,2025-01-30,ORD-2023-00145,2025-02-28,Segunda Clase,Crítica,Enviado,3501.44,Normal,1326.17,Normal,37.87,Libreros Plus 1,5,Muebles,Libreros,Altura
C0189,Camila Sepúlveda,2021-10-09,1077,Consumidor,47,Teléfono,Centro,Maule,2024-01-24,ORD-2023-00146,2024-09-20,Primera Clase,Baja,Completado,111.07,Normal,3.42,Normal,3.08,Papelería Pro 3,3,Oficina,Papelería,Altura
C0189,Camila Sepúlveda,2021-10-09,1077,Consumidor,47,Teléfono,Centro,Maule,2024-01-24,ORD-2023-00146,2024-09-20,Primera Clase,Crítica,Completado,2617.09,Normal,724.58,Normal,27.69,Periféricos Nova 8,8,Tecnología,Periféricos,Andes
C0154,Ana Castillo,2022-11-03,211,Home Office,92,App,Sur,Los Ríos,2024-02-10,ORD-2023-00147,2023-06-02,Segunda Clase,Baja,Completado,408.92,Normal,158.59,Normal,38.78,Periféricos Nova 8,1,Tecnología,Periféricos,Andes
C0154,Ana Castillo,2022-11-03,211,Home Office,92,App,Sur,Los Ríos,2024-02-10,ORD-2023-00147,2023-06-02,Segunda Clase,Alta,Completado,2015.16,Normal,873.14,Normal,43.33,Libreros Smart 6,7,Muebles,Libreros,Lumen
C0154,Ana Castillo,2022-11-03,211,Home Office,92,App,Sur,Los Ríos,2024-02-10,ORD-2023-00147,2023-06-02,Segunda Clase,Baja,Completado,424.35,Normal,198.85,Normal,46.86,Sillas Pro 6,5,Muebles,Sillas,Nova
C0154,Ana Castillo,2022-11-03,211,Home Office,92,App,Sur,Los Ríos,2024-02-10,ORD-2023-00147,2023-06-02,Segunda Clase,Crítica,Completado,5588.0,Normal,1463.2,Normal,26.18,Teléfonos Plus 5,8,Tecnología,Teléfonos,Nova
C0024,Catalina Muñoz,2021-05-19,677,Consumidor,52,Web,Norte,Coquimbo,2024-08-26,ORD-2023-00148,2023-03-27,Mismo Día,Media,Completado,3362.22,Normal,1342.75,Normal,39.94,Almacenamiento Plus 10,5,Muebles,Almacenamiento,Patagonia
C0024,Catalina Muñoz,2021-05-19,677,Consumidor,52,Web,Norte,Coquimbo,2024-08-26,ORD-2023-00148,2023-03-27,Mismo Día,Alta,Completado,1386.39,Normal,663.93,Normal,47.89,Computadores Pro 8,3,Tecnología,Computadores,Lumen
C0024,Catalina Muñoz,2021-05-19,677,Consumidor,52,Web,Norte,Coquimbo,2024-08-26,ORD-2023-00148,2023-03-27,Mismo Día,Baja,Completado,725.84,Normal,270.92,Normal,37.33,Sobres Pro 2,2,Oficina,Sobres,Orion
C0024,Catalina Muñoz,2021-05-19,677,Consumidor,52,Web,Norte,Coquimbo,2024-08-26,ORD-2023-00148,2023-03-27,Mismo Día,Crítica,Completado,189.76,Normal,72.52,Normal,38.22,Mesas Smart 1,2,Muebles,Mesas,Orion
C0236,Fernanda Sepúlveda,2023-03-27,623,Home Office,42,Correo,Centro,Maule,2025-02-16,ORD-2023-00149,2024-12-09,Mismo Día,Media,Devuelto,2212.06,Normal,629.93,Normal,28.48,Papelería Plus 9,7,Oficina,Papelería,Vector
C0236,Fernanda Sepúlveda,2023-03-27,623,Home Office,42,Correo,Centro,Maule,2025-02-16,ORD-2023-00149,2024-12-09,Mismo Día,Media,Devuelto,40.24,Normal,16.56,Normal,41.15,Accesorios Smart 2,4,Tecnología,Accesorios,Vector
C0236,Fernanda Sepúlveda,2023-03-27,623,Home Office,42,Correo,Centro,Maule,2025-02-16,ORD-2023-00149,2024-12-09,Mismo Día,Media,Devuelto,57.3,Normal,22.39,Normal,39.08,Etiquetas Nova 10,1,Oficina,Etiquetas,Orion
C0124,Tomás González,2023-04-16,341,Home Office,38,Web,Sur,Los Ríos,2025-02-23,ORD-2023-00150,2024-03-22,Segunda Clase,Baja,Enviado,84.56,Normal,44.56,Normal,52.7,Archivadores Eco 9,8,Oficina,Archivadores,Orion
C0124,Tomás González,2023-04-16,341,Home Office,38,Web,Sur,Los Ríos,2025-02-23,ORD-2023-00150,2024-03-22,Segunda Clase,Crítica,Enviado,2095.5,Normal,548.7,Normal,26.18,Teléfonos Plus 5,3,Tecnología,Teléfonos,Nova
C0124,Tomás González,2023-04-16,341,Home Office,38,Web,Sur,Los Ríos,2025-02-23,ORD-2023-00150,2024-03-22,Segunda Clase,Media,Enviado,1995.84,Normal,522.48,Normal,26.18,Libreros Smart 3,8,Muebles,Libreros,Vector
C0104,Felipe Rojas,2024-07-13,-258,Home Office,29,Web,Norte,Coquimbo,2024-01-17,ORD-2023-00151,2023-10-29,Primera Clase,Alta,Completado,4594.58,Normal,879.73,Normal,19.15,Papelería Smart 1,7,Oficina,Papelería,Altura
C0019,Matías Torres,2023-12-27,139,Consumidor,26,App,Austral,Aysén,2024-10-20,ORD-2023-00152,2024-05-14,Mismo Día,Baja,Completado,510.74,Normal,91.72,Normal,17.96,Libreros Pro 8,1,Muebles,Libreros,Lumen
C0138,Gabriel Muñoz,2023-01-05,659,Corporativo,65,Teléfono,Austral,Magallanes,2024-09-25,ORD-2023-00153,2024-10-25,Primera Clase,Crítica,Completado,2344.3,Normal,265.43,Normal,11.32,Accesorios Plus 3,3,Tecnología,Accesorios,Altura
C0138,Gabriel Muñoz,2023-01-05,659,Corporativo,65,Teléfono,Austral,Magallanes,2024-09-25,ORD-2023-00153,2024-10-25,Primera Clase,Alta,Completado,4065.24,Normal,931.47,Normal,22.91,Sillas Eco 5,8,Muebles,Sillas,Lumen
C0138,Gabriel Muñoz,2023-01-05,659,Corporativo,65,Teléfono,Austral,Magallanes,2024-09-25,ORD-2023-00153,2024-10-25,Primera Clase,Crítica,Completado,1856.4,Normal,523.44,Normal,28.2,Sobres Nova 8,8,Oficina,Sobres,Alerce
C0138,Gabriel Muñoz,2023-01-05,659,Corporativo,65,Teléfono,Austral,Magallanes,2024-09-25,ORD-2023-00153,2024-10-25,Primera Clase,Media,Completado,346.58,Normal,-36.81,Normal,-10.62,Mesas Eco 4,6,Muebles,Mesas,Altura
C0107,Matías Díaz,2024-07-05,-262,Consumidor,43,App,Austral,Magallanes,2024-01-09,ORD-2023-00154,2023-10-17,Segunda Clase,Crítica,Completado,6355.2,Venta Extraordinaria,2823.92,Ganancia Atípica,44.43,Computadores Plus 1,8,Tecnología,Computadores,Andes
C0107,Matías Díaz,2024-07-05,-262,Consumidor,43,App,Austral,Magallanes,2024-01-09,ORD-2023-00154,2023-10-17,Segunda Clase,Baja,Completado,901.02,Normal,144.3,Normal,16.02,Periféricos Nova 9,4,Tecnología,Periféricos,Vector
C0184,Fernanda Soto,2022-10-01,359,Corporativo,82,Teléfono,Norte,Coquimbo,2025-02-15,ORD-2023-00155,2023-09-25,Estándar,Baja,Completado,5099.85,Normal,1963.01,Normal,38.49,Sillas Plus 4,7,Muebles,Sillas,Orion
C0288,Martina Contreras,2023-09-29,-42,Home Office,71,Teléfono,Centro,Metropolitana,2025-03-05,ORD-2023-00156,2023-08-18,Estándar,Crítica,Enviado,395.61,Normal,136.92,Normal,34.61,Sobres Pro 5,3,Oficina,Sobres,Alerce
C0288,Martina Contreras,2023-09-29,-42,Home Office,71,Teléfono,Centro,Metropolitana,2025-03-05,ORD-2023-00156,2023-08-18,Estándar,Baja,Enviado,4308.8,Normal,1559.76,Normal,36.2,Etiquetas Nova 3,8,Oficina,Etiquetas,Alerce
C0288,Martina Contreras,2023-09-29,-42,Home Office,71,Teléfono,Centro,Metropolitana,2025-03-05,ORD-2023-00156,2023-08-18,Estándar,Baja,Enviado,224.57,Normal,106.1,Normal,47.25,Etiquetas Eco 6,1,Oficina,Etiquetas,Vector
C0106,Paula Hernández,2022-09-01,492,Corporativo,49,Correo,Centro,Maule,2024-11-10,ORD-2023-00157,2024-01-06,Mismo Día,Baja,Completado,2521.39,Normal,994.16,Normal,39.43,Teléfonos Flex 10,6,Tecnología,Teléfonos,Lumen
C0104,Felipe Rojas,2024-07-13,-110,Home Office,29,Web,Norte,Coquimbo,2024-01-17,ORD-2023-00158,2024-03-25,Mismo Día,Crítica,Completado,1286.37,Normal,647.94,Normal,50.37,Libreros Pro 5,3,Muebles,Libreros,Nova
C0104,Felipe Rojas,2024-07-13,-110,Home Office,29,Web,Norte,Coquimbo,2024-01-17,ORD-2023-00158,2024-03-25,Mismo Día,Crítica,Completado,2791.32,Normal,708.24,Normal,25.37,Sillas Plus 7,4,Muebles,Sillas,Andes
C0104,Felipe Rojas,2024-07-13,-110,Home Office,29,Web,Norte,Coquimbo,2024-01-17,ORD-2023-00158,2024-03-25,Mismo Día,Crítica,Completado,2314.84,Normal,772.16,Normal,33.36,Etiquetas Eco 1,4,Oficina,Etiquetas,Nova
C0210,Diego López,2024-05-03,-19,Consumidor,49,Web,Austral,Aysén,2024-10-06,ORD-2023-00159,2024-04-14,Estándar,Alta,Completado,10.57,Normal,5.57,Normal,52.7,Archivadores Eco 9,1,Oficina,Archivadores,Orion
C0210,Diego López,2024-05-03,-19,Consumidor,49,Web,Austral,Aysén,2024-10-06,ORD-2023-00159,2024-04-14,Estándar,Baja,Completado,1185.96,Normal,104.87,Normal,8.84,Mesas Nova 2,3,Muebles,Mesas,Lumen
C0078,Ignacio Flores,2023-03-18,512,Consumidor,20,Web,Austral,Magallanes,2024-03-10,ORD-2023-00160,2024-08-11,Primera Clase,Baja,Devuelto,229.92,Normal,77.08,Normal,33.52,Sobres Pro 4,5,Oficina,Sobres,Vector
C0078,Ignacio Flores,2023-03-18,512,Consumidor,20,Web,Austral,Magallanes,2024-03-10,ORD-2023-00160,2024-08-11,Primera Clase,Crítica,Devuelto,1122.85,Normal,530.5,Normal,47.25,Etiquetas Eco 6,5,Oficina,Etiquetas,Vector
C0078,Ignacio Flores,2023-03-18,512,Consumidor,20,Web,Austral,Magallanes,2024-03-10,ORD-2023-00160,2024-08-11,Primera Clase,Crítica,Devuelto,148.09,Normal,0.24,Normal,0.16,Papelería Pro 3,4,Oficina,Papelería,Altura
C0078,Ignacio Flores,2023-03-18,512,Consumidor,20,Web,Austral,Magallanes,2024-03-10,ORD-2023-00160,2024-08-11,Primera Clase,Alta,Devuelto,189.43,Normal,39.69,Normal,20.95,Archivadores Smart 10,4,Oficina,Archivadores,Andes
C0200,Fernanda Pérez,2021-05-20,1333,Corporativo,66,Correo,Centro,Metropolitana,2024-09-12,ORD-2023-00161,2025-01-12,Primera Clase,Media,Completado,1529.36,Normal,627.51,Normal,41.03,Libreros Smart 6,5,Muebles,Libreros,Lumen
C0012,Sofía Soto,2023-05-15,-106,Home Office,59,Web,Norte,Tarapacá,2024-09-01,ORD-2023-00162,2023-01-29,Primera Clase,Alta,Completado,857.58,Normal,431.96,Normal,50.37,Libreros Pro 5,2,Muebles,Libreros,Nova
C0012,Sofía Soto,2023-05-15,-106,Home Office,59,Web,Norte,Tarapacá,2024-09-01,ORD-2023-00162,2023-01-29,Primera Clase,Baja,Completado,4922.76,Normal,1875.9,Normal,38.11,Papelería Smart 1,6,Oficina,Papelería,Altura
C0012,Sofía Soto,2023-05-15,-106,Home Office,59,Web,Norte,Tarapacá,2024-09-01,ORD-2023-00162,2023-01-29,Primera Clase,Media,Completado,1175.35,Normal,271.75,Normal,23.12,Mesas Nova 8,5,Muebles,Mesas,Andes
C0012,Sofía Soto,2023-05-15,-106,Home Office,59,Web,Norte,Tarapacá,2024-09-01,ORD-2023-00162,2023-01-29,Primera Clase,Media,Completado,2057.68,Normal,516.85,Normal,25.12,Etiquetas Nova 4,4,Oficina,Etiquetas,Altura
C0194,Gabriel Castillo,2023-01-12,521,Corporativo,65,Web,Sur,Los Lagos,2024-10-23,ORD-2023-00163,2024-06-16,Segunda Clase,Crítica,Completado,276.16,Normal,97.12,Normal,35.17,Mesas Smart 9,2,Muebles,Mesas,Andes
C0194,Gabriel Castillo,2023-01-12,521,Corporativo,65,Web,Sur,Los Lagos,2024-10-23,ORD-2023-00163,2024-06-16,Segunda Clase,Media,Completado,1103.46,Normal,380.2,Normal,34.46,Teléfonos Plus 1,2,Tecnología,Teléfonos,Lumen
C0194,Gabriel Castillo,2023-01-12,521,Corporativo,65,Web,Sur,Los Lagos,2024-10-23,ORD-2023-00163,2024-06-16,Segunda Clase,Crítica,Completado,2451.01,Normal,773.29,Normal,31.55,Libreros Plus 1,4,Muebles,Libreros,Altura
C0287,Felipe Contreras,2022-07-26,690,Consumidor,38,Teléfono,Norte,Coquimbo,2024-08-11,ORD-2023-00164,2024-06-15,Mismo Día,Media,Completado,1260.28,Normal,373.38,Normal,29.63,Archivadores Pro 4,7,Oficina,Archivadores,Alerce
C0287,Felipe Contreras,2022-07-26,690,Consumidor,38,Teléfono,Norte,Coquimbo,2024-08-11,ORD-2023-00164,2024-06-15,Mismo Día,Baja,Completado,1995.84,Normal,522.48,Normal,26.18,Libreros Smart 3,8,Muebles,Libreros,Vector
C0287,Felipe Contreras,2022-07-26,690,Consumidor,38,Teléfono,Norte,Coquimbo,2024-08-11,ORD-2023-00164,2024-06-15,Mismo Día,Media,Completado,983.14,Normal,60.39,Normal,6.14,Papelería Plus 9,4,Oficina,Papelería,Vector
C0287,Felipe Contreras,2022-07-26,690,Consumidor,38,Teléfono,Norte,Coquimbo,2024-08-11,ORD-2023-00164,2024-06-15,Mismo Día,Crítica,Completado,4133.88,Normal,1565.28,Normal,37.86,Almacenamiento Nova 2,6,Muebles,Almacenamiento,Patagonia
C0057,Luis Fuentes,2023-12-01,-211,Consumidor,56,App,Sur,Los Lagos,2024-09-07,ORD-2023-00165,2023-05-04,Segunda Clase,Baja,Completado,4006.85,Normal,1460.06,Normal,36.44,Periféricos Eco 10,6,Tecnología,Periféricos,Andes
C0057,Luis Fuentes,2023-12-01,-211,Consumidor,56,App,Sur,Los Lagos,2024-09-07,ORD-2023-00165,2023-05-04,Segunda Clase,Crítica,Completado,1286.07,Normal,467.22,Normal,36.33,Etiquetas Pro 2,3,Oficina,Etiquetas,Vector
C0057,Luis Fuentes,2023-12-01,-211,Consumidor,56,App,Sur,Los Lagos,2024-09-07,ORD-2023-00165,2023-05-04,Segunda Clase,Crítica,Completado,1408.9,Normal,708.81,Normal,50.31,Accesorios Nova 7,5,Tecnología,Accesorios,Alerce
C0002,Valentina Muñoz,2023-07-30,-85,Home Office,58,Web,Austral,Aysén,2024-06-21,ORD-2023-00166,2023-05-06,Primera Clase,Media,Completado,3716.11,Normal,815.02,Normal,21.93,Sobres Flex 6,6,Oficina,Sobres,Patagonia
C0002,Valentina Muñoz,2023-07-30,-85,Home Office,58,Web,Austral,Aysén,2024-06-21,ORD-2023-00166,2023-05-06,Primera Clase,Crítica,Completado,491.21,Normal,-24.41,Normal,-4.97,Archivadores Nova 8,3,Oficina,Archivadores,Lumen
C0002,Valentina Muñoz,2023-07-30,-85,Home Office,58,Web,Austral,Aysén,2024-06-21,ORD-2023-00166,2023-05-06,Primera Clase,Crítica,Completado,2966.34,Normal,1495.92,Normal,50.43,Teléfonos Flex 10,6,Tecnología,Teléfonos,Lumen
C0002,Valentina Muñoz,2023-07-30,-85,Home Office,58,Web,Austral,Aysén,2024-06-21,ORD-2023-00166,2023-05-06,Primera Clase,Baja,Completado,773.22,Normal,266.3,Normal,34.44,Sillas Nova 10,4,Muebles,Sillas,Lumen
C0227,Diego Díaz,2022-05-04,995,Consumidor,91,Correo,Sur,Los Ríos,2024-09-06,ORD-2023-00167,2025-01-23,Estándar,Baja,Enviado,1377.96,Normal,521.76,Normal,37.86,Almacenamiento Nova 2,2,Muebles,Almacenamiento,Patagonia
C0227,Diego Díaz,2022-05-04,995,Consumidor,91,Correo,Sur,Los Ríos,2024-09-06,ORD-2023-00167,2025-01-23,Estándar,Baja,Enviado,489.33,Normal,8.95,Normal,1.83,Almacenamiento Eco 3,4,Muebles,Almacenamiento,Orion
C0227,Diego Díaz,2022-05-04,995,Consumidor,91,Correo,Sur,Los Ríos,2024-09-06,ORD-2023-00167,2025-01-23,Estándar,Media,Enviado,2337.9,Normal,1189.8,Normal,50.89,Teléfonos Pro 6,3,Tecnología,Teléfonos,Orion
C0126,Jorge Hernández,2021-10-24,1283,Home Office,34,Correo,Centro,Valparaíso,2025-03-24,ORD-2023-00168,2025-04-29,Estándar,Baja,Completado,345.9,Normal,-53.26,Normal,-15.4,Mesas Nova 2,1,Muebles,Mesas,Lumen
C0126,Jorge Hernández,2021-10-24,1283,Home Office,34,Correo,Centro,Valparaíso,2025-03-24,ORD-2023-00168,2025-04-29,Estándar,Alta,Completado,5099.85,Normal,1963.01,Normal,38.49,Sillas Plus 4,7,Muebles,Sillas,Orion
C0126,Jorge Hernández,2021-10-24,1283,Home Office,34,Correo,Centro,Valparaíso,2025-03-24,ORD-2023-00168,2025-04-29,Estándar,Baja,Completado,1445.6,Normal,385.85,Normal,26.69,Sillas Smart 9,5,Muebles,Sillas,Orion
C0278,Fernanda Castillo,2021-11-29,570,Corporativo,88,Correo,Sur,Los Lagos,2025-03-03,ORD-2023-00169,2023-06-22,Segunda Clase,Alta,Enviado,2221.11,Normal,644.4,Normal,29.01,Papelería Flex 7,3,Oficina,Papelería,Andes
C0278,Fernanda Castillo,2021-11-29,570,Corporativo,88,Correo,Sur,Los Lagos,2025-03-03,ORD-2023-00169,2023-06-22,Segunda Clase,Baja,Enviado,807.35,Normal,404.48,Normal,50.1,Computadores Nova 4,1,Tecnología,Computadores,Vector
C0278,Fernanda Castillo,2021-11-29,570,Corporativo,88,Correo,Sur,Los Lagos,2025-03-03,ORD-2023-00169,2023-06-22,Segunda Clase,Alta,Enviado,370.85,Normal,54.56,Normal,14.71,Sillas Eco 1,3,Muebles,Sillas,Vector
C0278,Fernanda Castillo,2021-11-29,570,Corporativo,88,Correo,Sur,Los Lagos,2025-03-03,ORD-2023-00169,2023-06-22,Segunda Clase,Media,Enviado,578.24,Normal,154.34,Normal,26.69,Sillas Smart 9,2,Muebles,Sillas,Orion
C0253,Jorge Torres,2023-01-10,511,Consumidor,69,Teléfono,Centro,Maule,2024-10-09,ORD-2023-00170,2024-06-04,Primera Clase,Crítica,Cancelado,1108.03,Normal,453.11,Normal,40.89,Mesas Smart 10,7,Muebles,Mesas,Vector
C0253,Jorge Torres,2023-01-10,511,Consumidor,69,Teléfono,Centro,Maule,2024-10-09,ORD-2023-00170,2024-06-04,Primera Clase,Baja,Cancelado,2363.44,Normal,1289.68,Normal,54.57,Papelería Eco 2,4,Oficina,Papelería,Orion
C0253,Jorge Torres,2023-01-10,511,Consumidor,69,Teléfono,Centro,Maule,2024-10-09,ORD-2023-00170,2024-06-04,Primera Clase,Crítica,Cancelado,1953.69,Normal,428.42,Normal,21.93,Periféricos Eco 2,3,Tecnología,Periféricos,Vector
C0043,Carlos Pérez,2021-08-25,1145,Corporativo,80,Web,Austral,Magallanes,2024-11-01,ORD-2023-00171,2024-10-13,Segunda Clase,Crítica,Completado,3272.51,Normal,239.22,Normal,7.31,Libreros Smart 9,7,Muebles,Libreros,Patagonia
C0043,Carlos Pérez,2021-08-25,1145,Corporativo,80,Web,Austral,Magallanes,2024-11-01,ORD-2023-00171,2024-10-13,Segunda Clase,Crítica,Completado,387.25,Normal,174.95,Normal,45.18,Etiquetas Pro 7,5,Oficina,Etiquetas,Orion
C0140,Ignacio López,2024-10-31,-57,Home Office,73,App,Centro,Maule,2024-07-28,ORD-2023-00172,2024-09-04,Primera Clase,Baja,Completado,2661.8,Normal,1306.55,Normal,49.09,Almacenamiento Plus 5,5,Muebles,Almacenamiento,Nova
C0140,Ignacio López,2024-10-31,-57,Home Office,73,App,Centro,Maule,2024-07-28,ORD-2023-00172,2024-09-04,Primera Clase,Media,Completado,379.38,Normal,-5.97,Normal,-1.57,Periféricos Nova 9,2,Tecnología,Periféricos,Vector
C0285,Camila Flores,2024-09-18,-340,Corporativo,77,Correo,Sur,La Araucanía,2025-01-16,ORD-2023-00173,2023-10-14,Primera Clase,Alta,Enviado,1922.69,Normal,272.48,Normal,14.17,Archivadores Smart 7,8,Oficina,Archivadores,Altura
C0285,Camila Flores,2024-09-18,-340,Corporativo,77,Correo,Sur,La Araucanía,2025-01-16,ORD-2023-00173,2023-10-14,Primera Clase,Alta,Enviado,2039.94,Normal,86.95,Normal,4.26,Sillas Plus 4,4,Muebles,Sillas,Orion
C0285,Camila Flores,2024-09-18,-340,Corporativo,77,Correo,Sur,La Araucanía,2025-01-16,ORD-2023-00173,2023-10-14,Primera Clase,Baja,Enviado,2604.78,Normal,549.48,Normal,21.1,Accesorios Plus 3,3,Tecnología,Accesorios,Altura
C0005,Daniela Rodríguez,2023-01-29,660,Consumidor,36,Teléfono,Austral,Magallanes,2024-04-08,ORD-2023-00174,2024-11-19,Estándar,Alta,Enviado,467.5,Normal,-16.35,Normal,-3.5,Libreros Smart 9,1,Muebles,Libreros,Patagonia
C0193,Paula Fuentes,2021-08-24,1342,Corporativo,12,Correo,Centro,Valparaíso,2024-10-10,ORD-2023-00175,2025-04-27,Estándar,Baja,Enviado,1751.2,Normal,-40.58,Normal,-2.32,Sillas Plus 8,4,Muebles,Sillas,Orion
C0193,Paula Fuentes,2021-08-24,1342,Corporativo,12,Correo,Centro,Valparaíso,2024-10-10,ORD-2023-00175,2025-04-27,Estándar,Alta,Enviado,994.12,Normal,193.12,Normal,19.43,Archivadores Nova 8,5,Oficina,Archivadores,Lumen
C0193,Paula Fuentes,2021-08-24,1342,Corporativo,12,Correo,Centro,Valparaíso,2024-10-10,ORD-2023-00175,2025-04-27,Estándar,Alta,Enviado,2299.76,Normal,706.51,Normal,30.72,Etiquetas Nova 4,4,Oficina,Etiquetas,Altura
C0193,Paula Fuentes,2021-08-24,1342,Corporativo,12,Correo,Centro,Valparaíso,2024-10-10,ORD-2023-00175,2025-04-27,Estándar,Media,Enviado,3120.84,Normal,150.38,Normal,4.82,Accesorios Flex 5,5,Tecnología,Accesorios,Vector
C0004,Nicolás Silva,2021-06-13,767,Corporativo,22,App,Sur,Los Lagos,2024-12-11,ORD-2023-00176,2023-07-20,Primera Clase,Media,Completado,1724.88,Normal,868.56,Normal,50.35,Computadores Pro 2,4,Tecnología,Computadores,Altura
C0004,Nicolás Silva,2021-06-13,767,Corporativo,22,App,Sur,Los Lagos,2024-12-11,ORD-2023-00176,2023-07-20,Primera Clase,Media,Completado,1412.98,Normal,619.94,Normal,43.87,Archivadores Pro 6,2,Oficina,Archivadores,Patagonia
C0004,Nicolás Silva,2021-06-13,767,Corporativo,22,App,Sur,Los Lagos,2024-12-11,ORD-2023-00176,2023-07-20,Primera Clase,Baja,Completado,2892.8,Normal,990.82,Normal,34.25,Sobres Smart 3,5,Oficina,Sobres,Patagonia
C0004,Nicolás Silva,2021-06-13,767,Corporativo,22,App,Sur,Los Lagos,2024-12-11,ORD-2023-00176,2023-07-20,Primera Clase,Crítica,Completado,1228.92,Normal,174.79,Normal,14.22,Papelería Plus 9,5,Oficina,Papelería,Vector
C0027,Carlos Díaz,2023-06-02,178,Home Office,64,Teléfono,Sur,La Araucanía,2024-12-26,ORD-2023-00177,2023-11-27,Estándar,Media,Completado,903.06,Normal,213.96,Normal,23.69,Libreros Eco 4,6,Muebles,Libreros,Andes
C0027,Carlos Díaz,2023-06-02,178,Home Office,64,Teléfono,Sur,La Araucanía,2024-12-26,ORD-2023-00177,2023-11-27,Estándar,Alta,Completado,1252.36,Normal,530.4,Normal,42.35,Accesorios Nova 7,5,Tecnología,Accesorios,Alerce
C0027,Carlos Díaz,2023-06-02,178,Home Office,64,Teléfono,Sur,La Araucanía,2024-12-26,ORD-2023-00177,2023-11-27,Estándar,Baja,Completado,2964.84,Normal,1501.65,Normal,50.65,Accesorios Flex 1,7,Tecnología,Accesorios,Alerce
C0027,Carlos Díaz,2023-06-02,178,Home Office,64,Teléfono,Sur,La Araucanía,2024-12-26,ORD-2023-00177,2023-11-27,Estándar,Media,Completado,1687.2,Normal,472.68,Normal,28.02,Archivadores Plus 5,4,Oficina,Archivadores,Altura
C0101,Ana Flores,2022-07-16,337,Consumidor,16,Web,Norte,Tarapacá,2024-05-21,ORD-2023-00178,2023-06-18,Mismo Día,Crítica,Completado,619.6,Normal,255.88,Normal,41.3,Almacenamiento Eco 6,6,Muebles,Almacenamiento,Patagonia
C0123,Felipe Díaz,2024-07-14,-212,Consumidor,100,App,Sur,Los Lagos,2025-01-30,ORD-2023-00179,2023-12-15,Segunda Clase,Baja,Completado,327.47,Normal,-6.02,Normal,-1.84,Archivadores Nova 8,2,Oficina,Archivadores,Lumen
C0123,Felipe Díaz,2024-07-14,-212,Consumidor,100,App,Sur,Los Lagos,2025-01-30,ORD-2023-00179,2023-12-15,Segunda Clase,Baja,Completado,317.28,Normal,48.01,Normal,15.13,Accesorios Plus 8,1,Tecnología,Accesorios,Andes
C0123,Felipe Díaz,2024-07-14,-212,Consumidor,100,App,Sur,Los Lagos,2025-01-30,ORD-2023-00179,2023-12-15,Segunda Clase,Crítica,Completado,1736.13,Normal,579.12,Normal,33.36,Etiquetas Eco 1,3,Oficina,Etiquetas,Nova
C0123,Felipe Díaz,2024-07-14,-212,Consumidor,100,App,Sur,Los Lagos,2025-01-30,ORD-2023-00179,2023-12-15,Segunda Clase,Baja,Completado,1659.77,Normal,337.4,Normal,20.33,Periféricos Nova 9,7,Tecnología,Periféricos,Vector
C0287,Felipe Contreras,2022-07-26,212,Consumidor,38,Teléfono,Norte,Coquimbo,2024-08-11,ORD-2023-00180,2023-02-23,Mismo Día,Baja,Completado,676.59,Normal,15.72,Normal,2.32,Mesas Smart 9,7,Muebles,Mesas,Andes
C0174,Nicolás Martínez,2021-11-09,1084,Corporativo,18,Correo,Sur,Los Lagos,2024-12-26,ORD-2023-00181,2024-10-28,Primera Clase,Baja,Completado,156.14,Normal,84.2,Normal,53.93,Teléfonos Pro 4,2,Tecnología,Teléfonos,Alerce
C0174,Nicolás Martínez,2021-11-09,1084,Corporativo,18,Correo,Sur,Los Lagos,2024-12-26,ORD-2023-00181,2024-10-28,Primera Clase,Alta,Completado,458.96,Normal,211.84,Normal,46.16,Almacenamiento Eco 6,4,Muebles,Almacenamiento,Patagonia
C0182,Benjamín Pérez,2024-09-08,-185,Home Office,18,Correo,Centro,O'Higgins,2024-09-19,ORD-2023-00182,2024-03-07,Segunda Clase,Alta,Completado,1070.82,Normal,241.23,Normal,22.53,Accesorios Plus 8,3,Tecnología,Accesorios,Andes
C0160,Andrés Flores,2023-01-05,593,Home Office,60,Web,Sur,Los Ríos,2024-11-05,ORD-2023-00183,2024-08-20,Primera Clase,Media,Completado,2453.52,Normal,951.54,Normal,38.78,Periféricos Nova 8,6,Tecnología,Periféricos,Andes
C0160,Andrés Flores,2023-01-05,593,Home Office,60,Web,Sur,Los Ríos,2024-11-05,ORD-2023-00183,2024-08-20,Primera Clase,Media,Completado,1586.4,Normal,485.64,Normal,30.61,Accesorios Plus 8,4,Tecnología,Accesorios,Andes
C0160,Andrés Flores,2023-01-05,593,Home Office,60,Web,Sur,Los Ríos,2024-11-05,ORD-2023-00183,2024-08-20,Primera Clase,Crítica,Completado,1909.36,Normal,396.76,Normal,20.78,Computadores Plus 6,4,Tecnología,Computadores,Lumen
C0240,Sebastián Castillo,2024-01-23,227,Consumidor,51,Teléfono,Centro,Metropolitana,2024-11-13,ORD-2023-00184,2024-09-06,Mismo Día,Baja,Completado,624.56,Normal,336.8,Normal,53.93,Teléfonos Pro 4,8,Tecnología,Teléfonos,Alerce
C0240,Sebastián Castillo,2024-01-23,227,Consumidor,51,Teléfono,Centro,Metropolitana,2024-11-13,ORD-2023-00184,2024-09-06,Mismo Día,Media,Completado,2245.27,Normal,1173.09,Normal,52.25,Papelería Eco 2,4,Oficina,Papelería,Orion
C0123,Felipe Díaz,2024-07-14,-68,Consumidor,100,App,Sur,Los Lagos,2025-01-30,ORD-2023-00185,2024-05-07,Mismo Día,Alta,Enviado,686.25,Normal,307.12,Normal,44.75,Computadores Nova 4,1,Tecnología,Computadores,Vector
C0123,Felipe Díaz,2024-07-14,-68,Consumidor,100,App,Sur,Los Lagos,2025-01-30,ORD-2023-00185,2024-05-07,Mismo Día,Media,Enviado,56.24,Normal,16.62,Normal,29.55,Accesorios Eco 4,2,Tecnología,Accesorios,Orion
C0123,Felipe Díaz,2024-07-14,-68,Consumidor,100,App,Sur,Los Lagos,2025-01-30,ORD-2023-00185,2024-05-07,Mismo Día,Media,Enviado,4922.76,Normal,1875.9,Normal,38.11,Papelería Smart 1,6,Oficina,Papelería,Altura
C0123,Felipe Díaz,2024-07-14,-68,Consumidor,100,App,Sur,Los Lagos,2025-01-30,ORD-2023-00185,2024-05-07,Mismo Día,Alta,Enviado,2386.7,Normal,495.95,Normal,20.78,Computadores Plus 6,5,Tecnología,Computadores,Lumen
C0090,Daniela Fuentes,2024-04-28,-136,Home Office,51,Teléfono,Centro,Maule,2024-09-27,ORD-2023-00186,2023-12-14,Estándar,Media,Completado,1490.92,Normal,351.94,Normal,23.61,Sobres Eco 7,2,Oficina,Sobres,Vector
C0090,Daniela Fuentes,2024-04-28,-136,Home Office,51,Teléfono,Centro,Maule,2024-09-27,ORD-2023-00186,2023-12-14,Estándar,Alta,Completado,491.5,Normal,52.47,Normal,10.68,Sillas Smart 9,2,Muebles,Sillas,Orion
C0090,Daniela Fuentes,2024-04-28,-136,Home Office,51,Teléfono,Centro,Maule,2024-09-27,ORD-2023-00186,2023-12-14,Estándar,Media,Completado,469.47,Normal,101.14,Normal,21.54,Mesas Smart 9,4,Muebles,Mesas,Andes
C0270,Ana Rojas,2023-11-02,513,Corporativo,40,Correo,Norte,Tarapacá,2025-03-11,ORD-2023-00187,2025-03-29,Estándar,Crítica,Enviado,1735.68,Normal,618.46,Normal,35.63,Sobres Smart 3,3,Oficina,Sobres,Patagonia
C0270,Ana Rojas,2023-11-02,513,Corporativo,40,Correo,Norte,Tarapacá,2025-03-11,ORD-2023-00187,2025-03-29,Estándar,Media,Enviado,1790.71,Normal,387.27,Normal,21.63,Papelería Plus 9,6,Oficina,Papelería,Vector
C0024,Catalina Muñoz,2021-05-19,1373,Consumidor,52,Web,Norte,Coquimbo,2024-08-26,ORD-2023-00188,2025-02-20,Primera Clase,Alta,Enviado,2227.24,Normal,720.4,Normal,32.34,Sillas Flex 2,4,Muebles,Sillas,Vector
C0024,Catalina Muñoz,2021-05-19,1373,Consumidor,52,Web,Norte,Coquimbo,2024-08-26,ORD-2023-00188,2025-02-20,Primera Clase,Baja,Enviado,952.66,Normal,321.52,Normal,33.75,Sobres Pro 2,3,Oficina,Sobres,Orion
C0241,Fernanda Sepúlveda,2023-07-03,626,Corporativo,31,Correo,Sur,La Araucanía,2024-05-09,ORD-2023-00189,2025-03-20,Mismo Día,Alta,Completado,1204.08,Normal,285.28,Normal,23.69,Libreros Eco 4,8,Muebles,Libreros,Andes
C0241,Fernanda Sepúlveda,2023-07-03,626,Corporativo,31,Correo,Sur,La Araucanía,2024-05-09,ORD-2023-00189,2025-03-20,Mismo Día,Crítica,Completado,3575.21,Normal,270.33,Normal,7.56,Libreros Pro 8,8,Muebles,Libreros,Lumen
C0241,Fernanda Sepúlveda,2023-07-03,626,Corporativo,31,Correo,Sur,La Araucanía,2024-05-09,ORD-2023-00189,2025-03-20,Mismo Día,Media,Completado,561.32,Normal,296.19,Normal,52.77,Papelería Eco 2,1,Oficina,Papelería,Orion
C0232,Catalina López,2022-06-04,451,Corporativo,55,Web,Austral,Aysén,2024-05-20,ORD-2023-00190,2023-08-29,Segunda Clase,Alta,Enviado,1766.7,Normal,381.74,Normal,21.61,Periféricos Nova 3,2,Tecnología,Periféricos,Altura
C0232,Catalina López,2022-06-04,451,Corporativo,55,Web,Austral,Aysén,2024-05-20,ORD-2023-00190,2023-08-29,Segunda Clase,Crítica,Enviado,2940.12,Normal,982.4,Normal,33.41,Mesas Smart 7,6,Muebles,Mesas,Patagonia
C0232,Catalina López,2022-06-04,451,Corporativo,55,Web,Austral,Aysén,2024-05-20,ORD-2023-00190,2023-08-29,Segunda Clase,Crítica,Enviado,1727.28,Normal,686.8,Normal,39.76,Libreros Smart 6,6,Muebles,Libreros,Lumen
C0210,Diego López,2024-05-03,-112,Consumidor,49,Web,Austral,Aysén,2024-10-06,ORD-2023-00191,2024-01-12,Estándar,Baja,Completado,3476.0,Normal,1876.1,Normal,53.97,Computadores Flex 10,5,Tecnología,Computadores,Alerce
C0210,Diego López,2024-05-03,-112,Consumidor,49,Web,Austral,Aysén,2024-10-06,ORD-2023-00191,2024-01-12,Estándar,Baja,Completado,736.06,Normal,221.44,Normal,30.08,Periféricos Nova 8,2,Tecnología,Periféricos,Andes
C0210,Diego López,2024-05-03,-112,Consumidor,49,Web,Austral,Aysén,2024-10-06,ORD-2023-00191,2024-01-12,Estándar,Media,Completado,1324.81,Normal,602.59,Normal,45.49,Teléfonos Pro 6,2,Tecnología,Teléfonos,Orion
C0210,Diego López,2024-05-03,-112,Consumidor,49,Web,Austral,Aysén,2024-10-06,ORD-2023-00191,2024-01-12,Estándar,Alta,Completado,2395.64,Normal,815.39,Normal,34.04,Sillas Smart 3,4,Muebles,Sillas,Altura
C0098,Jorge Díaz,2022-01-30,1058,Home Office,25,Teléfono,Centro,Maule,2025-02-25,ORD-2023-00192,2024-12-23,Primera Clase,Baja,Devuelto,1387.1,Normal,379.96,Normal,27.39,Periféricos Nova 7,6,Tecnología,Periféricos,Orion
C0098,Jorge Díaz,2022-01-30,1058,Home Office,25,Teléfono,Centro,Maule,2025-02-25,ORD-2023-00192,2024-12-23,Primera Clase,Media,Devuelto,2100.86,Normal,766.85,Normal,36.5,Libreros Plus 1,3,Muebles,Libreros,Altura
C0098,Jorge Díaz,2022-01-30,1058,Home Office,25,Teléfono,Centro,Maule,2025-02-25,ORD-2023-00192,2024-12-23,Primera Clase,Baja,Devuelto,3893.12,Normal,1439.62,Normal,36.98,Computadores Flex 10,8,Tecnología,Computadores,Alerce
C0161,Carlos Hernández,2024-09-19,-435,Consumidor,92,App,Sur,Los Lagos,2024-01-21,ORD-2023-00193,2023-07-12,Segunda Clase,Media,Completado,51.27,Normal,17.64,Normal,34.41,Etiquetas Nova 10,1,Oficina,Etiquetas,Orion
C0161,Carlos Hernández,2024-09-19,-435,Consumidor,92,App,Sur,Los Lagos,2024-01-21,ORD-2023-00193,2023-07-12,Segunda Clase,Alta,Completado,519.41,Normal,61.19,Normal,11.78,Periféricos Eco 10,1,Tecnología,Periféricos,Andes
C0161,Carlos Hernández,2024-09-19,-435,Consumidor,92,App,Sur,Los Lagos,2024-01-21,ORD-2023-00193,2023-07-12,Segunda Clase,Crítica,Completado,2331.36,Normal,556.2,Normal,23.86,Sillas Plus 4,4,Muebles,Sillas,Orion
C0161,Carlos Hernández,2024-09-19,-435,Consumidor,92,App,Sur,Los Lagos,2024-01-21,ORD-2023-00193,2023-07-12,Segunda Clase,Baja,Completado,994.12,Normal,165.37,Normal,16.63,Archivadores Nova 8,5,Oficina,Archivadores,Lumen
C0072,Sofía Pérez,2023-02-24,103,Consumidor,100,App,Centro,Maule,2024-06-25,ORD-2023-00194,2023-06-07,Mismo Día,Baja,Enviado,151.81,Normal,39.3,Normal,25.89,Mesas Smart 1,2,Muebles,Mesas,Orion
C0072,Sofía Pérez,2023-02-24,103,Consumidor,100,App,Centro,Maule,2024-06-25,ORD-2023-00194,2023-06-07,Mismo Día,Baja,Enviado,5073.12,Normal,1919.79,Normal,37.84,Sillas Smart 3,8,Muebles,Sillas,Altura
C0284,Sebastián Contreras,2023-10-25,-116,Corporativo,17,Correo,Austral,Aysén,2024-02-10,ORD-2023-00195,2023-07-01,Estándar,Alta,Completado,5435.51,Normal,2298.67,Ganancia Atípica,42.29,Accesorios Flex 9,7,Tecnología,Accesorios,Patagonia
C0284,Sebastián Contreras,2023-10-25,-116,Corporativo,17,Correo,Austral,Aysén,2024-02-10,ORD-2023-00195,2023-07-01,Estándar,Baja,Completado,1041.61,Normal,38.66,Normal,3.71,Papelería Smart 5,2,Oficina,Papelería,Alerce
C0088,Benjamín Fuentes,2021-08-05,848,Corporativo,56,Correo,Centro,O'Higgins,2024-03-01,ORD-2023-00196,2023-12-01,Estándar,Media,Completado,745.09,Normal,240.24,Normal,32.24,Libreros Plus 2,2,Muebles,Libreros,Vector
C0088,Benjamín Fuentes,2021-08-05,848,Corporativo,56,Correo,Centro,O'Higgins,2024-03-01,ORD-2023-00196,2023-12-01,Estándar,Crítica,Completado,921.06,Normal,270.32,Normal,29.35,Teléfonos Plus 7,4,Tecnología,Teléfonos,Alerce
C0088,Benjamín Fuentes,2021-08-05,848,Corporativo,56,Correo,Centro,O'Higgins,2024-03-01,ORD-2023-00196,2023-12-01,Estándar,Crítica,Completado,3773.4,Normal,1566.15,Normal,41.51,Computadores Plus 1,5,Tecnología,Computadores,Andes
C0088,Benjamín Fuentes,2021-08-05,848,Corporativo,56,Correo,Centro,O'Higgins,2024-03-01,ORD-2023-00196,2023-12-01,Estándar,Crítica,Completado,3508.8,Normal,1825.56,Normal,52.03,Periféricos Nova 6,4,Tecnología,Periféricos,Patagonia
C0033,Ana López,2023-07-21,643,Corporativo,64,Teléfono,Norte,Tarapacá,2024-09-01,ORD-2023-00197,2025-04-24,Primera Clase,Alta,Completado,1104.64,Normal,388.48,Normal,35.17,Mesas Smart 9,8,Muebles,Mesas,Andes
C0033,Ana López,2023-07-21,643,Corporativo,64,Teléfono,Norte,Tarapacá,2024-09-01,ORD-2023-00197,2025-04-24,Primera Clase,Alta,Completado,359.65,Normal,68.89,Normal,19.15,Papelería Pro 3,8,Oficina,Papelería,Altura
C0033,Ana López,2023-07-21,643,Corporativo,64,Teléfono,Norte,Tarapacá,2024-09-01,ORD-2023-00197,2025-04-24,Primera Clase,Crítica,Completado,227.71,Normal,57.56,Normal,25.28,Mesas Smart 1,3,Muebles,Mesas,Orion
C0033,Ana López,2023-07-21,643,Corporativo,64,Teléfono,Norte,Tarapacá,2024-09-01,ORD-2023-00197,2025-04-24,Primera Clase,Baja,Completado,724.89,Normal,335.37,Normal,46.26,Sillas Nova 10,3,Muebles,Sillas,Lumen
C0123,Felipe Díaz,2024-07-14,-399,Consumidor,100,App,Sur,Los Lagos,2025-01-30,ORD-2023-00198,2023-06-11,Estándar,Baja,Completado,4770.94,Normal,-19.89,Normal,-0.42,Sobres Eco 7,8,Oficina,Sobres,Vector
C0123,Felipe Díaz,2024-07-14,-399,Consumidor,100,App,Sur,Los Lagos,2025-01-30,ORD-2023-00198,2023-06-11,Estándar,Alta,Completado,1250.86,Normal,281.32,Normal,22.49,Sillas Plus 8,2,Muebles,Sillas,Orion
C0210,Diego López,2024-05-03,-27,Consumidor,49,Web,Austral,Aysén,2024-10-06,ORD-2023-00199,2024-04-06,Estándar,Crítica,Completado,1387.78,Normal,66.7,Normal,4.81,Sillas Smart 9,6,Muebles,Sillas,Orion
C0210,Diego López,2024-05-03,-27,Consumidor,49,Web,Austral,Aysén,2024-10-06,ORD-2023-00199,2024-04-06,Estándar,Media,Completado,802.5,Normal,265.44,Normal,33.08,Accesorios Flex 5,1,Tecnología,Accesorios,Vector
C0210,Diego López,2024-05-03,-27,Consumidor,49,Web,Austral,Aysén,2024-10-06,ORD-2023-00199,2024-04-06,Estándar,Baja,Completado,3118.14,Normal,125.11,Normal,4.01,Sillas Flex 2,8,Muebles,Sillas,Vector
C0210,Diego López,2024-05-03,-27,Consumidor,49,Web,Austral,Aysén,2024-10-06,ORD-2023-00199,2024-04-06,Estándar,Alta,Completado,2487.86,Normal,-68.68,Normal,-2.76,Almacenamiento Flex 1,4,Muebles,Almacenamiento,Patagonia
C0083,Sofía Torres,2021-08-23,670,Home Office,69,App,Centro,Maule,2024-07-11,ORD-2023-00200,2023-06-24,Estándar,Media,Completado,862.44,Normal,434.28,Normal,50.35,Computadores Pro 2,2,Tecnología,Computadores,Altura
C0083,Sofía Torres,2021-08-23,670,Home Office,69,App,Centro,Maule,2024-07-11,ORD-2023-00200,2023-06-24,Estándar,Baja,Completado,3094.86,Normal,1142.34,Normal,36.91,Mesas Smart 7,6,Muebles,Mesas,Patagonia
C0083,Sofía Torres,2021-08-23,670,Home Office,69,App,Centro,Maule,2024-07-11,ORD-2023-00200,2023-06-24,Estándar,Baja,Completado,369.24,Normal,11.86,Normal,3.21,Sobres Pro 5,4,Oficina,Sobres,Alerce
C0083,Sofía Torres,2021-08-23,670,Home Office,69,App,Centro,Maule,2024-07-11,ORD-2023-00200,2023-06-24,Estándar,Baja,Completado,845.71,Normal,261.39,Normal,30.91,Sillas Nova 10,5,Muebles,Sillas,Lumen
C0025,Jorge Martínez,2023-09-22,526,Home Office,79,App,Centro,Valparaíso,2024-03-22,ORD-2023-00201,2025-03-01,Primera Clase,Baja,Cancelado,270.78,Normal,114.51,Normal,42.29,Teléfonos Flex 2,1,Tecnología,Teléfonos,Vector
C0025,Jorge Martínez,2023-09-22,526,Home Office,79,App,Centro,Valparaíso,2024-03-22,ORD-2023-00201,2025-03-01,Primera Clase,Baja,Cancelado,2914.2,Normal,1121.72,Normal,38.49,Sillas Plus 4,4,Muebles,Sillas,Orion
C0086,Josefa Silva,2022-09-10,854,Consumidor,82,Web,Sur,La Araucanía,2024-03-09,ORD-2023-00202,2025-01-11,Primera Clase,Baja,Enviado,2531.55,Normal,893.48,Normal,35.29,Almacenamiento Plus 10,4,Muebles,Almacenamiento,Patagonia
C0086,Josefa Silva,2022-09-10,854,Consumidor,82,Web,Sur,La Araucanía,2024-03-09,ORD-2023-00202,2025-01-11,Primera Clase,Media,Enviado,2780.8,Normal,1500.88,Normal,53.97,Computadores Flex 10,4,Tecnología,Computadores,Alerce
C0008,Jorge Muñoz,2023-04-02,320,Corporativo,18,Teléfono,Centro,Maule,2024-09-20,ORD-2023-00203,2024-02-16,Segunda Clase,Media,Completado,4416.72,Normal,2307.36,Ganancia Atípica,52.24,Papelería Flex 4,6,Oficina,Papelería,Altura
C0008,Jorge Muñoz,2023-04-02,320,Corporativo,18,Teléfono,Centro,Maule,2024-09-20,ORD-2023-00203,2024-02-16,Segunda Clase,Baja,Completado,1297.48,Normal,-3.52,Normal,-0.27,Mesas Eco 3,5,Muebles,Mesas,Alerce
C0008,Jorge Muñoz,2023-04-02,320,Corporativo,18,Teléfono,Centro,Maule,2024-09-20,ORD-2023-00203,2024-02-16,Segunda Clase,Alta,Completado,1664.06,Normal,703.32,Normal,42.27,Archivadores Nova 2,3,Oficina,Archivadores,Alerce
C0199,Javiera Torres,2024-02-29,270,Corporativo,97,Correo,Sur,Los Lagos,2025-03-02,ORD-2023-00204,2024-11-25,Primera Clase,Crítica,Completado,5176.68,Normal,2427.06,Ganancia Atípica,46.88,Accesorios Flex 9,6,Tecnología,Accesorios,Patagonia
C0199,Javiera Torres,2024-02-29,270,Corporativo,97,Correo,Sur,Los Lagos,2025-03-02,ORD-2023-00204,2024-11-25,Primera Clase,Baja,Completado,1156.48,Normal,308.68,Normal,26.69,Sillas Smart 9,4,Muebles,Sillas,Orion
C0199,Javiera Torres,2024-02-29,270,Corporativo,97,Correo,Sur,Los Lagos,2025-03-02,ORD-2023-00204,2024-11-25,Primera Clase,Baja,Completado,2374.43,Normal,591.03,Normal,24.89,Periféricos Eco 10,4,Tecnología,Periféricos,Andes
C0199,Javiera Torres,2024-02-29,270,Corporativo,97,Correo,Sur,Los Lagos,2025-03-02,ORD-2023-00204,2024-11-25,Primera Clase,Media,Completado,1011.33,Normal,185.85,Normal,18.38,Accesorios Plus 8,3,Tecnología,Accesorios,Andes
C0078,Ignacio Flores,2023-03-18,308,Consumidor,20,Web,Austral,Magallanes,2024-03-10,ORD-2023-00205,2024-01-20,Mismo Día,Baja,Completado,2916.69,Normal,530.82,Normal,18.2,Teléfonos Flex 8,5,Tecnología,Teléfonos,Patagonia
C0078,Ignacio Flores,2023-03-18,308,Consumidor,20,Web,Austral,Magallanes,2024-03-10,ORD-2023-00205,2024-01-20,Mismo Día,Media,Completado,1088.45,Normal,313.12,Normal,28.77,Libreros Pro 7,7,Muebles,Libreros,Nova
C0078,Ignacio Flores,2023-03-18,308,Consumidor,20,Web,Austral,Magallanes,2024-03-10,ORD-2023-00205,2024-01-20,Mismo Día,Baja,Completado,3895.33,Normal,610.28,Normal,15.67,Etiquetas Smart 9,6,Oficina,Etiquetas,Patagonia
C0128,Constanza González,2022-09-04,939,Corporativo,29,Correo,Sur,La Araucanía,2024-04-23,ORD-2023-00206,2025-03-31,Mismo Día,Crítica,Completado,6458.8,Venta Extraordinaria,3235.84,Ganancia Atípica,50.1,Computadores Nova 4,8,Tecnología,Computadores,Vector
C0128,Constanza González,2022-09-04,939,Corporativo,29,Correo,Sur,La Araucanía,2024-04-23,ORD-2023-00206,2025-03-31,Mismo Día,Media,Completado,3451.12,Normal,1618.04,Normal,46.88,Accesorios Flex 9,4,Tecnología,Accesorios,Patagonia
C0128,Constanza González,2022-09-04,939,Corporativo,29,Correo,Sur,La Araucanía,2024-04-23,ORD-2023-00206,2025-03-31,Mismo Día,Media,Completado,119.04,Normal,62.94,Normal,52.87,Computadores Flex 7,3,Tecnología,Computadores,Alerce
C0121,Sebastián Muñoz,2023-11-28,188,Consumidor,89,Teléfono,Austral,Aysén,2024-10-21,ORD-2023-00207,2024-06-03,Segunda Clase,Crítica,Completado,2856.13,Normal,1303.02,Normal,45.62,Computadores Pro 3,4,Tecnología,Computadores,Patagonia
C0121,Sebastián Muñoz,2023-11-28,188,Consumidor,89,Teléfono,Austral,Aysén,2024-10-21,ORD-2023-00207,2024-06-03,Segunda Clase,Crítica,Completado,2127.1,Normal,1019.07,Normal,47.91,Papelería Eco 2,4,Oficina,Papelería,Orion
C0121,Sebastián Muñoz,2023-11-28,188,Consumidor,89,Teléfono,Austral,Aysén,2024-10-21,ORD-2023-00207,2024-06-03,Segunda Clase,Crítica,Completado,2648.3,Normal,510.91,Normal,19.29,Teléfonos Plus 1,6,Tecnología,Teléfonos,Lumen
C0121,Sebastián Muñoz,2023-11-28,188,Consumidor,89,Teléfono,Austral,Aysén,2024-10-21,ORD-2023-00207,2024-06-03,Segunda Clase,Crítica,Completado,2888.54,Normal,535.4,Normal,18.54,Mesas Smart 7,7,Muebles,Mesas,Patagonia
C0011,Paula Rodríguez,2021-10-11,1227,Consumidor,21,Correo,Norte,Coquimbo,2024-04-04,ORD-2023-00208,2025-02-19,Primera Clase,Alta,Enviado,2399.0,Normal,379.28,Normal,15.81,Almacenamiento Flex 1,3,Muebles,Almacenamiento,Patagonia
C0011,Paula Rodríguez,2021-10-11,1227,Consumidor,21,Correo,Norte,Coquimbo,2024-04-04,ORD-2023-00208,2025-02-19,Primera Clase,Crítica,Enviado,552.32,Normal,101.29,Normal,18.34,Mesas Smart 9,5,Muebles,Mesas,Andes
C0037,Carlos Espinoza,2024-03-31,-114,Consumidor,89,Web,Austral,Aysén,2024-10-08,ORD-2023-00209,2023-12-08,Segunda Clase,Crítica,Completado,2162.41,Normal,400.43,Normal,18.52,Sobres Flex 1,6,Oficina,Sobres,Lumen
C0203,Ignacio Araya,2023-08-06,543,Corporativo,67,Web,Centro,Valparaíso,2025-01-25,ORD-2023-00210,2025-01-30,Estándar,Media,Completado,371.28,Normal,22.0,Normal,5.93,Sobres Nova 8,2,Oficina,Sobres,Alerce
C0100,Diego Díaz,2022-08-30,905,Consumidor,56,App,Sur,Biobío,2024-06-26,ORD-2023-00211,2025-02-20,Primera Clase,Crítica,Enviado,3545.16,Normal,1934.52,Normal,54.57,Papelería Eco 2,6,Oficina,Papelería,Orion
C0100,Diego Díaz,2022-08-30,905,Consumidor,56,App,Sur,Biobío,2024-06-26,ORD-2023-00211,2025-02-20,Primera Clase,Alta,Enviado,2003.55,Normal,867.21,Normal,43.28,Archivadores Plus 5,4,Oficina,Archivadores,Altura
C0100,Diego Díaz,2022-08-30,905,Consumidor,56,App,Sur,Biobío,2024-06-26,ORD-2023-00211,2025-02-20,Primera Clase,Crítica,Enviado,820.46,Normal,312.65,Normal,38.11,Papelería Smart 1,1,Oficina,Papelería,Altura
C0100,Diego Díaz,2022-08-30,905,Consumidor,56,App,Sur,Biobío,2024-06-26,ORD-2023-00211,2025-02-20,Primera Clase,Media,Enviado,1878.77,Normal,631.31,Normal,33.6,Papelería Eco 8,3,Oficina,Papelería,Patagonia
C0007,Daniela López,2024-08-03,-461,Corporativo,97,App,Sur,Los Ríos,2024-07-26,ORD-2023-00212,2023-04-30,Estándar,Alta,Completado,4263.07,Normal,1629.95,Normal,38.23,Sobres Smart 3,7,Oficina,Sobres,Patagonia
C0007,Daniela López,2024-08-03,-461,Corporativo,97,App,Sur,Los Ríos,2024-07-26,ORD-2023-00212,2023-04-30,Estándar,Crítica,Completado,1404.48,Normal,233.34,Normal,16.61,Papelería Plus 9,5,Oficina,Papelería,Vector
C0046,Fernanda Pérez,2022-06-21,305,Home Office,66,App,Sur,La Araucanía,2024-12-26,ORD-2023-00213,2023-04-22,Segunda Clase,Media,Enviado,4449.5,Normal,1487.55,Normal,33.43,Sobres Plus 10,7,Oficina,Sobres,Altura
C0046,Fernanda Pérez,2022-06-21,305,Home Office,66,App,Sur,La Araucanía,2024-12-26,ORD-2023-00213,2023-04-22,Segunda Clase,Crítica,Enviado,2075.84,Normal,1090.96,Normal,52.56,Etiquetas Pro 5,8,Oficina,Etiquetas,Lumen
C0269,Javiera Soto,2023-11-21,102,Corporativo,73,Correo,Sur,Los Ríos,2024-01-17,ORD-2023-00214,2024-03-02,Primera Clase,Baja,Completado,3818.72,Normal,793.52,Normal,20.78,Computadores Plus 6,8,Tecnología,Computadores,Lumen
C0269,Javiera Soto,2023-11-21,102,Corporativo,73,Correo,Sur,Los Ríos,2024-01-17,ORD-2023-00214,2024-03-02,Primera Clase,Media,Completado,940.28,Normal,217.4,Normal,23.12,Mesas Nova 8,4,Muebles,Mesas,Andes
C0099,Pedro Contreras,2023-09-19,4,Consumidor,85,Teléfono,Centro,Metropolitana,2024-05-06,ORD-2023-00215,2023-09-23,Segunda Clase,Alta,Enviado,3862.11,Normal,1330.7,Normal,34.46,Teléfonos Plus 1,7,Tecnología,Teléfonos,Lumen
C0099,Pedro Contreras,2023-09-19,4,Consumidor,85,Teléfono,Centro,Metropolitana,2024-05-06,ORD-2023-00215,2023-09-23,Segunda Clase,Baja,Enviado,78.74,Normal,-0.3,Normal,-0.38,Accesorios Eco 4,4,Tecnología,Accesorios,Orion
C0099,Pedro Contreras,2023-09-19,4,Consumidor,85,Teléfono,Centro,Metropolitana,2024-05-06,ORD-2023-00215,2023-09-23,Segunda Clase,Baja,Enviado,9.05,Normal,3.03,Normal,33.48,Accesorios Smart 2,1,Tecnología,Accesorios,Vector
C0299,Catalina Flores,2023-10-09,527,Home Office,74,App,Norte,Tarapacá,2024-12-14,ORD-2023-00216,2025-03-19,Primera Clase,Alta,Completado,1281.79,Normal,48.8,Normal,3.81,Archivadores Smart 7,6,Oficina,Archivadores,Altura
C0299,Catalina Flores,2023-10-09,527,Home Office,74,App,Norte,Tarapacá,2024-12-14,ORD-2023-00216,2025-03-19,Primera Clase,Crítica,Completado,525.37,Normal,116.97,Normal,22.26,Sillas Eco 1,4,Muebles,Sillas,Vector
C0299,Catalina Flores,2023-10-09,527,Home Office,74,App,Norte,Tarapacá,2024-12-14,ORD-2023-00216,2025-03-19,Primera Clase,Baja,Completado,41.54,Normal,4.55,Normal,10.95,Almacenamiento Nova 9,1,Muebles,Almacenamiento,Alerce
C0299,Catalina Flores,2023-10-09,527,Home Office,74,App,Norte,Tarapacá,2024-12-14,ORD-2023-00216,2025-03-19,Primera Clase,Media,Completado,2853.38,Normal,1105.11,Normal,38.73,Accesorios Flex 1,8,Tecnología,Accesorios,Alerce
C0014,Isidora Flores,2024-08-05,34,Corporativo,24,Teléfono,Norte,Antofagasta,2024-05-13,ORD-2023-00217,2024-09-08,Segunda Clase,Baja,Completado,5063.1,Normal,1928.06,Normal,38.08,Almacenamiento Plus 10,8,Muebles,Almacenamiento,Patagonia
C0014,Isidora Flores,2024-08-05,34,Corporativo,24,Teléfono,Norte,Antofagasta,2024-05-13,ORD-2023-00217,2024-09-08,Segunda Clase,Baja,Completado,3545.16,Normal,1934.52,Normal,54.57,Papelería Eco 2,6,Oficina,Papelería,Orion
C0014,Isidora Flores,2024-08-05,34,Corporativo,24,Teléfono,Norte,Antofagasta,2024-05-13,ORD-2023-00217,2024-09-08,Segunda Clase,Crítica,Completado,2541.84,Normal,302.94,Normal,11.92,Etiquetas Nova 4,6,Oficina,Etiquetas,Altura
C0014,Isidora Flores,2024-08-05,34,Corporativo,24,Teléfono,Norte,Antofagasta,2024-05-13,ORD-2023-00217,2024-09-08,Segunda Clase,Crítica,Completado,840.05,Normal,88.93,Normal,10.59,Mesas Nova 2,2,Muebles,Mesas,Lumen
C0052,Jorge Contreras,2022-12-18,765,Corporativo,39,Teléfono,Sur,La Araucanía,2024-03-17,ORD-2023-00218,2025-01-21,Estándar,Crítica,Completado,771.64,Normal,214.34,Normal,27.78,Etiquetas Pro 2,2,Oficina,Etiquetas,Vector
C0052,Jorge Contreras,2022-12-18,765,Corporativo,39,Teléfono,Sur,La Araucanía,2024-03-17,ORD-2023-00218,2025-01-21,Estándar,Media,Completado,3449.76,Normal,1737.12,Normal,50.35,Computadores Pro 2,8,Tecnología,Computadores,Altura
C0052,Jorge Contreras,2022-12-18,765,Corporativo,39,Teléfono,Sur,La Araucanía,2024-03-17,ORD-2023-00218,2025-01-21,Estándar,Baja,Completado,2894.36,Normal,868.56,Normal,30.01,Periféricos Eco 2,4,Tecnología,Periféricos,Vector
C0052,Jorge Contreras,2022-12-18,765,Corporativo,39,Teléfono,Sur,La Araucanía,2024-03-17,ORD-2023-00218,2025-01-21,Estándar,Alta,Completado,546.49,Normal,294.7,Normal,53.93,Teléfonos Pro 4,7,Tecnología,Teléfonos,Alerce
C0197,Antonia Contreras,2022-12-21,795,Corporativo,40,App,Centro,Metropolitana,2024-06-17,ORD-2023-00219,2025-02-23,Estándar,Alta,Completado,4961.92,Normal,2180.4,Ganancia Atípica,43.94,Sobres Plus 9,8,Oficina,Sobres,Andes
C0197,Antonia Contreras,2022-12-21,795,Corporativo,40,App,Centro,Metropolitana,2024-06-17,ORD-2023-00219,2025-02-23,Estándar,Crítica,Completado,1814.6,Normal,909.76,Normal,50.14,Sobres Pro 2,4,Oficina,Sobres,Orion
C0196,Fernanda Silva,2021-12-11,1055,Corporativo,75,Web,Centro,Valparaíso,2024-03-19,ORD-2023-00220,2024-10-31,Mismo Día,Baja,Devuelto,1405.6,Normal,408.2,Normal,29.04,Computadores Eco 9,5,Tecnología,Computadores,Patagonia
C0196,Fernanda Silva,2021-12-11,1055,Corporativo,75,Web,Centro,Valparaíso,2024-03-19,ORD-2023-00220,2024-10-31,Mismo Día,Baja,Devuelto,1929.34,Normal,905.04,Normal,46.91,Teléfonos Flex 2,6,Tecnología,Teléfonos,Vector
C0294,Fernanda Torres,2024-10-27,-289,Consumidor,10,App,Sur,Los Ríos,2024-05-19,ORD-2023-00221,2024-01-12,Estándar,Alta,Cancelado,367.17,Normal,102.43,Normal,27.9,Almacenamiento Eco 6,4,Muebles,Almacenamiento,Patagonia
C0187,Carlos Rodríguez,2021-08-16,1319,Corporativo,96,No Especificado,Centro,O'Higgins,2024-04-14,ORD-2023-00222,2025-03-27,Segunda Clase,Alta,Completado,68.41,Normal,22.76,Normal,33.27,Accesorios Smart 2,8,Tecnología,Accesorios,Vector
C0187,Carlos Rodríguez,2021-08-16,1319,Corporativo,96,No Especificado,Centro,O'Higgins,2024-04-14,ORD-2023-00222,2025-03-27,Segunda Clase,Media,Completado,1374.66,Normal,-237.91,Normal,-17.31,Etiquetas Flex 8,4,Oficina,Etiquetas,Patagonia
C0187,Carlos Rodríguez,2021-08-16,1319,Corporativo,96,No Especificado,Centro,O'Higgins,2024-04-14,ORD-2023-00222,2025-03-27,Segunda Clase,Baja,Completado,547.45,Normal,279.25,Normal,51.01,Almacenamiento Nova 7,5,Muebles,Almacenamiento,Altura
C0187,Carlos Rodríguez,2021-08-16,1319,Corporativo,96,No Especificado,Centro,O'Higgins,2024-04-14,ORD-2023-00222,2025-03-27,Segunda Clase,Crítica,Completado,772.6,Normal,269.75,Normal,34.91,Sillas Eco 1,5,Muebles,Sillas,Vector
C0111,Carlos Flores,2024-08-19,-90,Consumidor,44,App,Sur,Biobío,2024-11-02,ORD-2023-00223,2024-05-21,Primera Clase,Media,Completado,3055.16,Normal,817.88,Normal,26.77,Etiquetas Smart 9,4,Oficina,Etiquetas,Patagonia
C0111,Carlos Flores,2024-08-19,-90,Consumidor,44,App,Sur,Biobío,2024-11-02,ORD-2023-00223,2024-05-21,Primera Clase,Media,Completado,386.05,Normal,114.28,Normal,29.6,Etiquetas Nova 10,8,Oficina,Etiquetas,Orion
C0012,Sofía Soto,2023-05-15,427,Home Office,59,Web,Norte,Tarapacá,2024-09-01,ORD-2023-00224,2024-07-15,Mismo Día,Media,Devuelto,2872.93,Normal,772.26,Normal,26.88,Libreros Pro 8,5,Muebles,Libreros,Lumen
C0281,Benjamín González,2023-08-30,162,Home Office,93,Teléfono,Centro,Maule,2025-01-21,ORD-2023-00225,2024-02-08,Primera Clase,Alta,Enviado,866.27,Normal,54.92,Normal,6.34,Almacenamiento Smart 4,3,Muebles,Almacenamiento,Lumen
C0281,Benjamín González,2023-08-30,162,Home Office,93,Teléfono,Centro,Maule,2025-01-21,ORD-2023-00225,2024-02-08,Primera Clase,Media,Enviado,375.83,Normal,119.37,Normal,31.76,Sobres Pro 5,3,Oficina,Sobres,Alerce
C0005,Daniela Rodríguez,2023-01-29,342,Consumidor,36,Teléfono,Austral,Magallanes,2024-04-08,ORD-2023-00226,2024-01-06,Segunda Clase,Crítica,Completado,2221.11,Normal,644.4,Normal,29.01,Papelería Flex 7,3,Oficina,Papelería,Andes
C0005,Daniela Rodríguez,2023-01-29,342,Consumidor,36,Teléfono,Austral,Magallanes,2024-04-08,ORD-2023-00226,2024-01-06,Segunda Clase,Alta,Completado,793.37,Normal,398.28,Normal,50.2,Computadores Pro 3,1,Tecnología,Computadores,Patagonia
C0005,Daniela Rodríguez,2023-01-29,342,Consumidor,36,Teléfono,Austral,Magallanes,2024-04-08,ORD-2023-00226,2024-01-06,Segunda Clase,Crítica,Completado,803.18,Normal,370.72,Normal,46.16,Almacenamiento Eco 6,7,Muebles,Almacenamiento,Patagonia
C0005,Daniela Rodríguez,2023-01-29,342,Consumidor,36,Teléfono,Austral,Magallanes,2024-04-08,ORD-2023-00226,2024-01-06,Segunda Clase,Crítica,Completado,723.59,Normal,217.14,Normal,30.01,Periféricos Eco 2,1,Tecnología,Periféricos,Vector
C0155,Constanza Hernández,2022-09-11,816,Home Office,24,Correo,Sur,Biobío,2025-03-09,ORD-2023-00227,2024-12-05,Mismo Día,Crítica,Completado,336.77,Normal,37.86,Normal,11.24,Archivadores Smart 10,8,Oficina,Archivadores,Andes
C0189,Camila Sepúlveda,2021-10-09,460,Consumidor,47,Teléfono,Centro,Maule,2024-01-24,ORD-2023-00228,2023-01-12,Segunda Clase,Crítica,Completado,1754.4,Normal,912.78,Normal,52.03,Periféricos Nova 6,2,Tecnología,Periféricos,Patagonia
C0189,Camila Sepúlveda,2021-10-09,460,Consumidor,47,Teléfono,Centro,Maule,2024-01-24,ORD-2023-00228,2023-01-12,Segunda Clase,Media,Completado,711.33,Normal,144.6,Normal,20.33,Periféricos Nova 9,3,Tecnología,Periféricos,Vector
C0189,Camila Sepúlveda,2021-10-09,460,Consumidor,47,Teléfono,Centro,Maule,2024-01-24,ORD-2023-00228,2023-01-12,Segunda Clase,Crítica,Completado,395.32,Normal,15.4,Normal,3.9,Mesas Nova 2,1,Muebles,Mesas,Lumen
C0189,Camila Sepúlveda,2021-10-09,460,Consumidor,47,Teléfono,Centro,Maule,2024-01-24,ORD-2023-00228,2023-01-12,Segunda Clase,Baja,Completado,1639.28,Normal,706.67,Normal,43.11,Accesorios Flex 9,2,Tecnología,Accesorios,Patagonia
C0093,Valentina Castillo,2022-07-20,778,Home Office,76,Web,Norte,Antofagasta,2025-01-22,ORD-2023-00229,2024-09-05,Estándar,Alta,Enviado,1650.04,Normal,607.04,Normal,36.79,Almacenamiento Smart 4,4,Muebles,Almacenamiento,Lumen
C0093,Valentina Castillo,2022-07-20,778,Home Office,76,Web,Norte,Antofagasta,2025-01-22,ORD-2023-00229,2024-09-05,Estándar,Alta,Enviado,763.79,Normal,204.47,Normal,26.77,Etiquetas Smart 9,1,Oficina,Etiquetas,Patagonia
C0187,Carlos Rodríguez,2021-08-16,1060,Corporativo,96,No Especificado,Centro,O'Higgins,2024-04-14,ORD-2023-00230,2024-07-11,Estándar,Alta,Completado,5952.08,Normal,1624.16,Normal,27.29,Papelería Smart 5,8,Oficina,Papelería,Alerce
C0187,Carlos Rodríguez,2021-08-16,1060,Corporativo,96,No Especificado,Centro,O'Higgins,2024-04-14,ORD-2023-00230,2024-07-11,Estándar,Baja,Completado,984.79,Normal,326.71,Normal,33.18,Libreros Pro 7,6,Muebles,Libreros,Nova
C0187,Carlos Rodríguez,2021-08-16,1060,Corporativo,96,No Especificado,Centro,O'Higgins,2024-04-14,ORD-2023-00230,2024-07-11,Estándar,Media,Completado,220.95,Normal,109.58,Normal,49.59,Periféricos Smart 1,1,Tecnología,Periféricos,Andes
C0069,Constanza Flores,2021-11-22,1021,Corporativo,67,Correo,Norte,Antofagasta,2025-01-16,ORD-2023-00231,2024-09-08,Mismo Día,Baja,Completado,2937.76,Normal,1007.37,Normal,34.29,Periféricos Flex 4,7,Tecnología,Periféricos,Orion
C0069,Constanza Flores,2021-11-22,1021,Corporativo,67,Correo,Norte,Antofagasta,2025-01-16,ORD-2023-00231,2024-09-08,Mismo Día,Baja,Completado,6183.45,Normal,1336.09,Normal,21.61,Periféricos Nova 3,7,Tecnología,Periféricos,Altura
C0069,Constanza Flores,2021-11-22,1021,Corporativo,67,Correo,Norte,Antofagasta,2025-01-16,ORD-2023-00231,2024-09-08,Mismo Día,Media,Completado,3897.18,Normal,1340.54,Normal,34.4,Papelería Smart 1,5,Oficina,Papelería,Altura
C0215,Sofía Castillo,2021-11-12,1256,Corporativo,33,App,Norte,Coquimbo,2025-02-22,ORD-2023-00232,2025-04-21,Segunda Clase,Baja,Completado,1246.88,Normal,535.6,Normal,42.96,Teléfonos Pro 6,2,Tecnología,Teléfonos,Orion
C0215,Sofía Castillo,2021-11-12,1256,Corporativo,33,App,Norte,Coquimbo,2025-02-22,ORD-2023-00232,2025-04-21,Segunda Clase,Media,Completado,3768.28,Normal,702.89,Normal,18.65,Sillas Plus 7,6,Muebles,Sillas,Andes
C0215,Sofía Castillo,2021-11-12,1256,Corporativo,33,App,Norte,Coquimbo,2025-02-22,ORD-2023-00232,2025-04-21,Segunda Clase,Media,Completado,877.2,Normal,456.39,Normal,52.03,Periféricos Nova 6,1,Tecnología,Periféricos,Patagonia
C0194,Gabriel Castillo,2023-01-12,96,Corporativo,65,Web,Sur,Los Lagos,2024-10-23,ORD-2023-00233,2023-04-18,Primera Clase,Baja,Completado,1543.64,Normal,497.55,Normal,32.23,Teléfonos Nova 3,6,Tecnología,Teléfonos,Lumen
C0194,Gabriel Castillo,2023-01-12,96,Corporativo,65,Web,Sur,Los Lagos,2024-10-23,ORD-2023-00233,2023-04-18,Primera Clase,Crítica,Completado,131.87,Normal,45.64,Normal,34.61,Sobres Pro 5,1,Oficina,Sobres,Alerce
C0194,Gabriel Castillo,2023-01-12,96,Corporativo,65,Web,Sur,Los Lagos,2024-10-23,ORD-2023-00233,2023-04-18,Primera Clase,Media,Completado,3875.28,Normal,1467.03,Normal,37.86,Computadores Nova 4,6,Tecnología,Computadores,Vector
C0194,Gabriel Castillo,2023-01-12,96,Corporativo,65,Web,Sur,Los Lagos,2024-10-23,ORD-2023-00233,2023-04-18,Primera Clase,Media,Completado,419.68,Normal,143.91,Normal,34.29,Periféricos Flex 4,1,Tecnología,Periféricos,Orion
C0194,Gabriel Castillo,2023-01-12,570,Corporativo,65,Web,Sur,Los Lagos,2024-10-23,ORD-2023-00234,2024-08-04,Segunda Clase,Alta,Completado,4122.32,Normal,1304.72,Normal,31.65,Archivadores Flex 1,8,Oficina,Archivadores,Alerce
C0194,Gabriel Castillo,2023-01-12,570,Corporativo,65,Web,Sur,Los Lagos,2024-10-23,ORD-2023-00234,2024-08-04,Segunda Clase,Crítica,Completado,3877.92,Normal,1167.52,Normal,30.11,Etiquetas Nova 3,8,Oficina,Etiquetas,Alerce
C0194,Gabriel Castillo,2023-01-12,570,Corporativo,65,Web,Sur,Los Lagos,2024-10-23,ORD-2023-00234,2024-08-04,Segunda Clase,Baja,Completado,621.97,Normal,182.1,Normal,29.28,Libreros Pro 7,4,Muebles,Libreros,Nova
C0194,Gabriel Castillo,2023-01-12,570,Corporativo,65,Web,Sur,Los Lagos,2024-10-23,ORD-2023-00234,2024-08-04,Segunda Clase,Baja,Completado,4414.96,Normal,1293.31,Normal,29.29,Periféricos Eco 10,7,Tecnología,Periféricos,Andes
C0040,Fernanda Rojas,2023-07-28,539,Consumidor,19,Web,Sur,Los Ríos,2025-02-26,ORD-2023-00235,2025-01-17,Estándar,Crítica,Completado,7108.16,Venta Extraordinaria,1688.24,Normal,23.75,Almacenamiento Flex 1,8,Muebles,Almacenamiento,Patagonia
C0040,Fernanda Rojas,2023-07-28,539,Consumidor,19,Web,Sur,Los Ríos,2025-02-26,ORD-2023-00235,2025-01-17,Estándar,Baja,Completado,1554.78,Normal,-21.35,Normal,-1.37,Papelería Flex 7,3,Oficina,Papelería,Andes
C0040,Fernanda Rojas,2023-07-28,539,Consumidor,19,Web,Sur,Los Ríos,2025-02-26,ORD-2023-00235,2025-01-17,Estándar,Baja,Completado,469.44,Normal,87.68,Normal,18.68,Mesas Nova 2,1,Muebles,Mesas,Lumen
C0218,Andrés Espinoza,2023-08-04,504,Corporativo,58,Teléfono,Centro,Maule,2024-03-11,ORD-2023-00236,2024-12-20,Estándar,Media,Completado,1724.88,Normal,868.56,Normal,50.35,Computadores Pro 2,4,Tecnología,Computadores,Altura
C0218,Andrés Espinoza,2023-08-04,504,Corporativo,58,Teléfono,Centro,Maule,2024-03-11,ORD-2023-00236,2024-12-20,Estándar,Crítica,Completado,2159.1,Normal,1110.18,Normal,51.42,Libreros Smart 6,6,Muebles,Libreros,Lumen
C0218,Andrés Espinoza,2023-08-04,504,Corporativo,58,Teléfono,Centro,Maule,2024-03-11,ORD-2023-00236,2024-12-20,Estándar,Media,Completado,1063.23,Normal,62.62,Normal,5.89,Sillas Plus 8,2,Muebles,Sillas,Orion
C0218,Andrés Espinoza,2023-08-04,504,Corporativo,58,Teléfono,Centro,Maule,2024-03-11,ORD-2023-00236,2024-12-20,Estándar,Alta,Completado,139.41,Normal,55.73,Normal,39.98,Etiquetas Pro 7,2,Oficina,Etiquetas,Orion
C0136,María Silva,2022-08-12,360,Home Office,21,No Especificado,Centro,O'Higgins,2024-11-25,ORD-2023-00237,2023-08-07,Segunda Clase,Baja,Completado,3955.11,Normal,758.5,Normal,19.18,Sobres Plus 10,8,Oficina,Sobres,Altura
C0236,Fernanda Sepúlveda,2023-03-27,251,Home Office,42,Correo,Centro,Maule,2025-02-16,ORD-2023-00238,2023-12-03,Segunda Clase,Baja,Completado,16.1,Normal,4.27,Normal,26.52,Accesorios Smart 2,2,Tecnología,Accesorios,Vector
C0236,Fernanda Sepúlveda,2023-03-27,251,Home Office,42,Correo,Centro,Maule,2025-02-16,ORD-2023-00238,2023-12-03,Segunda Clase,Crítica,Completado,1532.23,Normal,344.51,Normal,22.48,Libreros Pro 8,3,Muebles,Libreros,Lumen
C0236,Fernanda Sepúlveda,2023-03-27,251,Home Office,42,Correo,Centro,Maule,2025-02-16,ORD-2023-00238,2023-12-03,Segunda Clase,Crítica,Completado,1203.77,Normal,586.92,Normal,48.76,Accesorios Flex 1,3,Tecnología,Accesorios,Alerce
C0192,Luis Fuentes,2023-07-31,95,Consumidor,50,Web,Norte,Tarapacá,2024-01-09,ORD-2023-00239,2023-11-03,Primera Clase,Crítica,Completado,5952.08,Normal,1624.16,Normal,27.29,Papelería Smart 5,8,Oficina,Papelería,Alerce
C0192,Luis Fuentes,2023-07-31,95,Consumidor,50,Web,Norte,Tarapacá,2024-01-09,ORD-2023-00239,2023-11-03,Primera Clase,Alta,Completado,2541.29,Normal,1299.12,Normal,51.12,Accesorios Flex 1,6,Tecnología,Accesorios,Alerce
C0192,Luis Fuentes,2023-07-31,95,Consumidor,50,Web,Norte,Tarapacá,2024-01-09,ORD-2023-00239,2023-11-03,Primera Clase,Alta,Completado,2086.27,Normal,536.32,Normal,25.71,Accesorios Nova 6,3,Tecnología,Accesorios,Andes
C0192,Luis Fuentes,2023-07-31,95,Consumidor,50,Web,Norte,Tarapacá,2024-01-09,ORD-2023-00239,2023-11-03,Primera Clase,Crítica,Completado,774.19,Normal,289.14,Normal,37.35,Sobres Flex 6,1,Oficina,Sobres,Patagonia
C0137,Javiera Díaz,2021-12-07,511,Corporativo,13,Teléfono,Sur,Los Ríos,2024-07-14,ORD-2023-00240,2023-05-02,Segunda Clase,Baja,Completado,3001.53,Normal,1511.86,Normal,50.37,Libreros Pro 5,7,Muebles,Libreros,Nova
C0137,Javiera Díaz,2021-12-07,511,Corporativo,13,Teléfono,Sur,Los Ríos,2024-07-14,ORD-2023-00240,2023-05-02,Segunda Clase,Baja,Completado,428.69,Normal,155.74,Normal,36.33,Etiquetas Pro 2,1,Oficina,Etiquetas,Vector
C0137,Javiera Díaz,2021-12-07,511,Corporativo,13,Teléfono,Sur,Los Ríos,2024-07-14,ORD-2023-00240,2023-05-02,Segunda Clase,Alta,Completado,42.28,Normal,22.28,Normal,52.7,Archivadores Eco 9,4,Oficina,Archivadores,Orion
C0137,Javiera Díaz,2021-12-07,511,Corporativo,13,Teléfono,Sur,Los Ríos,2024-07-14,ORD-2023-00240,2023-05-02,Segunda Clase,Alta,Completado,463.29,Normal,125.06,Normal,26.99,Mesas Plus 5,1,Muebles,Mesas,Vector
C0249,Ignacio Sepúlveda,2023-10-03,-191,Home Office,25,App,Norte,Coquimbo,2024-11-30,ORD-2023-00241,2023-03-26,Segunda Clase,Media,Completado,19.03,Normal,8.61,Normal,45.24,Archivadores Eco 9,2,Oficina,Archivadores,Orion
C0249,Ignacio Sepúlveda,2023-10-03,-191,Home Office,25,App,Norte,Coquimbo,2024-11-30,ORD-2023-00241,2023-03-26,Segunda Clase,Baja,Completado,4296.76,Normal,1688.69,Normal,39.3,Papelería Flex 6,7,Oficina,Papelería,Andes
C0249,Ignacio Sepúlveda,2023-10-03,-191,Home Office,25,App,Norte,Coquimbo,2024-11-30,ORD-2023-00241,2023-03-26,Segunda Clase,Media,Completado,2164.26,Normal,679.86,Normal,31.41,Papelería Plus 10,3,Oficina,Papelería,Orion
C0118,Nicolás Díaz,2022-11-07,178,Consumidor,98,Correo,Austral,Magallanes,2024-01-29,ORD-2023-00242,2023-05-04,Segunda Clase,Crítica,Devuelto,195.48,Normal,51.88,Normal,26.54,Almacenamiento Nova 9,4,Muebles,Almacenamiento,Alerce
C0209,Benjamín Castillo,2022-11-14,585,Consumidor,84,Web,Norte,Tarapacá,2024-03-12,ORD-2023-00243,2024-06-21,Segunda Clase,Alta,Devuelto,372.54,Normal,131.71,Normal,35.35,Libreros Plus 2,1,Muebles,Libreros,Vector
C0209,Benjamín Castillo,2022-11-14,585,Consumidor,84,Web,Norte,Tarapacá,2024-03-12,ORD-2023-00243,2024-06-21,Segunda Clase,Alta,Devuelto,2968.62,Normal,436.61,Normal,14.71,Teléfonos Plus 5,5,Tecnología,Teléfonos,Nova
C0209,Benjamín Castillo,2022-11-14,585,Consumidor,84,Web,Norte,Tarapacá,2024-03-12,ORD-2023-00243,2024-06-21,Segunda Clase,Baja,Devuelto,4098.53,Normal,1951.56,Normal,47.62,Archivadores Nova 2,7,Oficina,Archivadores,Alerce
C0209,Benjamín Castillo,2022-11-14,585,Consumidor,84,Web,Norte,Tarapacá,2024-03-12,ORD-2023-00243,2024-06-21,Segunda Clase,Alta,Devuelto,807.35,Normal,404.48,Normal,50.1,Computadores Nova 4,1,Tecnología,Computadores,Vector
C0109,Martina Castillo,2022-08-20,426,Corporativo,39,Web,Norte,Coquimbo,2024-02-21,ORD-2023-00244,2023-10-20,Primera Clase,Baja,Completado,3523.0,Normal,1494.85,Normal,42.43,Sillas Smart 3,5,Muebles,Sillas,Altura
C0109,Martina Castillo,2022-08-20,426,Corporativo,39,Web,Norte,Coquimbo,2024-02-21,ORD-2023-00244,2023-10-20,Primera Clase,Alta,Completado,1774.39,Normal,523.31,Normal,29.49,Papelería Eco 8,3,Oficina,Papelería,Patagonia
C0109,Martina Castillo,2022-08-20,426,Corporativo,39,Web,Norte,Coquimbo,2024-02-21,ORD-2023-00244,2023-10-20,Primera Clase,Media,Completado,4026.99,Normal,1635.14,Normal,40.6,Archivadores Pro 6,6,Oficina,Archivadores,Patagonia
C0300,Camila Díaz,2021-11-29,791,Corporativo,92,Correo,Sur,Los Lagos,2024-12-04,ORD-2023-00245,2024-01-29,Estándar,Alta,Completado,6109.68,Normal,1952.4,Normal,31.96,Computadores Plus 5,8,Tecnología,Computadores,Orion
C0300,Camila Díaz,2021-11-29,791,Corporativo,92,Correo,Sur,Los Lagos,2024-12-04,ORD-2023-00245,2024-01-29,Estándar,Media,Completado,1802.04,Normal,289.48,Normal,16.06,Periféricos Nova 9,8,Tecnología,Periféricos,Vector
C0023,Ana Espinoza,2022-04-17,389,Home Office,10,App,Norte,Antofagasta,2024-12-07,ORD-2023-00246,2023-05-11,Primera Clase,Crítica,Enviado,1312.74,Normal,353.86,Normal,26.96,Papelería Smart 1,2,Oficina,Papelería,Altura
C0023,Ana Espinoza,2022-04-17,389,Home Office,10,App,Norte,Antofagasta,2024-12-07,ORD-2023-00246,2023-05-11,Primera Clase,Media,Enviado,638.43,Normal,223.31,Normal,34.98,Libreros Pro 8,1,Muebles,Libreros,Lumen
C0023,Ana Espinoza,2022-04-17,389,Home Office,10,App,Norte,Antofagasta,2024-12-07,ORD-2023-00246,2023-05-11,Primera Clase,Media,Enviado,408.92,Normal,158.59,Normal,38.78,Periféricos Nova 8,1,Tecnología,Periféricos,Andes
C0023,Ana Espinoza,2022-04-17,389,Home Office,10,App,Norte,Antofagasta,2024-12-07,ORD-2023-00246,2023-05-11,Primera Clase,Baja,Enviado,2583.52,Normal,511.49,Normal,19.8,Archivadores Plus 5,7,Oficina,Archivadores,Altura
C0085,Ana Sepúlveda,2024-10-19,-209,Home Office,60,No Especificado,Sur,Los Ríos,2025-03-23,ORD-2023-00247,2024-03-24,Mismo Día,Media,Completado,119.04,Normal,62.94,Normal,52.87,Computadores Flex 7,3,Tecnología,Computadores,Alerce
C0085,Ana Sepúlveda,2024-10-19,-209,Home Office,60,No Especificado,Sur,Los Ríos,2025-03-23,ORD-2023-00247,2024-03-24,Mismo Día,Alta,Completado,80.32,Normal,18.49,Normal,23.02,Almacenamiento Eco 6,1,Muebles,Almacenamiento,Patagonia
C0085,Ana Sepúlveda,2024-10-19,-209,Home Office,60,No Especificado,Sur,Los Ríos,2025-03-23,ORD-2023-00247,2024-03-24,Mismo Día,Baja,Completado,853.6,Normal,90.06,Normal,10.55,Periféricos Nova 9,4,Tecnología,Periféricos,Vector
C0088,Benjamín Fuentes,2021-08-05,743,Corporativo,56,Correo,Centro,O'Higgins,2024-03-01,ORD-2023-00248,2023-08-18,Segunda Clase,Media,Completado,726.47,Normal,180.23,Normal,24.81,Periféricos Nova 5,1,Tecnología,Periféricos,Orion
C0088,Benjamín Fuentes,2021-08-05,743,Corporativo,56,Correo,Centro,O'Higgins,2024-03-01,ORD-2023-00248,2023-08-18,Segunda Clase,Alta,Completado,1335.72,Normal,395.62,Normal,29.62,Libreros Smart 9,2,Muebles,Libreros,Patagonia
C0167,Antonia Espinoza,2023-07-15,-110,Consumidor,88,App,Centro,Metropolitana,2025-03-21,ORD-2023-00249,2023-03-27,Segunda Clase,Media,Completado,556.81,Normal,180.1,Normal,32.34,Sillas Flex 2,1,Muebles,Sillas,Vector
C0167,Antonia Espinoza,2023-07-15,-110,Consumidor,88,App,Centro,Metropolitana,2025-03-21,ORD-2023-00249,2023-03-27,Segunda Clase,Baja,Completado,900.2,Normal,266.7,Normal,29.63,Archivadores Pro 4,5,Oficina,Archivadores,Alerce
C0167,Antonia Espinoza,2023-07-15,-110,Consumidor,88,App,Centro,Metropolitana,2025-03-21,ORD-2023-00249,2023-03-27,Segunda Clase,Alta,Completado,1068.58,Normal,80.85,Normal,7.57,Libreros Smart 9,2,Muebles,Libreros,Patagonia
C0283,Josefa Díaz,2021-02-08,903,Consumidor,50,Correo,Austral,Magallanes,2024-12-18,ORD-2023-00250,2023-07-31,Mismo Día,Crítica,Completado,4136.44,Normal,1999.26,Normal,48.33,Computadores Flex 10,7,Tecnología,Computadores,Alerce
C0283,Josefa Díaz,2021-02-08,903,Consumidor,50,Correo,Austral,Magallanes,2024-12-18,ORD-2023-00250,2023-07-31,Mismo Día,Media,Completado,2707.84,Normal,1355.36,Normal,50.05,Teléfonos Flex 2,8,Tecnología,Teléfonos,Vector
C0283,Josefa Díaz,2021-02-08,903,Consumidor,50,Correo,Austral,Magallanes,2024-12-18,ORD-2023-00250,2023-07-31,Mismo Día,Baja,Completado,6109.68,Normal,1952.4,Normal,31.96,Computadores Plus 5,8,Tecnología,Computadores,Orion
C0283,Josefa Díaz,2021-02-08,903,Consumidor,50,Correo,Austral,Magallanes,2024-12-18,ORD-2023-00250,2023-07-31,Mismo Día,Media,Completado,2226.03,Normal,934.29,Normal,41.97,Periféricos Eco 10,3,Tecnología,Periféricos,Andes
C0036,Benjamín Soto,2024-05-03,-342,Consumidor,96,Web,Centro,O'Higgins,2024-07-31,ORD-2023-00251,2023-05-27,Mismo Día,Baja,Cancelado,180.04,Normal,53.34,Normal,29.63,Archivadores Pro 4,1,Oficina,Archivadores,Alerce
C0036,Benjamín Soto,2024-05-03,-342,Consumidor,96,Web,Centro,O'Higgins,2024-07-31,ORD-2023-00251,2023-05-27,Mismo Día,Baja,Cancelado,698.5,Normal,182.9,Normal,26.18,Teléfonos Plus 5,1,Tecnología,Teléfonos,Nova
C0138,Gabriel Muñoz,2023-01-05,142,Corporativo,65,Teléfono,Austral,Magallanes,2024-09-25,ORD-2023-00252,2023-05-27,Estándar,Crítica,Enviado,4600.14,Normal,1772.52,Normal,38.53,Libreros Eco 10,6,Muebles,Libreros,Andes
C0289,Vicente Martínez,2021-09-07,935,Corporativo,60,No Especificado,Norte,Coquimbo,2024-06-23,ORD-2023-00253,2024-03-30,Segunda Clase,Baja,Completado,1640.92,Normal,625.3,Normal,38.11,Papelería Smart 1,2,Oficina,Papelería,Altura
C0289,Vicente Martínez,2021-09-07,935,Corporativo,60,No Especificado,Norte,Coquimbo,2024-06-23,ORD-2023-00253,2024-03-30,Segunda Clase,Crítica,Completado,3833.45,Normal,1477.1,Normal,38.53,Libreros Eco 10,5,Muebles,Libreros,Andes
C0289,Vicente Martínez,2021-09-07,935,Corporativo,60,No Especificado,Norte,Coquimbo,2024-06-23,ORD-2023-00253,2024-03-30,Segunda Clase,Crítica,Completado,499.16,Normal,107.92,Normal,21.62,Teléfonos Eco 9,1,Tecnología,Teléfonos,Andes
C0198,Valentina Contreras,2024-05-18,-353,Consumidor,93,App,Centro,Metropolitana,2024-07-13,ORD-2023-00254,2023-05-31,Mismo Día,Alta,Completado,748.44,Normal,195.93,Normal,26.18,Libreros Smart 3,3,Muebles,Libreros,Vector
C0183,Catalina González,2023-12-23,-278,Consumidor,58,App,Sur,Biobío,2024-08-26,ORD-2023-00255,2023-03-20,Estándar,Crítica,Cancelado,4720.55,Normal,1921.73,Normal,40.71,Computadores Pro 3,7,Tecnología,Computadores,Patagonia
C0183,Catalina González,2023-12-23,-278,Consumidor,58,App,Sur,Biobío,2024-08-26,ORD-2023-00255,2023-03-20,Estándar,Baja,Cancelado,2224.76,Normal,1014.4,Normal,45.6,Teléfonos Flex 10,5,Tecnología,Teléfonos,Lumen
C0139,Antonia Fuentes,2024-10-28,-155,Home Office,31,App,Centro,O'Higgins,2024-12-22,ORD-2023-00256,2024-05-26,Estándar,Crítica,Enviado,1544.58,Normal,645.9,Normal,41.82,Sobres Flex 1,3,Oficina,Sobres,Lumen
C0229,Jorge Pérez,2023-05-30,589,Corporativo,88,Web,Sur,La Araucanía,2024-10-09,ORD-2023-00257,2025-01-08,Estándar,Media,Completado,900.2,Normal,266.7,Normal,29.63,Archivadores Pro 4,5,Oficina,Archivadores,Alerce
C0229,Jorge Pérez,2023-05-30,589,Corporativo,88,Web,Sur,La Araucanía,2024-10-09,ORD-2023-00257,2025-01-08,Estándar,Crítica,Completado,4803.73,Normal,2044.91,Ganancia Atípica,42.57,Computadores Nova 4,7,Tecnología,Computadores,Vector
C0229,Jorge Pérez,2023-05-30,589,Corporativo,88,Web,Sur,La Araucanía,2024-10-09,ORD-2023-00257,2025-01-08,Estándar,Media,Completado,2770.8,Normal,1193.26,Normal,43.07,Libreros Plus 2,7,Muebles,Libreros,Vector
C0229,Jorge Pérez,2023-05-30,589,Corporativo,88,Web,Sur,La Araucanía,2024-10-09,ORD-2023-00257,2025-01-08,Estándar,Crítica,Completado,1183.99,Normal,267.24,Normal,22.57,Sillas Nova 10,7,Muebles,Sillas,Lumen
C0273,Andrés Muñoz,2021-04-15,1175,Corporativo,56,App,Norte,Tarapacá,2025-01-20,ORD-2023-00258,2024-07-03,Mismo Día,Media,Completado,1442.84,Normal,472.4,Normal,32.74,Papelería Plus 10,2,Oficina,Papelería,Orion
C0273,Andrés Muñoz,2021-04-15,1175,Corporativo,56,App,Norte,Tarapacá,2025-01-20,ORD-2023-00258,2024-07-03,Mismo Día,Media,Completado,649.22,Normal,87.23,Normal,13.44,Etiquetas Smart 9,1,Oficina,Etiquetas,Patagonia
C0057,Luis Fuentes,2023-12-01,-273,Consumidor,56,App,Sur,Los Lagos,2024-09-07,ORD-2023-00259,2023-03-03,Segunda Clase,Media,Completado,2749.64,Normal,749.55,Normal,27.26,Periféricos Eco 2,4,Tecnología,Periféricos,Vector
C0057,Luis Fuentes,2023-12-01,-273,Consumidor,56,App,Sur,Los Lagos,2024-09-07,ORD-2023-00259,2023-03-03,Segunda Clase,Crítica,Completado,1870.32,Normal,678.63,Normal,36.28,Teléfonos Pro 6,3,Tecnología,Teléfonos,Orion
C0057,Luis Fuentes,2023-12-01,-273,Consumidor,56,App,Sur,Los Lagos,2024-09-07,ORD-2023-00259,2023-03-03,Segunda Clase,Baja,Completado,625.43,Normal,140.66,Normal,22.49,Sillas Plus 8,1,Muebles,Sillas,Orion
C0057,Luis Fuentes,2023-12-01,-273,Consumidor,56,App,Sur,Los Lagos,2024-09-07,ORD-2023-00259,2023-03-03,Segunda Clase,Media,Completado,1397.04,Normal,690.63,Normal,49.44,Libreros Plus 2,3,Muebles,Libreros,Vector
C0041,Antonia Martínez,2022-12-16,266,Consumidor,41,Web,Centro,Metropolitana,2025-01-25,ORD-2023-00260,2023-09-08,Segunda Clase,Alta,Completado,2472.71,Normal,527.62,Normal,21.34,Archivadores Pro 6,5,Oficina,Archivadores,Patagonia
C0041,Antonia Martínez,2022-12-16,266,Consumidor,41,Web,Centro,Metropolitana,2025-01-25,ORD-2023-00260,2023-09-08,Segunda Clase,Baja,Completado,464.23,Normal,146.83,Normal,31.63,Mesas Smart 7,1,Muebles,Mesas,Patagonia
C0017,Javiera Araya,2024-05-11,122,Consumidor,72,No Especificado,Centro,Valparaíso,2024-06-17,ORD-2023-00261,2024-09-10,Mismo Día,Crítica,Completado,3998.34,Normal,573.69,Normal,14.35,Almacenamiento Flex 1,5,Muebles,Almacenamiento,Patagonia
C0017,Javiera Araya,2024-05-11,122,Consumidor,72,No Especificado,Centro,Valparaíso,2024-06-17,ORD-2023-00261,2024-09-10,Mismo Día,Crítica,Completado,1906.93,Normal,555.59,Normal,29.14,Sobres Plus 10,3,Oficina,Sobres,Altura
C0017,Javiera Araya,2024-05-11,122,Consumidor,72,No Especificado,Centro,Valparaíso,2024-06-17,ORD-2023-00261,2024-09-10,Mismo Día,Media,Completado,818.72,Normal,155.45,Normal,18.99,Teléfonos Plus 7,4,Tecnología,Teléfonos,Alerce
C0017,Javiera Araya,2024-05-11,122,Consumidor,72,No Especificado,Centro,Valparaíso,2024-06-17,ORD-2023-00261,2024-09-10,Mismo Día,Crítica,Completado,284.64,Normal,108.78,Normal,38.22,Mesas Smart 1,3,Muebles,Mesas,Orion
C0245,Paula Espinoza,2024-05-24,-189,Consumidor,96,App,Centro,Maule,2024-08-23,ORD-2023-00262,2023-11-17,Segunda Clase,Baja,Enviado,351.72,Normal,103.45,Normal,29.41,Papelería Pro 3,7,Oficina,Papelería,Altura
C0245,Paula Espinoza,2024-05-24,-189,Consumidor,96,App,Centro,Maule,2024-08-23,ORD-2023-00262,2023-11-17,Segunda Clase,Alta,Enviado,3458.21,Normal,591.0,Normal,17.09,Accesorios Nova 10,6,Tecnología,Accesorios,Andes
C0245,Paula Espinoza,2024-05-24,-189,Consumidor,96,App,Centro,Maule,2024-08-23,ORD-2023-00262,2023-11-17,Segunda Clase,Baja,Enviado,1588.8,Normal,705.98,Normal,44.43,Computadores Plus 1,2,Tecnología,Computadores,Andes
C0159,Andrés Contreras,2023-06-30,12,Corporativo,56,App,Centro,Valparaíso,2024-07-12,ORD-2023-00263,2023-07-12,Estándar,Baja,Completado,1398.08,Normal,437.76,Normal,31.31,Almacenamiento Eco 3,8,Muebles,Almacenamiento,Orion
C0159,Andrés Contreras,2023-06-30,-172,Corporativo,56,App,Centro,Valparaíso,2024-07-12,ORD-2023-00264,2023-01-09,Segunda Clase,Baja,Cancelado,3749.22,Normal,2000.4,Normal,53.36,Archivadores Flex 3,6,Oficina,Archivadores,Vector
C0159,Andrés Contreras,2023-06-30,-172,Corporativo,56,App,Centro,Valparaíso,2024-07-12,ORD-2023-00264,2023-01-09,Segunda Clase,Media,Cancelado,4932.2,Normal,2092.79,Ganancia Atípica,42.43,Sillas Smart 3,7,Muebles,Sillas,Altura
C0159,Andrés Contreras,2023-06-30,-172,Corporativo,56,App,Centro,Valparaíso,2024-07-12,ORD-2023-00264,2023-01-09,Segunda Clase,Baja,Cancelado,137.79,Normal,-2.92,Normal,-2.12,Accesorios Eco 4,7,Tecnología,Accesorios,Orion
C0159,Andrés Contreras,2023-06-30,-172,Corporativo,56,App,Centro,Valparaíso,2024-07-12,ORD-2023-00264,2023-01-09,Segunda Clase,Baja,Cancelado,1226.76,Normal,475.77,Normal,38.78,Periféricos Nova 8,3,Tecnología,Periféricos,Andes
C0048,Sofía Muñoz,2023-01-17,719,Corporativo,55,Web,Sur,Los Lagos,2024-02-27,ORD-2023-00265,2025-01-05,Segunda Clase,Alta,Enviado,1800.92,Normal,435.96,Normal,24.21,Libreros Pro 5,6,Muebles,Libreros,Nova
C0048,Sofía Muñoz,2023-01-17,719,Corporativo,55,Web,Sur,Los Lagos,2024-02-27,ORD-2023-00265,2025-01-05,Segunda Clase,Crítica,Enviado,1962.82,Normal,551.12,Normal,28.08,Periféricos Nova 8,6,Tecnología,Periféricos,Andes
C0123,Felipe Díaz,2024-07-14,-347,Consumidor,100,App,Sur,Los Lagos,2025-01-30,ORD-2023-00266,2023-08-02,Mismo Día,Crítica,Cancelado,2627.15,Normal,645.95,Normal,24.59,Teléfonos Eco 9,5,Tecnología,Teléfonos,Andes
C0161,Carlos Hernández,2024-09-19,-454,Consumidor,92,App,Sur,Los Lagos,2024-01-21,ORD-2023-00267,2023-06-23,Primera Clase,Alta,Completado,5712.26,Normal,2428.12,Ganancia Atípica,42.51,Computadores Pro 3,8,Tecnología,Computadores,Patagonia
C0227,Diego Díaz,2022-05-04,907,Consumidor,91,Correo,Sur,Los Ríos,2024-09-06,ORD-2023-00268,2024-10-27,Mismo Día,Media,Devuelto,241.28,Normal,68.77,Normal,28.5,Etiquetas Nova 10,5,Oficina,Etiquetas,Orion
C0227,Diego Díaz,2022-05-04,907,Consumidor,91,Correo,Sur,Los Ríos,2024-09-06,ORD-2023-00268,2024-10-27,Mismo Día,Crítica,Devuelto,2630.63,Normal,701.57,Normal,26.67,Mesas Smart 7,6,Muebles,Mesas,Patagonia
C0227,Diego Díaz,2022-05-04,907,Consumidor,91,Correo,Sur,Los Ríos,2024-09-06,ORD-2023-00268,2024-10-27,Mismo Día,Baja,Devuelto,3087.29,Normal,1333.02,Normal,43.18,Libreros Pro 5,8,Muebles,Libreros,Nova
C0030,Sebastián Soto,2023-08-06,541,Corporativo,19,App,Sur,Los Ríos,2024-05-31,ORD-2023-00269,2025-01-28,Estándar,Crítica,Completado,5560.8,Normal,2470.93,Ganancia Atípica,44.43,Computadores Plus 1,7,Tecnología,Computadores,Andes
C0030,Sebastián Soto,2023-08-06,541,Corporativo,19,App,Sur,Los Ríos,2024-05-31,ORD-2023-00269,2025-01-28,Estándar,Crítica,Completado,1098.42,Normal,355.23,Normal,32.34,Papelería Flex 6,2,Oficina,Papelería,Andes
C0030,Sebastián Soto,2023-08-06,541,Corporativo,19,App,Sur,Los Ríos,2024-05-31,ORD-2023-00269,2025-01-28,Estándar,Crítica,Completado,156.14,Normal,84.2,Normal,53.93,Teléfonos Pro 4,2,Tecnología,Teléfonos,Alerce
C0030,Sebastián Soto,2023-08-06,541,Corporativo,19,App,Sur,Los Ríos,2024-05-31,ORD-2023-00269,2025-01-28,Estándar,Baja,Completado,70.29,Normal,35.44,Normal,50.42,Archivadores Eco 9,7,Oficina,Archivadores,Orion
C0163,Camila Silva,2021-10-30,778,Corporativo,45,Web,Austral,Magallanes,2025-01-24,ORD-2023-00270,2023-12-17,Mismo Día,Media,Completado,138.08,Normal,48.56,Normal,35.17,Mesas Smart 9,1,Muebles,Mesas,Andes
C0163,Camila Silva,2021-10-30,778,Corporativo,45,Web,Austral,Magallanes,2025-01-24,ORD-2023-00270,2023-12-17,Mismo Día,Crítica,Completado,2008.92,Normal,925.49,Normal,46.07,Papelería Eco 2,4,Oficina,Papelería,Orion
C0163,Camila Silva,2021-10-30,778,Corporativo,45,Web,Austral,Magallanes,2025-01-24,ORD-2023-00270,2023-12-17,Mismo Día,Media,Completado,1903.68,Normal,161.44,Normal,8.48,Accesorios Plus 8,6,Tecnología,Accesorios,Andes
C0028,Benjamín Muñoz,2024-08-31,-392,Home Office,17,Web,Austral,Magallanes,2024-06-08,ORD-2023-00271,2023-08-05,Segunda Clase,Crítica,Completado,3451.12,Normal,1304.13,Normal,37.79,Accesorios Flex 9,5,Tecnología,Accesorios,Patagonia
C0028,Benjamín Muñoz,2024-08-31,-392,Home Office,17,Web,Austral,Magallanes,2024-06-08,ORD-2023-00271,2023-08-05,Segunda Clase,Alta,Completado,3016.77,Normal,1422.53,Normal,47.15,Sobres Pro 2,7,Oficina,Sobres,Orion
C0095,Martina Torres,2021-02-05,1545,Corporativo,47,Web,Sur,Biobío,2024-12-10,ORD-2023-00272,2025-04-30,Primera Clase,Media,Completado,2621.01,Normal,-109.46,Normal,-4.18,Sillas Eco 5,7,Muebles,Sillas,Lumen
C0095,Martina Torres,2021-02-05,1545,Corporativo,47,Web,Sur,Biobío,2024-12-10,ORD-2023-00272,2025-04-30,Primera Clase,Crítica,Completado,4518.37,Normal,975.53,Normal,21.59,Papelería Plus 10,7,Oficina,Papelería,Orion
C0006,Vicente Rojas,2024-07-24,4,Home Office,78,App,Norte,Tarapacá,2024-11-08,ORD-2023-00273,2024-07-28,Segunda Clase,Crítica,Completado,21.13,Normal,1.79,Normal,8.47,Accesorios Smart 2,3,Tecnología,Accesorios,Vector
C0006,Vicente Rojas,2024-07-24,4,Home Office,78,App,Norte,Tarapacá,2024-11-08,ORD-2023-00273,2024-07-28,Segunda Clase,Crítica,Completado,3089.16,Normal,1291.8,Normal,41.82,Sobres Flex 1,6,Oficina,Sobres,Lumen
C0006,Vicente Rojas,2024-07-24,4,Home Office,78,App,Norte,Tarapacá,2024-11-08,ORD-2023-00273,2024-07-28,Segunda Clase,Media,Completado,293.78,Normal,-4.32,Normal,-1.47,Periféricos Flex 4,1,Tecnología,Periféricos,Orion
C0231,Antonia Flores,2023-11-06,345,Home Office,59,Web,Norte,Antofagasta,2024-09-28,ORD-2023-00274,2024-10-16,Segunda Clase,Media,Enviado,728.11,Normal,354.96,Normal,48.75,Almacenamiento Nova 7,7,Muebles,Almacenamiento,Altura
C0231,Antonia Flores,2023-11-06,345,Home Office,59,Web,Norte,Antofagasta,2024-09-28,ORD-2023-00274,2024-10-16,Segunda Clase,Baja,Enviado,629.31,Normal,89.81,Normal,14.27,Papelería Flex 7,1,Oficina,Papelería,Andes
C0155,Constanza Hernández,2022-09-11,426,Home Office,24,Correo,Sur,Biobío,2025-03-09,ORD-2023-00275,2023-11-11,Mismo Día,Crítica,Completado,2205.72,Normal,557.76,Normal,25.29,Mesas Eco 3,7,Muebles,Mesas,Alerce
C0155,Constanza Hernández,2022-09-11,426,Home Office,24,Correo,Sur,Biobío,2025-03-09,ORD-2023-00275,2023-11-11,Mismo Día,Crítica,Completado,1036.62,Normal,382.44,Normal,36.89,Libreros Pro 7,6,Muebles,Libreros,Nova
C0155,Constanza Hernández,2022-09-11,426,Home Office,24,Correo,Sur,Biobío,2025-03-09,ORD-2023-00275,2023-11-11,Mismo Día,Media,Completado,3474.66,Normal,1439.76,Normal,41.44,Mesas Plus 5,6,Muebles,Mesas,Vector
C0155,Constanza Hernández,2022-09-11,426,Home Office,24,Correo,Sur,Biobío,2025-03-09,ORD-2023-00275,2023-11-11,Mismo Día,Crítica,Completado,4293.46,Normal,1086.87,Normal,25.31,Libreros Eco 10,7,Muebles,Libreros,Andes
C0146,Javiera Silva,2022-12-23,727,Home Office,91,App,Austral,Aysén,2024-03-14,ORD-2023-00276,2024-12-19,Estándar,Baja,Cancelado,270.78,Normal,112.46,Normal,41.53,Teléfonos Flex 2,1,Tecnología,Teléfonos,Vector
C0228,Carlos Torres,2024-01-03,148,Home Office,90,Web,Norte,Antofagasta,2024-01-04,ORD-2023-00277,2024-05-30,Mismo Día,Crítica,Completado,336.77,Normal,43.27,Normal,12.85,Archivadores Smart 10,8,Oficina,Archivadores,Andes
C0228,Carlos Torres,2024-01-03,148,Home Office,90,Web,Norte,Antofagasta,2024-01-04,ORD-2023-00277,2024-05-30,Mismo Día,Crítica,Completado,3273.06,Normal,1025.71,Normal,31.34,Teléfonos Pro 6,6,Tecnología,Teléfonos,Orion
C0004,Nicolás Silva,2021-06-13,950,Corporativo,22,App,Sur,Los Lagos,2024-12-11,ORD-2023-00278,2024-01-19,Primera Clase,Crítica,Completado,2961.48,Normal,859.2,Normal,29.01,Papelería Flex 7,4,Oficina,Papelería,Andes
C0004,Nicolás Silva,2021-06-13,950,Corporativo,22,App,Sur,Los Lagos,2024-12-11,ORD-2023-00278,2024-01-19,Primera Clase,Alta,Completado,891.67,Normal,340.86,Normal,38.23,Accesorios Flex 5,1,Tecnología,Accesorios,Vector
C0004,Nicolás Silva,2021-06-13,950,Corporativo,22,App,Sur,Los Lagos,2024-12-11,ORD-2023-00278,2024-01-19,Primera Clase,Crítica,Completado,2503.84,Normal,206.86,Normal,8.26,Etiquetas Flex 8,6,Oficina,Etiquetas,Patagonia
C0004,Nicolás Silva,2021-06-13,950,Corporativo,22,App,Sur,Los Lagos,2024-12-11,ORD-2023-00278,2024-01-19,Primera Clase,Crítica,Completado,1546.66,Normal,751.59,Normal,48.59,Periféricos Smart 1,7,Tecnología,Periféricos,Andes
C0027,Carlos Díaz,2023-06-02,668,Home Office,64,Teléfono,Sur,La Araucanía,2024-12-26,ORD-2023-00279,2025-03-31,Segunda Clase,Media,Devuelto,414.65,Normal,98.71,Normal,23.81,Libreros Pro 7,3,Muebles,Libreros,Nova
C0027,Carlos Díaz,2023-06-02,668,Home Office,64,Teléfono,Sur,La Araucanía,2024-12-26,ORD-2023-00279,2025-03-31,Segunda Clase,Alta,Devuelto,686.06,Normal,236.91,Normal,34.53,Libreros Pro 5,2,Muebles,Libreros,Nova
C0027,Carlos Díaz,2023-06-02,668,Home Office,64,Teléfono,Sur,La Araucanía,2024-12-26,ORD-2023-00279,2025-03-31,Segunda Clase,Baja,Devuelto,1251.92,Normal,100.48,Normal,8.03,Etiquetas Flex 8,3,Oficina,Etiquetas,Patagonia
C0014,Isidora Flores,2024-08-05,-135,Corporativo,24,Teléfono,Norte,Antofagasta,2024-05-13,ORD-2023-00280,2024-03-23,Estándar,Media,Completado,2887.57,Normal,1062.32,Normal,36.79,Almacenamiento Smart 4,7,Muebles,Almacenamiento,Lumen
C0233,Jorge Díaz,2022-11-12,699,Home Office,15,App,Sur,La Araucanía,2024-05-26,ORD-2023-00281,2024-10-11,Segunda Clase,Baja,Completado,2137.15,Normal,199.17,Normal,9.32,Libreros Smart 9,4,Muebles,Libreros,Patagonia
C0233,Jorge Díaz,2022-11-12,699,Home Office,15,App,Sur,La Araucanía,2024-05-26,ORD-2023-00281,2024-10-11,Segunda Clase,Baja,Completado,1754.4,Normal,912.78,Normal,52.03,Periféricos Nova 6,2,Tecnología,Periféricos,Patagonia
C0057,Luis Fuentes,2023-12-01,136,Consumidor,56,App,Sur,Los Lagos,2024-09-07,ORD-2023-00282,2024-04-15,Segunda Clase,Crítica,Completado,857.91,Normal,170.78,Normal,19.91,Libreros Eco 4,6,Muebles,Libreros,Andes
C0012,Sofía Soto,2023-05-15,289,Home Office,59,Web,Norte,Tarapacá,2024-09-01,ORD-2023-00283,2024-02-28,Segunda Clase,Media,Completado,1214.3,Normal,-121.63,Normal,-10.02,Sillas Smart 9,6,Muebles,Sillas,Orion
C0012,Sofía Soto,2023-05-15,289,Home Office,59,Web,Norte,Tarapacá,2024-09-01,ORD-2023-00283,2024-02-28,Segunda Clase,Baja,Completado,237.11,Normal,48.2,Normal,20.33,Periféricos Nova 9,1,Tecnología,Periféricos,Vector
C0012,Sofía Soto,2023-05-15,289,Home Office,59,Web,Norte,Tarapacá,2024-09-01,ORD-2023-00283,2024-02-28,Segunda Clase,Baja,Completado,3974.43,Normal,1682.74,Normal,42.34,Teléfonos Pro 6,6,Tecnología,Teléfonos,Orion
C0012,Sofía Soto,2023-05-15,289,Home Office,59,Web,Norte,Tarapacá,2024-09-01,ORD-2023-00283,2024-02-28,Segunda Clase,Baja,Completado,3972.0,Normal,1764.95,Normal,44.43,Computadores Plus 1,5,Tecnología,Computadores,Andes
C0275,Carlos López,2022-11-26,59,Corporativo,28,Teléfono,Centro,Maule,2024-02-09,ORD-2023-00284,2023-01-24,Primera Clase,Media,Completado,168.72,Normal,49.86,Normal,29.55,Accesorios Eco 4,6,Tecnología,Accesorios,Orion
C0275,Carlos López,2022-11-26,59,Corporativo,28,Teléfono,Centro,Maule,2024-02-09,ORD-2023-00284,2023-01-24,Primera Clase,Baja,Completado,2676.49,Normal,120.68,Normal,4.51,Periféricos Nova 5,5,Tecnología,Periféricos,Orion
C0179,Benjamín Díaz,2024-02-14,316,Corporativo,24,Teléfono,Sur,Biobío,2024-09-30,ORD-2023-00285,2024-12-26,Mismo Día,Alta,Completado,2232.86,Normal,874.56,Normal,39.17,Sobres Plus 9,4,Oficina,Sobres,Andes
C0179,Benjamín Díaz,2024-02-14,316,Corporativo,24,Teléfono,Sur,Biobío,2024-09-30,ORD-2023-00285,2024-12-26,Mismo Día,Media,Completado,170.78,Normal,56.08,Normal,32.84,Mesas Smart 1,2,Muebles,Mesas,Orion
C0179,Benjamín Díaz,2024-02-14,316,Corporativo,24,Teléfono,Sur,Biobío,2024-09-30,ORD-2023-00285,2024-12-26,Mismo Día,Crítica,Completado,3999.17,Normal,1514.3,Normal,37.87,Archivadores Flex 3,8,Oficina,Archivadores,Vector
C0179,Benjamín Díaz,2024-02-14,316,Corporativo,24,Teléfono,Sur,Biobío,2024-09-30,ORD-2023-00285,2024-12-26,Mismo Día,Crítica,Completado,465.33,Normal,193.1,Normal,41.5,Almacenamiento Nova 7,5,Muebles,Almacenamiento,Altura
C0220,Felipe Rodríguez,2021-07-30,724,Home Office,46,Web,Norte,Coquimbo,2024-12-28,ORD-2023-00286,2023-07-24,Estándar,Alta,Completado,722.86,Normal,287.06,Normal,39.71,Almacenamiento Eco 6,7,Muebles,Almacenamiento,Patagonia
C0220,Felipe Rodríguez,2021-07-30,724,Home Office,46,Web,Norte,Coquimbo,2024-12-28,ORD-2023-00286,2023-07-24,Estándar,Alta,Completado,94.88,Normal,36.26,Normal,38.22,Mesas Smart 1,1,Muebles,Mesas,Orion
C0220,Felipe Rodríguez,2021-07-30,724,Home Office,46,Web,Norte,Coquimbo,2024-12-28,ORD-2023-00286,2023-07-24,Estándar,Media,Completado,1476.73,Normal,485.83,Normal,32.9,Mesas Plus 5,3,Muebles,Mesas,Vector
C0191,Martina Silva,2024-02-19,-34,Home Office,19,Teléfono,Centro,Metropolitana,2025-01-14,ORD-2023-00287,2024-01-16,Primera Clase,Alta,Completado,3513.02,Normal,1662.0,Normal,47.31,Archivadores Nova 2,6,Oficina,Archivadores,Alerce
C0120,Fernanda Díaz,2023-11-20,252,Corporativo,94,Web,Centro,Valparaíso,2024-04-29,ORD-2023-00288,2024-07-29,Estándar,Crítica,Completado,986.11,Normal,350.29,Normal,35.52,Archivadores Nova 2,2,Oficina,Archivadores,Alerce
C0120,Fernanda Díaz,2023-11-20,252,Corporativo,94,Web,Centro,Valparaíso,2024-04-29,ORD-2023-00288,2024-07-29,Estándar,Crítica,Completado,880.76,Normal,282.96,Normal,32.13,Sillas Eco 1,6,Muebles,Sillas,Vector
C0120,Fernanda Díaz,2023-11-20,252,Corporativo,94,Web,Centro,Valparaíso,2024-04-29,ORD-2023-00288,2024-07-29,Estándar,Baja,Completado,135.46,Normal,21.08,Normal,15.56,Libreros Eco 4,1,Muebles,Libreros,Andes
C0232,Catalina López,2022-06-04,386,Corporativo,55,Web,Austral,Aysén,2024-05-20,ORD-2023-00289,2023-06-25,Estándar,Crítica,Completado,37.02,Normal,2.68,Normal,7.24,Papelería Pro 3,1,Oficina,Papelería,Altura
C0019,Matías Torres,2023-12-27,186,Consumidor,26,App,Austral,Aysén,2024-10-20,ORD-2023-00290,2024-06-30,Estándar,Alta,Completado,2811.91,Normal,1377.41,Normal,48.98,Archivadores Flex 3,5,Oficina,Archivadores,Vector
C0019,Matías Torres,2023-12-27,186,Consumidor,26,App,Austral,Aysén,2024-10-20,ORD-2023-00290,2024-06-30,Estándar,Baja,Completado,840.05,Normal,85.02,Normal,10.12,Mesas Nova 2,2,Muebles,Mesas,Lumen
C0019,Matías Torres,2023-12-27,186,Consumidor,26,App,Austral,Aysén,2024-10-20,ORD-2023-00290,2024-06-30,Estándar,Baja,Completado,332.08,Normal,39.36,Normal,11.85,Mesas Smart 1,5,Muebles,Mesas,Orion
C0019,Matías Torres,2023-12-27,186,Consumidor,26,App,Austral,Aysén,2024-10-20,ORD-2023-00290,2024-06-30,Estándar,Baja,Completado,2945.7,Normal,590.46,Normal,20.04,Etiquetas Flex 8,6,Oficina,Etiquetas,Patagonia
C0006,Vicente Rojas,2024-07-24,-428,Home Office,78,App,Norte,Tarapacá,2024-11-08,ORD-2023-00291,2023-05-23,Mismo Día,Baja,Enviado,1150.83,Normal,448.91,Normal,39.01,Teléfonos Flex 2,4,Tecnología,Teléfonos,Vector
C0006,Vicente Rojas,2024-07-24,-428,Home Office,78,App,Norte,Tarapacá,2024-11-08,ORD-2023-00291,2023-05-23,Mismo Día,Baja,Enviado,635.64,Normal,187.73,Normal,29.53,Sobres Plus 10,1,Oficina,Sobres,Altura
C0057,Luis Fuentes,2023-12-01,-285,Consumidor,56,App,Sur,Los Lagos,2024-09-07,ORD-2023-00292,2023-02-19,Mismo Día,Alta,Completado,1302.5,Normal,344.3,Normal,26.43,Sobres Plus 9,3,Oficina,Sobres,Andes
C0057,Luis Fuentes,2023-12-01,-285,Consumidor,56,App,Sur,Los Lagos,2024-09-07,ORD-2023-00292,2023-02-19,Mismo Día,Baja,Completado,1235.66,Normal,320.07,Normal,25.9,Sobres Flex 1,3,Oficina,Sobres,Lumen
C0268,Paula Castillo,2022-05-24,762,Corporativo,51,App,Sur,La Araucanía,2024-10-15,ORD-2023-00293,2024-06-24,Primera Clase,Baja,Completado,506.02,Normal,101.07,Normal,19.97,Computadores Eco 9,2,Tecnología,Computadores,Patagonia
C0268,Paula Castillo,2022-05-24,762,Corporativo,51,App,Sur,La Araucanía,2024-10-15,ORD-2023-00293,2024-06-24,Primera Clase,Baja,Completado,322.51,Normal,140.78,Normal,43.65,Sillas Pro 6,4,Muebles,Sillas,Nova
C0268,Paula Castillo,2022-05-24,762,Corporativo,51,App,Sur,La Araucanía,2024-10-15,ORD-2023-00293,2024-06-24,Primera Clase,Media,Completado,142.98,Normal,29.6,Normal,20.7,Libreros Eco 4,1,Muebles,Libreros,Andes
C0268,Paula Castillo,2022-05-24,762,Corporativo,51,App,Sur,La Araucanía,2024-10-15,ORD-2023-00293,2024-06-24,Primera Clase,Alta,Completado,1052.63,Normal,397.98,Normal,37.81,Mesas Smart 10,7,Muebles,Mesas,Vector
C0107,Matías Díaz,2024-07-05,282,Consumidor,43,App,Austral,Magallanes,2024-01-09,ORD-2023-00294,2025-04-13,Primera Clase,Baja,Completado,4122.32,Normal,1304.72,Normal,31.65,Archivadores Flex 1,8,Oficina,Archivadores,Alerce
C0107,Matías Díaz,2024-07-05,282,Consumidor,43,App,Austral,Magallanes,2024-01-09,ORD-2023-00294,2025-04-13,Primera Clase,Crítica,Completado,661.34,Normal,155.68,Normal,23.54,Sobres Nova 8,3,Oficina,Sobres,Alerce
C0107,Matías Díaz,2024-07-05,282,Consumidor,43,App,Austral,Magallanes,2024-01-09,ORD-2023-00294,2025-04-13,Primera Clase,Alta,Completado,752.22,Normal,52.82,Normal,7.02,Mesas Nova 8,4,Muebles,Mesas,Andes
C0217,Gabriel Hernández,2023-12-30,-195,Consumidor,49,App,Austral,Magallanes,2024-01-04,ORD-2023-00295,2023-06-18,Estándar,Baja,Completado,162.81,Normal,58.5,Normal,35.93,Periféricos Smart 1,1,Tecnología,Periféricos,Andes
C0244,Nicolás Hernández,2021-09-16,1149,Consumidor,40,Web,Norte,Coquimbo,2024-07-10,ORD-2023-00296,2024-11-08,Estándar,Alta,Completado,1109.11,Normal,386.41,Normal,34.84,Computadores Pro 8,3,Tecnología,Computadores,Lumen
C0244,Nicolás Hernández,2021-09-16,1149,Consumidor,40,Web,Norte,Coquimbo,2024-07-10,ORD-2023-00296,2024-11-08,Estándar,Baja,Completado,2254.25,Normal,1118.65,Normal,49.62,Accesorios Nova 7,8,Tecnología,Accesorios,Alerce
C0244,Nicolás Hernández,2021-09-16,1149,Consumidor,40,Web,Norte,Coquimbo,2024-07-10,ORD-2023-00296,2024-11-08,Estándar,Media,Completado,4122.27,Normal,1787.52,Normal,43.36,Papelería Flex 4,7,Oficina,Papelería,Altura
C0244,Nicolás Hernández,2021-09-16,1149,Consumidor,40,Web,Norte,Coquimbo,2024-07-10,ORD-2023-00296,2024-11-08,Estándar,Crítica,Completado,1334.2,Normal,199.35,Normal,14.94,Mesas Nova 2,3,Muebles,Mesas,Lumen
C0266,Javiera Rodríguez,2024-02-25,23,Home Office,50,Web,Norte,Antofagasta,2024-02-08,ORD-2023-00297,2024-03-19,Estándar,Baja,Completado,281.78,Normal,141.47,Normal,50.21,Accesorios Nova 7,1,Tecnología,Accesorios,Alerce
C0142,Tomás Soto,2023-06-24,57,Consumidor,85,Teléfono,Centro,Maule,2024-04-04,ORD-2023-00298,2023-08-20,Mismo Día,Media,Completado,630.14,Normal,28.43,Normal,4.51,Archivadores Pro 4,5,Oficina,Archivadores,Alerce
C0142,Tomás Soto,2023-06-24,57,Consumidor,85,Teléfono,Centro,Maule,2024-04-04,ORD-2023-00298,2023-08-20,Mismo Día,Baja,Completado,2407.05,Normal,423.83,Normal,17.61,Sillas Eco 5,5,Muebles,Sillas,Lumen
C0095,Martina Torres,2021-02-05,1210,Corporativo,47,Web,Sur,Biobío,2024-12-10,ORD-2023-00299,2024-05-30,Segunda Clase,Crítica,Completado,1391.68,Normal,545.98,Normal,39.23,Papelería Eco 8,2,Oficina,Papelería,Patagonia
C0095,Martina Torres,2021-02-05,1210,Corporativo,47,Web,Sur,Biobío,2024-12-10,ORD-2023-00299,2024-05-30,Segunda Clase,Baja,Completado,367.8,Normal,-23.89,Normal,-6.5,Teléfonos Eco 9,1,Tecnología,Teléfonos,Andes
C0095,Martina Torres,2021-02-05,1210,Corporativo,47,Web,Sur,Biobío,2024-12-10,ORD-2023-00299,2024-05-30,Segunda Clase,Baja,Completado,3966.85,Normal,1991.4,Normal,50.2,Computadores Pro 3,5,Tecnología,Computadores,Patagonia
C0181,Pedro Martínez,2022-09-25,583,Home Office,54,Teléfono,Centro,Valparaíso,2024-05-13,ORD-2023-00300,2024-04-30,Estándar,Media,Completado,830.11,Normal,229.47,Normal,27.64,Almacenamiento Eco 3,5,Muebles,Almacenamiento,Orion
C0076,Isidora Silva,2022-03-26,1074,Corporativo,65,Teléfono,Norte,Antofagasta,2024-05-26,ORD-2023-00301,2025-03-04,Primera Clase,Baja,Completado,5356.87,Normal,1061.26,Normal,19.81,Papelería Smart 5,8,Oficina,Papelería,Alerce
C0076,Isidora Silva,2022-03-26,1074,Corporativo,65,Teléfono,Norte,Antofagasta,2024-05-26,ORD-2023-00301,2025-03-04,Primera Clase,Crítica,Completado,1212.68,Normal,490.53,Normal,40.45,Etiquetas Eco 6,6,Oficina,Etiquetas,Vector
C0076,Isidora Silva,2022-03-26,1074,Corporativo,65,Teléfono,Norte,Antofagasta,2024-05-26,ORD-2023-00301,2025-03-04,Primera Clase,Crítica,Completado,3492.5,Normal,914.5,Normal,26.18,Teléfonos Plus 5,5,Tecnología,Teléfonos,Nova
C0113,Martina Sepúlveda,2023-04-05,581,Home Office,74,Teléfono,Norte,Antofagasta,2024-05-05,ORD-2023-00302,2024-11-06,Mismo Día,Crítica,Completado,1342.33,Normal,537.4,Normal,40.03,Archivadores Pro 6,2,Oficina,Archivadores,Patagonia
C0113,Martina Sepúlveda,2023-04-05,581,Home Office,74,Teléfono,Norte,Antofagasta,2024-05-05,ORD-2023-00302,2024-11-06,Mismo Día,Crítica,Completado,1063.55,Normal,508.84,Normal,47.84,Papelería Eco 2,2,Oficina,Papelería,Orion
C0270,Ana Rojas,2023-11-02,-126,Corporativo,40,Correo,Norte,Tarapacá,2025-03-11,ORD-2023-00303,2023-06-29,Primera Clase,Alta,Completado,4166.7,Normal,2102.9,Ganancia Atípica,50.47,Periféricos Nova 6,5,Tecnología,Periféricos,Patagonia
C0270,Ana Rojas,2023-11-02,-126,Corporativo,40,Correo,Norte,Tarapacá,2025-03-11,ORD-2023-00303,2023-06-29,Primera Clase,Alta,Completado,123.92,Normal,35.34,Normal,28.52,Etiquetas Pro 7,2,Oficina,Etiquetas,Orion
C0270,Ana Rojas,2023-11-02,-126,Corporativo,40,Correo,Norte,Tarapacá,2025-03-11,ORD-2023-00303,2023-06-29,Primera Clase,Media,Completado,577.96,Normal,262.86,Normal,45.48,Periféricos Nova 7,2,Tecnología,Periféricos,Orion
C0270,Ana Rojas,2023-11-02,-126,Corporativo,40,Correo,Norte,Tarapacá,2025-03-11,ORD-2023-00303,2023-06-29,Primera Clase,Media,Completado,427.38,Normal,144.35,Normal,33.78,Mesas Smart 10,3,Muebles,Mesas,Vector
C0156,Luis Sepúlveda,2021-08-26,991,Corporativo,40,Web,Centro,O'Higgins,2024-02-17,ORD-2023-00304,2024-05-13,Estándar,Baja,Completado,449.14,Normal,212.2,Normal,47.25,Etiquetas Eco 6,2,Oficina,Etiquetas,Vector
C0156,Luis Sepúlveda,2021-08-26,991,Corporativo,40,Web,Centro,O'Higgins,2024-02-17,ORD-2023-00304,2024-05-13,Estándar,Media,Completado,3615.9,Normal,965.94,Normal,26.71,Mesas Flex 6,6,Muebles,Mesas,Orion
C0156,Luis Sepúlveda,2021-08-26,991,Corporativo,40,Web,Centro,O'Higgins,2024-02-17,ORD-2023-00304,2024-05-13,Estándar,Alta,Completado,2674.5,Normal,716.3,Normal,26.78,Sillas Eco 5,5,Muebles,Sillas,Lumen
C0074,Constanza Fuentes,2024-04-11,284,Corporativo,83,Web,Sur,La Araucanía,2024-01-31,ORD-2023-00305,2025-01-20,Estándar,Baja,Completado,4052.1,Normal,547.83,Normal,13.52,Periféricos Eco 2,7,Tecnología,Periféricos,Vector
C0074,Constanza Fuentes,2024-04-11,284,Corporativo,83,Web,Sur,La Araucanía,2024-01-31,ORD-2023-00305,2025-01-20,Estándar,Media,Completado,593.42,Normal,159.71,Normal,26.91,Sobres Pro 5,5,Oficina,Sobres,Alerce
C0074,Constanza Fuentes,2024-04-11,284,Corporativo,83,Web,Sur,La Araucanía,2024-01-31,ORD-2023-00305,2025-01-20,Estándar,Media,Completado,1039.82,Normal,177.2,Normal,17.04,Almacenamiento Eco 3,7,Muebles,Almacenamiento,Orion
C0103,Fernanda Soto,2022-06-02,469,Consumidor,24,Correo,Austral,Aysén,2025-01-26,ORD-2023-00306,2023-09-14,Estándar,Crítica,Completado,1840.06,Normal,374.28,Normal,20.34,Libreros Eco 10,3,Muebles,Libreros,Andes
C0103,Fernanda Soto,2022-06-02,469,Consumidor,24,Correo,Austral,Aysén,2025-01-26,ORD-2023-00306,2023-09-14,Estándar,Alta,Completado,600.31,Normal,59.05,Normal,9.84,Teléfonos Nova 3,3,Tecnología,Teléfonos,Lumen
C0103,Fernanda Soto,2022-06-02,469,Consumidor,24,Correo,Austral,Aysén,2025-01-26,ORD-2023-00306,2023-09-14,Estándar,Crítica,Completado,759.79,Normal,200.97,Normal,26.45,Mesas Smart 10,6,Muebles,Mesas,Vector
C0103,Fernanda Soto,2022-06-02,469,Consumidor,24,Correo,Austral,Aysén,2025-01-26,ORD-2023-00306,2023-09-14,Estándar,Media,Completado,22.5,Normal,3.61,Normal,16.04,Accesorios Eco 4,1,Tecnología,Accesorios,Orion
C0155,Constanza Hernández,2022-09-11,917,Home Office,24,Correo,Sur,Biobío,2025-03-09,ORD-2023-00307,2025-03-16,Primera Clase,Crítica,Completado,1790.95,Normal,647.29,Normal,36.14,Teléfonos Plus 7,7,Tecnología,Teléfonos,Alerce
C0155,Constanza Hernández,2022-09-11,917,Home Office,24,Correo,Sur,Biobío,2025-03-09,ORD-2023-00307,2025-03-16,Primera Clase,Baja,Completado,490.95,Normal,98.41,Normal,20.04,Etiquetas Flex 8,1,Oficina,Etiquetas,Patagonia
C0155,Constanza Hernández,2022-09-11,917,Home Office,24,Correo,Sur,Biobío,2025-03-09,ORD-2023-00307,2025-03-16,Primera Clase,Alta,Completado,1268.28,Normal,453.33,Normal,35.74,Sillas Smart 3,2,Muebles,Sillas,Altura
C0155,Constanza Hernández,2022-09-11,917,Home Office,24,Correo,Sur,Biobío,2025-03-09,ORD-2023-00307,2025-03-16,Primera Clase,Baja,Completado,514.86,Normal,215.3,Normal,41.82,Sobres Flex 1,1,Oficina,Sobres,Lumen
C0105,Diego Rojas,2021-08-31,1016,Consumidor,87,Correo,Austral,Magallanes,2024-12-04,ORD-2023-00308,2024-06-12,Segunda Clase,Media,Devuelto,1185.55,Normal,241.0,Normal,20.33,Periféricos Nova 9,5,Tecnología,Periféricos,Vector
C0105,Diego Rojas,2021-08-31,1016,Consumidor,87,Correo,Austral,Magallanes,2024-12-04,ORD-2023-00308,2024-06-12,Segunda Clase,Baja,Devuelto,1397.0,Normal,365.8,Normal,26.18,Teléfonos Plus 5,2,Tecnología,Teléfonos,Nova
C0267,Carlos Martínez,2022-05-23,322,Corporativo,22,App,Sur,Los Ríos,2024-05-23,ORD-2023-00309,2023-04-10,Mismo Día,Media,Completado,1116.43,Normal,425.79,Normal,38.14,Sobres Plus 9,2,Oficina,Sobres,Andes
C0121,Sebastián Muñoz,2023-11-28,228,Consumidor,89,Teléfono,Austral,Aysén,2024-10-21,ORD-2023-00310,2024-07-13,Estándar,Media,Completado,590.86,Normal,322.42,Normal,54.57,Papelería Eco 2,1,Oficina,Papelería,Orion
C0121,Sebastián Muñoz,2023-11-28,228,Consumidor,89,Teléfono,Austral,Aysén,2024-10-21,ORD-2023-00310,2024-07-13,Estándar,Alta,Completado,1207.42,Normal,355.14,Normal,29.41,Computadores Pro 2,4,Tecnología,Computadores,Altura
C0052,Jorge Contreras,2022-12-18,616,Corporativo,39,Teléfono,Sur,La Araucanía,2024-03-17,ORD-2023-00311,2024-08-25,Estándar,Crítica,Completado,1816.36,Normal,954.59,Normal,52.56,Etiquetas Pro 5,7,Oficina,Etiquetas,Lumen
C0052,Jorge Contreras,2022-12-18,616,Corporativo,39,Teléfono,Sur,La Araucanía,2024-03-17,ORD-2023-00311,2024-08-25,Estándar,Baja,Completado,5455.1,Normal,2776.2,Ganancia Atípica,50.89,Teléfonos Pro 6,7,Tecnología,Teléfonos,Orion
C0052,Jorge Contreras,2022-12-18,616,Corporativo,39,Teléfono,Sur,La Araucanía,2024-03-17,ORD-2023-00311,2024-08-25,Estándar,Alta,Completado,423.12,Normal,137.44,Normal,32.48,Papelería Pro 3,8,Oficina,Papelería,Altura
C0052,Jorge Contreras,2022-12-18,616,Corporativo,39,Teléfono,Sur,La Araucanía,2024-03-17,ORD-2023-00311,2024-08-25,Estándar,Media,Completado,3843.17,Normal,220.07,Normal,5.73,Teléfonos Flex 8,8,Tecnología,Teléfonos,Patagonia
C0184,Fernanda Soto,2022-10-01,604,Corporativo,82,Teléfono,Norte,Coquimbo,2025-02-15,ORD-2023-00312,2024-05-27,Mismo Día,Alta,Completado,2023.09,Normal,815.56,Normal,40.31,Computadores Pro 3,3,Tecnología,Computadores,Patagonia
C0236,Fernanda Sepúlveda,2023-03-27,647,Home Office,42,Correo,Centro,Maule,2025-02-16,ORD-2023-00313,2025-01-02,Primera Clase,Media,Completado,1485.12,Normal,83.47,Normal,5.62,Sobres Nova 8,8,Oficina,Sobres,Alerce
C0295,Catalina Torres,2024-08-25,123,Corporativo,46,App,Austral,Magallanes,2024-08-18,ORD-2023-00314,2024-12-26,Segunda Clase,Baja,Completado,550.75,Normal,203.89,Normal,37.02,Almacenamiento Eco 6,6,Muebles,Almacenamiento,Patagonia
C0295,Catalina Torres,2024-08-25,123,Corporativo,46,App,Austral,Magallanes,2024-08-18,ORD-2023-00314,2024-12-26,Segunda Clase,Baja,Completado,171.91,Normal,68.55,Normal,39.88,Etiquetas Nova 10,3,Oficina,Etiquetas,Orion
C0295,Catalina Torres,2024-08-25,123,Corporativo,46,App,Austral,Magallanes,2024-08-18,ORD-2023-00314,2024-12-26,Segunda Clase,Media,Completado,1023.47,Normal,85.89,Normal,8.39,Libreros Eco 4,8,Muebles,Libreros,Andes
C0054,Catalina Araya,2024-10-23,-483,Corporativo,13,Teléfono,Sur,La Araucanía,2024-08-14,ORD-2023-00315,2023-06-28,Mismo Día,Baja,Enviado,244.35,Normal,64.85,Normal,26.54,Almacenamiento Nova 9,5,Muebles,Almacenamiento,Alerce
C0227,Diego Díaz,2022-05-04,1023,Consumidor,91,Correo,Sur,Los Ríos,2024-09-06,ORD-2023-00316,2025-02-20,Segunda Clase,Media,Enviado,4860.1,Normal,1139.8,Normal,23.45,Papelería Plus 10,8,Oficina,Papelería,Orion
C0101,Ana Flores,2022-07-16,427,Consumidor,16,Web,Norte,Tarapacá,2024-05-21,ORD-2023-00317,2023-09-16,Segunda Clase,Media,Completado,338.48,Normal,169.42,Normal,50.05,Teléfonos Flex 2,1,Tecnología,Teléfonos,Vector
C0101,Ana Flores,2022-07-16,427,Consumidor,16,Web,Norte,Tarapacá,2024-05-21,ORD-2023-00317,2023-09-16,Segunda Clase,Baja,Completado,112.09,Normal,23.69,Normal,21.13,Sobres Pro 5,1,Oficina,Sobres,Alerce
C0175,María Fuentes,2023-02-03,156,Consumidor,81,App,Centro,Metropolitana,2024-07-22,ORD-2023-00318,2023-07-09,Mismo Día,Media,Cancelado,2805.07,Normal,747.48,Normal,26.65,Almacenamiento Smart 4,8,Muebles,Almacenamiento,Lumen
C0175,María Fuentes,2023-02-03,156,Consumidor,81,App,Centro,Metropolitana,2024-07-22,ORD-2023-00318,2023-07-09,Mismo Día,Crítica,Cancelado,754.04,Normal,76.15,Normal,10.1,Etiquetas Nova 3,2,Oficina,Etiquetas,Alerce
C0037,Carlos Espinoza,2024-03-31,127,Consumidor,89,Web,Austral,Aysén,2024-10-08,ORD-2023-00319,2024-08-05,Mismo Día,Alta,Completado,656.94,Normal,335.1,Normal,51.01,Almacenamiento Nova 7,6,Muebles,Almacenamiento,Altura
C0129,Felipe Rodríguez,2024-02-05,-1,Corporativo,68,Correo,Centro,Maule,2024-06-02,ORD-2023-00320,2024-02-04,Estándar,Baja,Devuelto,241.28,Normal,63.72,Normal,26.41,Etiquetas Nova 10,5,Oficina,Etiquetas,Orion
C0129,Felipe Rodríguez,2024-02-05,-1,Corporativo,68,Correo,Centro,Maule,2024-06-02,ORD-2023-00320,2024-02-04,Estándar,Baja,Devuelto,3832.99,Normal,1638.49,Normal,42.75,Almacenamiento Plus 5,8,Muebles,Almacenamiento,Nova
C0174,Nicolás Martínez,2021-11-09,849,Corporativo,18,Correo,Sur,Los Lagos,2024-12-26,ORD-2023-00321,2024-03-07,Primera Clase,Baja,Completado,1860.64,Normal,956.32,Normal,51.4,Periféricos Smart 1,8,Tecnología,Periféricos,Andes
C0178,Carlos Espinoza,2022-03-12,367,Home Office,94,App,Centro,Valparaíso,2024-07-13,ORD-2023-00322,2023-03-14,Estándar,Crítica,Completado,1279.25,Normal,462.35,Normal,36.14,Teléfonos Plus 7,5,Tecnología,Teléfonos,Alerce
C0178,Carlos Espinoza,2022-03-12,367,Home Office,94,App,Centro,Valparaíso,2024-07-13,ORD-2023-00322,2023-03-14,Estándar,Alta,Completado,1457.89,Normal,613.69,Normal,42.09,Libreros Pro 5,4,Muebles,Libreros,Nova
C0178,Carlos Espinoza,2022-03-12,367,Home Office,94,App,Centro,Valparaíso,2024-07-13,ORD-2023-00322,2023-03-14,Estándar,Baja,Completado,2314.84,Normal,772.16,Normal,33.36,Etiquetas Eco 1,4,Oficina,Etiquetas,Nova
C0178,Carlos Espinoza,2022-03-12,367,Home Office,94,App,Centro,Valparaíso,2024-07-13,ORD-2023-00322,2023-03-14,Estándar,Baja,Completado,168.38,Normal,12.08,Normal,7.17,Archivadores Smart 10,4,Oficina,Archivadores,Andes
C0283,Josefa Díaz,2021-02-08,1185,Consumidor,50,Correo,Austral,Magallanes,2024-12-18,ORD-2023-00323,2024-05-08,Mismo Día,Alta,Completado,2665.56,Normal,633.09,Normal,23.75,Almacenamiento Flex 1,3,Muebles,Almacenamiento,Patagonia
C0283,Josefa Díaz,2021-02-08,1185,Consumidor,50,Correo,Austral,Magallanes,2024-12-18,ORD-2023-00323,2024-05-08,Mismo Día,Baja,Completado,288.56,Normal,109.45,Normal,37.93,Sillas Pro 6,4,Muebles,Sillas,Nova
C0283,Josefa Díaz,2021-02-08,1185,Consumidor,50,Correo,Austral,Magallanes,2024-12-18,ORD-2023-00323,2024-05-08,Mismo Día,Media,Completado,930.32,Normal,478.16,Normal,51.4,Periféricos Smart 1,4,Tecnología,Periféricos,Andes
C0283,Josefa Díaz,2021-02-08,1185,Consumidor,50,Correo,Austral,Magallanes,2024-12-18,ORD-2023-00323,2024-05-08,Mismo Día,Media,Completado,370.71,Normal,132.0,Normal,35.61,Mesas Eco 3,1,Muebles,Mesas,Alerce
C0030,Sebastián Soto,2023-08-06,-139,Corporativo,19,App,Sur,Los Ríos,2024-05-31,ORD-2023-00324,2023-03-20,Primera Clase,Baja,Completado,981.41,Normal,232.51,Normal,23.69,Periféricos Nova 8,3,Tecnología,Periféricos,Andes
C0030,Sebastián Soto,2023-08-06,-139,Corporativo,19,App,Sur,Los Ríos,2024-05-31,ORD-2023-00324,2023-03-20,Primera Clase,Media,Completado,1488.02,Normal,406.04,Normal,27.29,Papelería Smart 5,2,Oficina,Papelería,Alerce
C0254,Isidora Rojas,2022-09-26,819,Consumidor,71,Correo,Sur,Biobío,2024-01-29,ORD-2023-00325,2024-12-23,Segunda Clase,Alta,Enviado,3314.69,Normal,708.97,Normal,21.39,Sillas Plus 7,5,Muebles,Sillas,Andes
C0254,Isidora Rojas,2022-09-26,819,Consumidor,71,Correo,Sur,Biobío,2024-01-29,ORD-2023-00325,2024-12-23,Segunda Clase,Crítica,Enviado,309.04,Normal,107.9,Normal,34.91,Sillas Eco 1,2,Muebles,Sillas,Vector
C0254,Isidora Rojas,2022-09-26,819,Consumidor,71,Correo,Sur,Biobío,2024-01-29,ORD-2023-00325,2024-12-23,Segunda Clase,Media,Enviado,3710.09,Normal,962.0,Normal,25.93,Archivadores Flex 1,8,Oficina,Archivadores,Alerce
C0267,Carlos Martínez,2022-05-23,459,Corporativo,22,App,Sur,Los Ríos,2024-05-23,ORD-2023-00326,2023-08-25,Primera Clase,Crítica,Completado,2496.68,Normal,229.28,Normal,9.18,Accesorios Flex 5,4,Tecnología,Accesorios,Vector
C0267,Carlos Martínez,2022-05-23,459,Corporativo,22,App,Sur,Los Ríos,2024-05-23,ORD-2023-00326,2023-08-25,Primera Clase,Alta,Completado,488.95,Normal,-54.84,Normal,-11.22,Teléfonos Plus 5,1,Tecnología,Teléfonos,Nova
C0143,Sebastián Martínez,2022-09-11,714,Corporativo,59,App,Austral,Magallanes,2024-10-02,ORD-2023-00327,2024-08-25,Mismo Día,Media,Completado,2883.22,Normal,802.44,Normal,27.83,Sobres Flex 1,7,Oficina,Sobres,Lumen
C0106,Paula Hernández,2022-09-01,510,Corporativo,49,Correo,Centro,Maule,2024-11-10,ORD-2023-00328,2024-01-24,Primera Clase,Alta,Completado,600.33,Normal,145.34,Normal,24.21,Sobres Plus 10,1,Oficina,Sobres,Altura
C0106,Paula Hernández,2022-09-01,510,Corporativo,49,Correo,Centro,Maule,2024-11-10,ORD-2023-00328,2024-01-24,Primera Clase,Crítica,Completado,2420.8,Normal,850.8,Normal,35.15,Etiquetas Nova 4,4,Oficina,Etiquetas,Altura
C0106,Paula Hernández,2022-09-01,510,Corporativo,49,Correo,Centro,Maule,2024-11-10,ORD-2023-00328,2024-01-24,Primera Clase,Crítica,Completado,3604.02,Normal,1507.1,Normal,41.82,Sobres Flex 1,7,Oficina,Sobres,Lumen
C0148,Josefa Rodríguez,2021-09-27,1008,Home Office,47,Web,Norte,Antofagasta,2024-10-14,ORD-2023-00329,2024-07-01,Mismo Día,Alta,Completado,230.26,Normal,63.82,Normal,27.72,Teléfonos Plus 7,1,Tecnología,Teléfonos,Alerce
C0148,Josefa Rodríguez,2021-09-27,1008,Home Office,47,Web,Norte,Antofagasta,2024-10-14,ORD-2023-00329,2024-07-01,Mismo Día,Crítica,Completado,1986.23,Normal,554.05,Normal,27.89,Teléfonos Plus 1,4,Tecnología,Teléfonos,Lumen
C0020,Pedro Martínez,2024-05-27,118,Home Office,37,Correo,Norte,Antofagasta,2024-05-13,ORD-2023-00330,2024-09-22,Estándar,Crítica,Enviado,943.7,Normal,208.89,Normal,22.14,Almacenamiento Eco 3,6,Muebles,Almacenamiento,Orion
C0020,Pedro Martínez,2024-05-27,118,Home Office,37,Correo,Norte,Antofagasta,2024-05-13,ORD-2023-00330,2024-09-22,Estándar,Baja,Enviado,110.8,Normal,26.57,Normal,23.98,Mesas Smart 10,1,Muebles,Mesas,Vector
C0020,Pedro Martínez,2024-05-27,118,Home Office,37,Correo,Norte,Antofagasta,2024-05-13,ORD-2023-00330,2024-09-22,Estándar,Baja,Enviado,645.01,Normal,285.45,Normal,44.26,Sillas Pro 6,8,Muebles,Sillas,Nova
C0142,Tomás Soto,2023-06-24,450,Consumidor,85,Teléfono,Centro,Maule,2024-04-04,ORD-2023-00331,2024-09-16,Primera Clase,Media,Completado,3357.44,Normal,1151.28,Normal,34.29,Periféricos Flex 4,8,Tecnología,Periféricos,Orion
C0142,Tomás Soto,2023-06-24,450,Consumidor,85,Teléfono,Centro,Maule,2024-04-04,ORD-2023-00331,2024-09-16,Primera Clase,Baja,Completado,499.16,Normal,106.97,Normal,21.43,Teléfonos Eco 9,1,Tecnología,Teléfonos,Andes
C0142,Tomás Soto,2023-06-24,450,Consumidor,85,Teléfono,Centro,Maule,2024-04-04,ORD-2023-00331,2024-09-16,Primera Clase,Media,Completado,5489.98,Normal,2444.53,Ganancia Atípica,44.53,Computadores Nova 4,8,Tecnología,Computadores,Vector
C0032,Sebastián Torres,2022-03-14,1024,Corporativo,17,Correo,Centro,Metropolitana,2024-04-22,ORD-2023-00332,2025-01-01,Primera Clase,Crítica,Completado,372.27,Normal,167.98,Normal,45.12,Almacenamiento Nova 7,4,Muebles,Almacenamiento,Altura
C0058,Nicolás Morales,2022-10-05,611,Home Office,48,Web,Norte,Coquimbo,2024-09-18,ORD-2023-00333,2024-06-07,Mismo Día,Alta,Completado,3045.05,Normal,1164.25,Normal,38.23,Sobres Smart 3,5,Oficina,Sobres,Patagonia
C0058,Nicolás Morales,2022-10-05,611,Home Office,48,Web,Norte,Coquimbo,2024-09-18,ORD-2023-00333,2024-06-07,Mismo Día,Alta,Completado,4192.37,Normal,1361.64,Normal,32.48,Sillas Smart 3,7,Muebles,Sillas,Altura
C0058,Nicolás Morales,2022-10-05,611,Home Office,48,Web,Norte,Coquimbo,2024-09-18,ORD-2023-00333,2024-06-07,Mismo Día,Alta,Completado,791.11,Normal,409.37,Normal,51.75,Almacenamiento Plus 10,1,Muebles,Almacenamiento,Patagonia
C0058,Nicolás Morales,2022-10-05,611,Home Office,48,Web,Norte,Coquimbo,2024-09-18,ORD-2023-00333,2024-06-07,Mismo Día,Media,Completado,2118.81,Normal,807.57,Normal,38.11,Sobres Plus 10,3,Oficina,Sobres,Altura
C0161,Carlos Hernández,2024-09-19,-104,Consumidor,92,App,Sur,Los Lagos,2024-01-21,ORD-2023-00334,2024-06-07,Primera Clase,Baja,Completado,77.45,Normal,34.99,Normal,45.18,Etiquetas Pro 7,1,Oficina,Etiquetas,Orion
C0161,Carlos Hernández,2024-09-19,-104,Consumidor,92,App,Sur,Los Lagos,2024-01-21,ORD-2023-00334,2024-06-07,Primera Clase,Baja,Completado,2169.86,Normal,173.12,Normal,7.98,Accesorios Nova 10,4,Tecnología,Accesorios,Andes
C0161,Carlos Hernández,2024-09-19,-104,Consumidor,92,App,Sur,Los Lagos,2024-01-21,ORD-2023-00334,2024-06-07,Primera Clase,Crítica,Completado,534.65,Normal,-39.26,Normal,-7.34,Etiquetas Smart 9,1,Oficina,Etiquetas,Patagonia
C0161,Carlos Hernández,2024-09-19,-104,Consumidor,92,App,Sur,Los Lagos,2024-01-21,ORD-2023-00334,2024-06-07,Primera Clase,Alta,Completado,733.97,Normal,225.93,Normal,30.78,Sillas Eco 1,5,Muebles,Sillas,Vector
C0125,Carlos Pérez,2022-08-21,469,Corporativo,63,Teléfono,Centro,O'Higgins,2024-05-01,ORD-2023-00335,2023-12-03,Segunda Clase,Crítica,Devuelto,1342.33,Normal,550.85,Normal,41.04,Archivadores Pro 6,2,Oficina,Archivadores,Patagonia
C0125,Carlos Pérez,2022-08-21,469,Corporativo,63,Teléfono,Centro,O'Higgins,2024-05-01,ORD-2023-00335,2023-12-03,Segunda Clase,Baja,Devuelto,1186.31,Normal,139.71,Normal,11.78,Sillas Plus 7,2,Muebles,Sillas,Andes
C0125,Carlos Pérez,2022-08-21,469,Corporativo,63,Teléfono,Centro,O'Higgins,2024-05-01,ORD-2023-00335,2023-12-03,Segunda Clase,Crítica,Devuelto,974.61,Normal,-42.69,Normal,-4.38,Sobres Nova 8,6,Oficina,Sobres,Alerce
C0215,Sofía Castillo,2021-11-12,650,Corporativo,33,App,Norte,Coquimbo,2025-02-22,ORD-2023-00336,2023-08-24,Segunda Clase,Alta,Devuelto,1999.0,Normal,396.0,Normal,19.81,Papelería Flex 7,3,Oficina,Papelería,Andes
C0215,Sofía Castillo,2021-11-12,650,Corporativo,33,App,Norte,Coquimbo,2025-02-22,ORD-2023-00336,2023-08-24,Segunda Clase,Media,Devuelto,309.04,Normal,107.9,Normal,34.91,Sillas Eco 1,2,Muebles,Sillas,Vector
C0215,Sofía Castillo,2021-11-12,650,Corporativo,33,App,Norte,Coquimbo,2025-02-22,ORD-2023-00336,2023-08-24,Segunda Clase,Crítica,Devuelto,3135.08,Normal,1022.68,Normal,32.62,Almacenamiento Smart 4,8,Muebles,Almacenamiento,Lumen
C0215,Sofía Castillo,2021-11-12,650,Corporativo,33,App,Norte,Coquimbo,2025-02-22,ORD-2023-00336,2023-08-24,Segunda Clase,Crítica,Devuelto,30.18,Normal,12.42,Normal,41.15,Accesorios Smart 2,3,Tecnología,Accesorios,Vector
C0052,Jorge Contreras,2022-12-18,143,Corporativo,39,Teléfono,Sur,La Araucanía,2024-03-17,ORD-2023-00337,2023-05-10,Segunda Clase,Crítica,Completado,2015.16,Normal,820.77,Normal,40.73,Libreros Smart 6,7,Muebles,Libreros,Lumen
C0052,Jorge Contreras,2022-12-18,143,Corporativo,39,Teléfono,Sur,La Araucanía,2024-03-17,ORD-2023-00337,2023-05-10,Segunda Clase,Alta,Completado,2733.8,Normal,830.81,Normal,30.39,Papelería Plus 10,4,Oficina,Papelería,Orion
C0056,Matías Morales,2024-05-26,228,Corporativo,59,Web,Centro,Metropolitana,2025-01-02,ORD-2023-00338,2025-01-09,Mismo Día,Media,Cancelado,3321.68,Normal,1293.4,Normal,38.94,Archivadores Plus 5,7,Oficina,Archivadores,Altura
C0056,Matías Morales,2024-05-26,228,Corporativo,59,Web,Centro,Metropolitana,2025-01-02,ORD-2023-00338,2025-01-09,Mismo Día,Baja,Cancelado,540.12,Normal,160.02,Normal,29.63,Archivadores Pro 4,3,Oficina,Archivadores,Alerce
C0056,Matías Morales,2024-05-26,228,Corporativo,59,Web,Centro,Metropolitana,2025-01-02,ORD-2023-00338,2025-01-09,Mismo Día,Crítica,Cancelado,481.91,Normal,121.19,Normal,25.15,Almacenamiento Eco 6,6,Muebles,Almacenamiento,Patagonia
C0056,Matías Morales,2024-05-26,228,Corporativo,59,Web,Centro,Metropolitana,2025-01-02,ORD-2023-00338,2025-01-09,Mismo Día,Crítica,Cancelado,3966.85,Normal,1991.4,Normal,50.2,Computadores Pro 3,5,Tecnología,Computadores,Patagonia
C0175,María Fuentes,2023-02-03,16,Consumidor,81,App,Centro,Metropolitana,2024-07-22,ORD-2023-00339,2023-02-19,Mismo Día,Baja,Completado,1449.78,Normal,670.74,Normal,46.26,Sillas Nova 10,6,Muebles,Sillas,Lumen
C0175,María Fuentes,2023-02-03,16,Consumidor,81,App,Centro,Metropolitana,2024-07-22,ORD-2023-00339,2023-02-19,Mismo Día,Alta,Completado,830.34,Normal,336.31,Normal,40.5,Etiquetas Pro 5,4,Oficina,Etiquetas,Lumen
C0175,María Fuentes,2023-02-03,16,Consumidor,81,App,Centro,Metropolitana,2024-07-22,ORD-2023-00339,2023-02-19,Mismo Día,Alta,Completado,1543.64,Normal,524.03,Normal,33.95,Teléfonos Nova 3,6,Tecnología,Teléfonos,Lumen
C0141,Daniela Martínez,2022-06-07,706,Corporativo,69,Web,Norte,Tarapacá,2024-06-02,ORD-2023-00340,2024-05-13,Primera Clase,Media,Completado,2232.86,Normal,877.73,Normal,39.31,Sobres Plus 9,4,Oficina,Sobres,Andes
C0283,Josefa Díaz,2021-02-08,1212,Consumidor,50,Correo,Austral,Magallanes,2024-12-18,ORD-2023-00341,2024-06-04,Segunda Clase,Crítica,Cancelado,65.83,Normal,24.75,Normal,37.6,Etiquetas Pro 7,1,Oficina,Etiquetas,Orion
C0283,Josefa Díaz,2021-02-08,1212,Consumidor,50,Correo,Austral,Magallanes,2024-12-18,ORD-2023-00341,2024-06-04,Segunda Clase,Alta,Cancelado,1440.32,Normal,426.72,Normal,29.63,Archivadores Pro 4,8,Oficina,Archivadores,Alerce
C0283,Josefa Díaz,2021-02-08,1212,Consumidor,50,Correo,Austral,Magallanes,2024-12-18,ORD-2023-00341,2024-06-04,Segunda Clase,Crítica,Cancelado,464.1,Normal,130.86,Normal,28.2,Sobres Nova 8,2,Oficina,Sobres,Alerce
C0283,Josefa Díaz,2021-02-08,1212,Consumidor,50,Correo,Austral,Magallanes,2024-12-18,ORD-2023-00341,2024-06-04,Segunda Clase,Alta,Cancelado,752.55,Normal,178.3,Normal,23.69,Libreros Eco 4,5,Muebles,Libreros,Andes
C0060,Sebastián López,2021-12-23,736,Home Office,61,Teléfono,Norte,Antofagasta,2024-08-20,ORD-2023-00342,2023-12-29,Primera Clase,Alta,Completado,7017.6,Venta Extraordinaria,3651.12,Ganancia Atípica,52.03,Periféricos Nova 6,8,Tecnología,Periféricos,Patagonia
C0060,Sebastián López,2021-12-23,736,Home Office,61,Teléfono,Norte,Antofagasta,2024-08-20,ORD-2023-00342,2023-12-29,Primera Clase,Alta,Completado,105.5,Normal,23.48,Normal,22.26,Sobres Pro 5,1,Oficina,Sobres,Alerce
C0060,Sebastián López,2021-12-23,736,Home Office,61,Teléfono,Norte,Antofagasta,2024-08-20,ORD-2023-00342,2023-12-29,Primera Clase,Crítica,Completado,763.71,Normal,244.05,Normal,31.96,Computadores Plus 5,1,Tecnología,Computadores,Orion
C0113,Martina Sepúlveda,2023-04-05,595,Home Office,74,Teléfono,Norte,Antofagasta,2024-05-05,ORD-2023-00343,2024-11-20,Segunda Clase,Baja,Completado,823.59,Normal,348.61,Normal,42.33,Periféricos Nova 7,3,Tecnología,Periféricos,Orion
C0113,Martina Sepúlveda,2023-04-05,595,Home Office,74,Teléfono,Norte,Antofagasta,2024-05-05,ORD-2023-00343,2024-11-20,Segunda Clase,Crítica,Completado,691.08,Normal,254.96,Normal,36.89,Libreros Pro 7,4,Muebles,Libreros,Nova
C0113,Martina Sepúlveda,2023-04-05,595,Home Office,74,Teléfono,Norte,Antofagasta,2024-05-05,ORD-2023-00343,2024-11-20,Segunda Clase,Alta,Completado,2755.92,Normal,1043.52,Normal,37.86,Almacenamiento Nova 2,4,Muebles,Almacenamiento,Patagonia
C0113,Martina Sepúlveda,2023-04-05,595,Home Office,74,Teléfono,Norte,Antofagasta,2024-05-05,ORD-2023-00343,2024-11-20,Segunda Clase,Crítica,Completado,324.99,Normal,72.74,Normal,22.38,Almacenamiento Nova 9,7,Muebles,Almacenamiento,Alerce
C0272,Tomás González,2023-06-02,520,Consumidor,43,No Especificado,Centro,Metropolitana,2024-10-27,ORD-2023-00344,2024-11-03,Primera Clase,Alta,Enviado,1484.41,Normal,190.67,Normal,12.84,Libreros Smart 3,7,Muebles,Libreros,Vector
C0272,Tomás González,2023-06-02,520,Consumidor,43,No Especificado,Centro,Metropolitana,2024-10-27,ORD-2023-00344,2024-11-03,Primera Clase,Alta,Enviado,1143.44,Normal,448.4,Normal,39.22,Teléfonos Nova 3,4,Tecnología,Teléfonos,Lumen
C0272,Tomás González,2023-06-02,520,Consumidor,43,No Especificado,Centro,Metropolitana,2024-10-27,ORD-2023-00344,2024-11-03,Primera Clase,Crítica,Enviado,561.14,Normal,83.7,Normal,14.92,Mesas Eco 4,8,Muebles,Mesas,Altura
C0272,Tomás González,2023-06-02,520,Consumidor,43,No Especificado,Centro,Metropolitana,2024-10-27,ORD-2023-00344,2024-11-03,Primera Clase,Baja,Enviado,1466.85,Normal,-194.7,Normal,-13.27,Teléfonos Plus 5,3,Tecnología,Teléfonos,Nova
C0178,Carlos Espinoza,2022-03-12,1008,Home Office,94,App,Centro,Valparaíso,2024-07-13,ORD-2023-00345,2024-12-14,Mismo Día,Alta,Enviado,728.11,Normal,359.85,Normal,49.42,Almacenamiento Nova 7,7,Muebles,Almacenamiento,Altura
C0178,Carlos Espinoza,2022-03-12,1008,Home Office,94,App,Centro,Valparaíso,2024-07-13,ORD-2023-00345,2024-12-14,Mismo Día,Alta,Enviado,1372.13,Normal,581.15,Normal,42.35,Libreros Pro 5,4,Muebles,Libreros,Nova
C0178,Carlos Espinoza,2022-03-12,1008,Home Office,94,App,Centro,Valparaíso,2024-07-13,ORD-2023-00345,2024-12-14,Mismo Día,Crítica,Enviado,2014.46,Normal,381.73,Normal,18.95,Periféricos Flex 4,6,Tecnología,Periféricos,Orion
C0178,Carlos Espinoza,2022-03-12,1008,Home Office,94,App,Centro,Valparaíso,2024-07-13,ORD-2023-00345,2024-12-14,Mismo Día,Alta,Enviado,3648.39,Normal,1207.48,Normal,33.1,Mesas Plus 5,7,Muebles,Mesas,Vector
C0249,Ignacio Sepúlveda,2023-10-03,470,Home Office,25,App,Norte,Coquimbo,2024-11-30,ORD-2023-00346,2025-01-15,Mismo Día,Alta,Completado,2671.44,Normal,791.24,Normal,29.62,Libreros Smart 9,4,Muebles,Libreros,Patagonia
C0249,Ignacio Sepúlveda,2023-10-03,470,Home Office,25,App,Norte,Coquimbo,2024-11-30,ORD-2023-00346,2025-01-15,Mismo Día,Baja,Completado,255.85,Normal,92.47,Normal,36.14,Teléfonos Plus 7,1,Tecnología,Teléfonos,Alerce
C0171,Daniela Araya,2023-06-01,210,Home Office,99,Web,Norte,Coquimbo,2025-01-17,ORD-2023-00347,2023-12-28,Estándar,Crítica,Completado,2791.32,Normal,708.24,Normal,25.37,Sillas Plus 7,4,Muebles,Sillas,Andes
C0171,Daniela Araya,2023-06-01,210,Home Office,99,Web,Norte,Coquimbo,2025-01-17,ORD-2023-00347,2023-12-28,Estándar,Alta,Completado,1853.5,Normal,630.44,Normal,34.01,Sobres Flex 1,4,Oficina,Sobres,Lumen
C0170,Sofía Rojas,2022-07-18,590,Consumidor,58,No Especificado,Centro,Metropolitana,2025-01-14,ORD-2023-00348,2024-02-28,Estándar,Baja,Completado,427.26,Normal,-3.16,Normal,-0.74,Archivadores Smart 7,2,Oficina,Archivadores,Altura
C0081,Felipe González,2024-01-10,-85,Home Office,54,Web,Centro,Maule,2024-07-10,ORD-2023-00349,2023-10-17,Estándar,Alta,Completado,5152.84,Normal,2691.92,Ganancia Atípica,52.24,Papelería Flex 4,7,Oficina,Papelería,Altura
C0081,Felipe González,2024-01-10,-85,Home Office,54,Web,Centro,Maule,2024-07-10,ORD-2023-00349,2023-10-17,Estándar,Crítica,Completado,1029.72,Normal,430.6,Normal,41.82,Sobres Flex 1,2,Oficina,Sobres,Lumen
C0081,Felipe González,2024-01-10,-85,Home Office,54,Web,Centro,Maule,2024-07-10,ORD-2023-00349,2023-10-17,Estándar,Crítica,Completado,868.26,Normal,183.16,Normal,21.1,Accesorios Plus 3,1,Tecnología,Accesorios,Altura
C0081,Felipe González,2024-01-10,-85,Home Office,54,Web,Centro,Maule,2024-07-10,ORD-2023-00349,2023-10-17,Estándar,Baja,Completado,3245.77,Normal,664.62,Normal,20.48,Computadores Plus 5,5,Tecnología,Computadores,Orion
C0155,Constanza Hernández,2022-09-11,392,Home Office,24,Correo,Sur,Biobío,2025-03-09,ORD-2023-00350,2023-10-08,Mismo Día,Alta,Devuelto,1100.31,Normal,411.19,Normal,37.37,Mesas Plus 5,2,Muebles,Mesas,Vector
C0155,Constanza Hernández,2022-09-11,392,Home Office,24,Correo,Sur,Biobío,2025-03-09,ORD-2023-00350,2023-10-08,Mismo Día,Crítica,Devuelto,2211.98,Normal,1040.11,Normal,47.02,Libreros Plus 2,5,Muebles,Libreros,Vector
C0155,Constanza Hernández,2022-09-11,392,Home Office,24,Correo,Sur,Biobío,2025-03-09,ORD-2023-00350,2023-10-08,Mismo Día,Baja,Devuelto,1071.24,Normal,164.47,Normal,15.35,Archivadores Pro 4,7,Oficina,Archivadores,Alerce
C0232,Catalina López,2022-06-04,440,Corporativo,55,Web,Austral,Aysén,2024-05-20,ORD-2023-00351,2023-08-18,Segunda Clase,Baja,Completado,838.22,Normal,373.53,Normal,44.56,Libreros Plus 2,2,Muebles,Libreros,Vector
C0232,Catalina López,2022-06-04,440,Corporativo,55,Web,Austral,Aysén,2024-05-20,ORD-2023-00351,2023-08-18,Segunda Clase,Crítica,Completado,814.7,Normal,287.16,Normal,35.25,Teléfonos Nova 3,3,Tecnología,Teléfonos,Lumen
C0232,Catalina López,2022-06-04,440,Corporativo,55,Web,Austral,Aysén,2024-05-20,ORD-2023-00351,2023-08-18,Segunda Clase,Crítica,Completado,458.96,Normal,211.84,Normal,46.16,Almacenamiento Eco 6,4,Muebles,Almacenamiento,Patagonia
C0268,Paula Castillo,2022-05-24,962,Corporativo,51,App,Sur,La Araucanía,2024-10-15,ORD-2023-00352,2025-01-10,Mismo Día,Crítica,Completado,4452.06,Normal,1868.58,Normal,41.97,Periféricos Eco 10,6,Tecnología,Periféricos,Andes
C0268,Paula Castillo,2022-05-24,962,Corporativo,51,App,Sur,La Araucanía,2024-10-15,ORD-2023-00352,2025-01-10,Mismo Día,Crítica,Completado,408.28,Normal,178.62,Normal,43.75,Sobres Pro 2,1,Oficina,Sobres,Orion
C0268,Paula Castillo,2022-05-24,962,Corporativo,51,App,Sur,La Araucanía,2024-10-15,ORD-2023-00352,2025-01-10,Mismo Día,Media,Completado,5213.49,Normal,1274.24,Normal,24.44,Libreros Eco 10,8,Muebles,Libreros,Andes
C0268,Paula Castillo,2022-05-24,962,Corporativo,51,App,Sur,La Araucanía,2024-10-15,ORD-2023-00352,2025-01-10,Mismo Día,Baja,Completado,3118.14,Normal,96.74,Normal,3.1,Sillas Flex 2,8,Muebles,Sillas,Vector
C0054,Catalina Araya,2024-10-23,-226,Corporativo,13,Teléfono,Sur,La Araucanía,2024-08-14,ORD-2023-00353,2024-03-11,Segunda Clase,Baja,Enviado,1207.42,Normal,274.56,Normal,22.74,Computadores Pro 2,4,Tecnología,Computadores,Altura
C0020,Pedro Martínez,2024-05-27,-78,Home Office,37,Correo,Norte,Antofagasta,2024-05-13,ORD-2023-00354,2024-03-10,Mismo Día,Alta,Completado,654.27,Normal,121.18,Normal,18.52,Periféricos Nova 8,2,Tecnología,Periféricos,Andes
C0268,Paula Castillo,2022-05-24,552,Corporativo,51,App,Sur,La Araucanía,2024-10-15,ORD-2023-00355,2023-11-27,Segunda Clase,Alta,Completado,587.42,Normal,150.49,Normal,25.62,Libreros Pro 7,4,Muebles,Libreros,Nova
C0268,Paula Castillo,2022-05-24,552,Corporativo,51,App,Sur,La Araucanía,2024-10-15,ORD-2023-00355,2023-11-27,Segunda Clase,Media,Completado,6652.74,Venta Extraordinaria,2881.64,Ganancia Atípica,43.32,Libreros Plus 1,8,Muebles,Libreros,Altura
C0268,Paula Castillo,2022-05-24,552,Corporativo,51,App,Sur,La Araucanía,2024-10-15,ORD-2023-00355,2023-11-27,Segunda Clase,Media,Completado,3449.76,Normal,1737.12,Normal,50.35,Computadores Pro 2,8,Tecnología,Computadores,Altura
C0077,Paula Morales,2024-10-22,-179,Home Office,31,Correo,Centro,Maule,2024-04-02,ORD-2023-00356,2024-04-26,Segunda Clase,Crítica,Completado,4541.45,Normal,910.97,Normal,20.06,Libreros Smart 9,8,Muebles,Libreros,Patagonia
C0081,Felipe González,2024-01-10,-306,Home Office,54,Web,Centro,Maule,2024-07-10,ORD-2023-00357,2023-03-10,Primera Clase,Crítica,Enviado,2232.86,Normal,863.52,Normal,38.67,Sobres Plus 9,4,Oficina,Sobres,Andes
C0300,Camila Díaz,2021-11-29,1144,Corporativo,92,Correo,Sur,Los Lagos,2024-12-04,ORD-2023-00358,2025-01-16,Segunda Clase,Baja,Cancelado,281.05,Normal,141.19,Normal,50.24,Teléfonos Pro 4,4,Tecnología,Teléfonos,Alerce
C0300,Camila Díaz,2021-11-29,1144,Corporativo,92,Correo,Sur,Los Lagos,2024-12-04,ORD-2023-00358,2025-01-16,Segunda Clase,Alta,Cancelado,1522.31,Normal,370.52,Normal,24.34,Teléfonos Plus 7,7,Tecnología,Teléfonos,Alerce
C0243,Nicolás López,2023-11-17,-106,Corporativo,13,App,Austral,Magallanes,2024-07-22,ORD-2023-00359,2023-08-03,Estándar,Alta,Devuelto,1103.4,Normal,-156.18,Normal,-14.15,Teléfonos Eco 9,3,Tecnología,Teléfonos,Andes
C0243,Nicolás López,2023-11-17,-106,Corporativo,13,App,Austral,Magallanes,2024-07-22,ORD-2023-00359,2023-08-03,Estándar,Crítica,Devuelto,678.08,Normal,181.01,Normal,26.69,Accesorios Nova 10,1,Tecnología,Accesorios,Andes
C0218,Andrés Espinoza,2023-08-04,465,Corporativo,58,Teléfono,Centro,Maule,2024-03-11,ORD-2023-00360,2024-11-11,Mismo Día,Alta,Completado,3503.97,Normal,732.93,Normal,20.92,Archivadores Flex 1,8,Oficina,Archivadores,Alerce
C0218,Andrés Espinoza,2023-08-04,465,Corporativo,58,Teléfono,Centro,Maule,2024-03-11,ORD-2023-00360,2024-11-11,Mismo Día,Alta,Completado,1213.02,Normal,371.15,Normal,30.6,Libreros Pro 8,2,Muebles,Libreros,Lumen
C0218,Andrés Espinoza,2023-08-04,465,Corporativo,58,Teléfono,Centro,Maule,2024-03-11,ORD-2023-00360,2024-11-11,Mismo Día,Crítica,Completado,1479.17,Normal,543.43,Normal,36.74,Archivadores Nova 2,3,Oficina,Archivadores,Alerce
C0218,Andrés Espinoza,2023-08-04,465,Corporativo,58,Teléfono,Centro,Maule,2024-03-11,ORD-2023-00360,2024-11-11,Mismo Día,Crítica,Completado,1755.6,Normal,596.55,Normal,33.98,Papelería Plus 9,5,Oficina,Papelería,Vector
C0179,Benjamín Díaz,2024-02-14,-227,Corporativo,24,Teléfono,Sur,Biobío,2024-09-30,ORD-2023-00361,2023-07-02,Primera Clase,Baja,Enviado,1478.82,Normal,534.14,Normal,36.12,Computadores Pro 8,4,Tecnología,Computadores,Lumen
C0179,Benjamín Díaz,2024-02-14,-227,Corporativo,24,Teléfono,Sur,Biobío,2024-09-30,ORD-2023-00361,2023-07-02,Primera Clase,Baja,Enviado,3245.91,Normal,214.75,Normal,6.62,Computadores Plus 6,8,Tecnología,Computadores,Lumen
C0179,Benjamín Díaz,2024-02-14,-227,Corporativo,24,Teléfono,Sur,Biobío,2024-09-30,ORD-2023-00361,2023-07-02,Primera Clase,Alta,Enviado,487.64,Normal,192.72,Normal,39.52,Almacenamiento Eco 6,5,Muebles,Almacenamiento,Patagonia
C0179,Benjamín Díaz,2024-02-14,-227,Corporativo,24,Teléfono,Sur,Biobío,2024-09-30,ORD-2023-00361,2023-07-02,Primera Clase,Baja,Enviado,1160.25,Normal,327.15,Normal,28.2,Sobres Nova 8,5,Oficina,Sobres,Alerce
C0141,Daniela Martínez,2022-06-07,865,Corporativo,69,Web,Norte,Tarapacá,2024-06-02,ORD-2023-00362,2024-10-19,Estándar,Crítica,Completado,2883.22,Normal,491.53,Normal,17.05,Sobres Flex 1,8,Oficina,Sobres,Lumen
C0280,Constanza González,2022-11-10,878,Corporativo,63,Web,Sur,La Araucanía,2024-06-18,ORD-2023-00363,2025-04-06,Segunda Clase,Baja,Completado,1360.95,Normal,682.32,Normal,50.14,Sobres Pro 2,3,Oficina,Sobres,Orion
C0280,Constanza González,2022-11-10,878,Corporativo,63,Web,Sur,La Araucanía,2024-06-18,ORD-2023-00363,2025-04-06,Segunda Clase,Alta,Completado,3172.8,Normal,971.28,Normal,30.61,Accesorios Plus 8,8,Tecnología,Accesorios,Andes
C0100,Diego Díaz,2022-08-30,794,Consumidor,56,App,Sur,Biobío,2024-06-26,ORD-2023-00364,2024-11-01,Primera Clase,Crítica,Completado,4645.14,Normal,1734.84,Normal,37.35,Sobres Flex 6,6,Oficina,Sobres,Patagonia
C0100,Diego Díaz,2022-08-30,794,Consumidor,56,App,Sur,Biobío,2024-06-26,ORD-2023-00364,2024-11-01,Primera Clase,Media,Completado,82.52,Normal,21.59,Normal,26.16,Mesas Eco 4,1,Muebles,Mesas,Altura
C0137,Javiera Díaz,2021-12-07,475,Corporativo,13,Teléfono,Sur,Los Ríos,2024-07-14,ORD-2023-00365,2023-03-27,Mismo Día,Crítica,Completado,3153.54,Normal,1085.74,Normal,34.43,Periféricos Eco 10,5,Tecnología,Periféricos,Andes
C0291,Felipe Contreras,2024-01-09,340,Consumidor,81,Teléfono,Sur,Los Lagos,2024-10-31,ORD-2023-00366,2024-12-14,Estándar,Baja,Completado,360.08,Normal,106.68,Normal,29.63,Archivadores Pro 4,2,Oficina,Archivadores,Alerce
C0291,Felipe Contreras,2024-01-09,340,Consumidor,81,Teléfono,Sur,Los Lagos,2024-10-31,ORD-2023-00366,2024-12-14,Estándar,Alta,Completado,31.71,Normal,16.71,Normal,52.7,Archivadores Eco 9,3,Oficina,Archivadores,Orion
C0236,Fernanda Sepúlveda,2023-03-27,-2,Home Office,42,Correo,Centro,Maule,2025-02-16,ORD-2023-00367,2023-03-25,Segunda Clase,Media,Completado,593.61,Normal,150.8,Normal,25.4,Periféricos Eco 10,1,Tecnología,Periféricos,Andes
C0236,Fernanda Sepúlveda,2023-03-27,-2,Home Office,42,Correo,Centro,Maule,2025-02-16,ORD-2023-00367,2023-03-25,Segunda Clase,Media,Completado,2236.86,Normal,988.01,Normal,44.17,Periféricos Nova 6,3,Tecnología,Periféricos,Patagonia
C0140,Ignacio López,2024-10-31,-465,Home Office,73,App,Centro,Maule,2024-07-28,ORD-2023-00368,2023-07-24,Mismo Día,Crítica,Completado,1272.35,Normal,180.9,Normal,14.22,Libreros Smart 3,6,Muebles,Libreros,Vector
C0088,Benjamín Fuentes,2021-08-05,551,Corporativo,56,Correo,Centro,O'Higgins,2024-03-01,ORD-2023-00369,2023-02-07,Segunda Clase,Alta,Completado,2540.78,Normal,591.02,Normal,23.26,Sillas Eco 5,5,Muebles,Sillas,Lumen
C0088,Benjamín Fuentes,2021-08-05,551,Corporativo,56,Correo,Centro,O'Higgins,2024-03-01,ORD-2023-00369,2023-02-07,Segunda Clase,Alta,Completado,1218.53,Normal,557.55,Normal,45.76,Teléfonos Flex 2,4,Tecnología,Teléfonos,Vector
C0088,Benjamín Fuentes,2021-08-05,551,Corporativo,56,Correo,Centro,O'Higgins,2024-03-01,ORD-2023-00369,2023-02-07,Segunda Clase,Crítica,Completado,1783.34,Normal,681.72,Normal,38.23,Accesorios Flex 5,2,Tecnología,Accesorios,Vector
C0088,Benjamín Fuentes,2021-08-05,551,Corporativo,56,Correo,Centro,O'Higgins,2024-03-01,ORD-2023-00369,2023-02-07,Segunda Clase,Baja,Completado,585.17,Normal,211.86,Normal,36.2,Almacenamiento Eco 6,6,Muebles,Almacenamiento,Patagonia
C0166,Sofía Fuentes,2021-08-21,1216,Home Office,70,Web,Centro,Metropolitana,2024-09-02,ORD-2023-00370,2024-12-19,Estándar,Baja,Enviado,4464.34,Normal,1635.23,Normal,36.63,Libreros Plus 1,6,Muebles,Libreros,Altura
C0166,Sofía Fuentes,2021-08-21,1216,Home Office,70,Web,Centro,Metropolitana,2024-09-02,ORD-2023-00370,2024-12-19,Estándar,Media,Enviado,4359.69,Normal,2007.82,Normal,46.05,Computadores Nova 4,6,Tecnología,Computadores,Vector
C0166,Sofía Fuentes,2021-08-21,1216,Home Office,70,Web,Centro,Metropolitana,2024-09-02,ORD-2023-00370,2024-12-19,Estándar,Crítica,Enviado,186.93,Normal,-31.97,Normal,-17.1,Archivadores Smart 7,1,Oficina,Archivadores,Altura
C0166,Sofía Fuentes,2021-08-21,1216,Home Office,70,Web,Centro,Metropolitana,2024-09-02,ORD-2023-00370,2024-12-19,Estándar,Media,Enviado,642.54,Normal,211.78,Normal,32.96,Almacenamiento Eco 6,7,Muebles,Almacenamiento,Patagonia
C0130,Martina Silva,2023-02-24,686,Home Office,62,App,Centro,Valparaíso,2024-02-01,ORD-2023-00371,2025-01-10,Mismo Día,Alta,Completado,2480.96,Normal,1090.2,Normal,43.94,Sobres Plus 9,4,Oficina,Sobres,Andes
C0296,Catalina Muñoz,2024-08-28,-195,Consumidor,78,App,Sur,Biobío,2024-04-26,ORD-2023-00372,2024-02-15,Segunda Clase,Alta,Cancelado,1535.1,Normal,554.82,Normal,36.14,Teléfonos Plus 7,6,Tecnología,Teléfonos,Alerce
C0296,Catalina Muñoz,2024-08-28,-195,Consumidor,78,App,Sur,Biobío,2024-04-26,ORD-2023-00372,2024-02-15,Segunda Clase,Media,Cancelado,1093.16,Normal,277.5,Normal,25.39,Etiquetas Pro 2,3,Oficina,Etiquetas,Vector
C0236,Fernanda Sepúlveda,2023-03-27,-85,Home Office,42,Correo,Centro,Maule,2025-02-16,ORD-2023-00373,2023-01-01,Estándar,Media,Completado,193.02,Normal,61.17,Normal,31.69,Etiquetas Nova 10,4,Oficina,Etiquetas,Orion
C0236,Fernanda Sepúlveda,2023-03-27,-85,Home Office,42,Correo,Centro,Maule,2025-02-16,ORD-2023-00373,2023-01-01,Estándar,Alta,Completado,2966.34,Normal,1495.92,Normal,50.43,Teléfonos Flex 10,6,Tecnología,Teléfonos,Lumen
C0052,Jorge Contreras,2022-12-18,496,Corporativo,39,Teléfono,Sur,La Araucanía,2024-03-17,ORD-2023-00374,2024-04-27,Mismo Día,Baja,Completado,588.62,Normal,245.68,Normal,41.74,Etiquetas Pro 7,8,Oficina,Etiquetas,Orion
C0052,Jorge Contreras,2022-12-18,496,Corporativo,39,Teléfono,Sur,La Araucanía,2024-03-17,ORD-2023-00374,2024-04-27,Mismo Día,Media,Completado,616.16,Normal,215.2,Normal,34.93,Sillas Nova 10,3,Muebles,Sillas,Lumen
C0052,Jorge Contreras,2022-12-18,496,Corporativo,39,Teléfono,Sur,La Araucanía,2024-03-17,ORD-2023-00374,2024-04-27,Mismo Día,Crítica,Completado,2668.41,Normal,364.28,Normal,13.65,Mesas Nova 2,6,Muebles,Mesas,Lumen
C0052,Jorge Contreras,2022-12-18,496,Corporativo,39,Teléfono,Sur,La Araucanía,2024-03-17,ORD-2023-00374,2024-04-27,Mismo Día,Baja,Completado,766.43,Normal,390.95,Normal,51.01,Almacenamiento Nova 7,7,Muebles,Almacenamiento,Altura
C0114,Daniela Rojas,2021-03-23,1272,Home Office,51,Correo,Austral,Aysén,2024-01-23,ORD-2023-00375,2024-09-15,Primera Clase,Media,Completado,342.09,Normal,90.79,Normal,26.54,Almacenamiento Nova 9,7,Muebles,Almacenamiento,Alerce
C0256,Daniela Araya,2021-09-20,660,Corporativo,26,App,Austral,Aysén,2024-03-28,ORD-2023-00376,2023-07-12,Mismo Día,Crítica,Completado,1563.6,Normal,559.27,Normal,35.77,Mesas Plus 5,3,Muebles,Mesas,Vector
C0256,Daniela Araya,2021-09-20,660,Corporativo,26,App,Austral,Aysén,2024-03-28,ORD-2023-00376,2023-07-12,Mismo Día,Crítica,Completado,3566.68,Normal,926.94,Normal,25.99,Accesorios Flex 5,5,Tecnología,Accesorios,Vector
C0265,Fernanda Castillo,2022-10-03,198,Consumidor,54,Teléfono,Sur,Biobío,2024-05-18,ORD-2023-00377,2023-04-19,Estándar,Crítica,Completado,538.6,Normal,194.97,Normal,36.2,Etiquetas Nova 3,1,Oficina,Etiquetas,Alerce
C0265,Fernanda Castillo,2022-10-03,198,Consumidor,54,Teléfono,Sur,Biobío,2024-05-18,ORD-2023-00377,2023-04-19,Estándar,Crítica,Completado,5566.72,Normal,2183.92,Ganancia Atípica,39.23,Papelería Eco 8,8,Oficina,Papelería,Patagonia
C0265,Fernanda Castillo,2022-10-03,198,Consumidor,54,Teléfono,Sur,Biobío,2024-05-18,ORD-2023-00377,2023-04-19,Estándar,Baja,Completado,521.2,Normal,183.79,Normal,35.26,Mesas Plus 5,1,Muebles,Mesas,Vector
C0265,Fernanda Castillo,2022-10-03,198,Consumidor,54,Teléfono,Sur,Biobío,2024-05-18,ORD-2023-00377,2023-04-19,Estándar,Alta,Completado,2041.5,Normal,917.88,Normal,44.96,Almacenamiento Eco 8,8,Muebles,Almacenamiento,Andes
C0274,Paula Araya,2024-02-01,-23,Corporativo,89,Teléfono,Austral,Aysén,2025-02-24,ORD-2023-00378,2024-01-09,Mismo Día,Alta,Devuelto,420.23,Normal,161.87,Normal,38.52,Teléfonos Flex 10,1,Tecnología,Teléfonos,Lumen
C0102,Sofía Torres,2021-01-26,1232,Consumidor,70,No Especificado,Centro,Metropolitana,2025-03-24,ORD-2023-00379,2024-06-11,Mismo Día,Crítica,Enviado,288.98,Normal,131.43,Normal,45.48,Periféricos Nova 7,1,Tecnología,Periféricos,Orion
C0102,Sofía Torres,2021-01-26,1232,Consumidor,70,No Especificado,Centro,Metropolitana,2025-03-24,ORD-2023-00379,2024-06-11,Mismo Día,Alta,Enviado,593.16,Normal,82.76,Normal,13.95,Sillas Plus 7,1,Muebles,Sillas,Andes
C0102,Sofía Torres,2021-01-26,1232,Consumidor,70,No Especificado,Centro,Metropolitana,2025-03-24,ORD-2023-00379,2024-06-11,Mismo Día,Media,Enviado,3701.85,Normal,1074.0,Normal,29.01,Papelería Flex 7,5,Oficina,Papelería,Andes
C0102,Sofía Torres,2021-01-26,1232,Consumidor,70,No Especificado,Centro,Metropolitana,2025-03-24,ORD-2023-00379,2024-06-11,Mismo Día,Alta,Enviado,1962.82,Normal,555.54,Normal,28.3,Periféricos Nova 8,6,Tecnología,Periféricos,Andes
C0153,Matías Martínez,2023-02-20,601,Home Office,23,No Especificado,Centro,Metropolitana,2024-06-18,ORD-2023-00380,2024-10-13,Estándar,Media,Completado,2170.77,Normal,651.42,Normal,30.01,Periféricos Eco 2,3,Tecnología,Periféricos,Vector
C0153,Matías Martínez,2023-02-20,601,Home Office,23,No Especificado,Centro,Metropolitana,2024-06-18,ORD-2023-00380,2024-10-13,Estándar,Alta,Completado,378.08,Normal,2.45,Normal,0.65,Archivadores Pro 4,3,Oficina,Archivadores,Alerce
C0153,Matías Martínez,2023-02-20,601,Home Office,23,No Especificado,Centro,Metropolitana,2024-06-18,ORD-2023-00380,2024-10-13,Estándar,Crítica,Completado,4065.24,Normal,896.28,Normal,22.05,Sillas Eco 5,8,Muebles,Sillas,Lumen
C0153,Matías Martínez,2023-02-20,601,Home Office,23,No Especificado,Centro,Metropolitana,2024-06-18,ORD-2023-00380,2024-10-13,Estándar,Media,Completado,1477.78,Normal,446.77,Normal,30.23,Accesorios Nova 6,2,Tecnología,Accesorios,Andes
C0052,Jorge Contreras,2022-12-18,405,Corporativo,39,Teléfono,Sur,La Araucanía,2024-03-17,ORD-2023-00381,2024-01-27,Primera Clase,Baja,Completado,2344.3,Normal,265.91,Normal,11.34,Accesorios Plus 3,3,Tecnología,Accesorios,Altura
C0052,Jorge Contreras,2022-12-18,405,Corporativo,39,Teléfono,Sur,La Araucanía,2024-03-17,ORD-2023-00381,2024-01-27,Primera Clase,Alta,Completado,3436.65,Normal,688.87,Normal,20.04,Etiquetas Flex 8,7,Oficina,Etiquetas,Patagonia
C0052,Jorge Contreras,2022-12-18,405,Corporativo,39,Teléfono,Sur,La Araucanía,2024-03-17,ORD-2023-00381,2024-01-27,Primera Clase,Crítica,Completado,948.44,Normal,192.8,Normal,20.33,Periféricos Nova 9,4,Tecnología,Periféricos,Vector
C0052,Jorge Contreras,2022-12-18,405,Corporativo,39,Teléfono,Sur,La Araucanía,2024-03-17,ORD-2023-00381,2024-01-27,Primera Clase,Media,Completado,2911.42,Normal,1193.73,Normal,41.0,Computadores Pro 8,7,Tecnología,Computadores,Lumen
C0142,Tomás Soto,2023-06-24,339,Consumidor,85,Teléfono,Centro,Maule,2024-04-04,ORD-2023-00382,2024-05-28,Primera Clase,Media,Cancelado,1482.84,Normal,528.0,Normal,35.61,Mesas Eco 3,4,Muebles,Mesas,Alerce
C0141,Daniela Martínez,2022-06-07,481,Corporativo,69,Web,Norte,Tarapacá,2024-06-02,ORD-2023-00383,2023-10-01,Primera Clase,Alta,Devuelto,238.95,Normal,44.18,Normal,18.49,Computadores Eco 9,1,Tecnología,Computadores,Patagonia
C0141,Daniela Martínez,2022-06-07,481,Corporativo,69,Web,Norte,Tarapacá,2024-06-02,ORD-2023-00383,2023-10-01,Primera Clase,Alta,Devuelto,1152.26,Normal,123.13,Normal,10.69,Archivadores Pro 4,8,Oficina,Archivadores,Alerce
C0278,Fernanda Castillo,2021-11-29,796,Corporativo,88,Correo,Sur,Los Lagos,2025-03-03,ORD-2023-00384,2024-02-03,Primera Clase,Crítica,Completado,1796.56,Normal,848.8,Normal,47.25,Etiquetas Eco 6,8,Oficina,Etiquetas,Vector
C0278,Fernanda Castillo,2021-11-29,796,Corporativo,88,Correo,Sur,Los Lagos,2025-03-03,ORD-2023-00384,2024-02-03,Primera Clase,Baja,Completado,95.23,Normal,41.46,Normal,43.54,Computadores Flex 7,3,Tecnología,Computadores,Alerce
C0278,Fernanda Castillo,2021-11-29,796,Corporativo,88,Correo,Sur,Los Lagos,2025-03-03,ORD-2023-00384,2024-02-03,Primera Clase,Alta,Completado,1041.61,Normal,-51.32,Normal,-4.93,Papelería Smart 5,2,Oficina,Papelería,Alerce
C0043,Carlos Pérez,2021-08-25,706,Corporativo,80,Web,Austral,Magallanes,2024-11-01,ORD-2023-00385,2023-08-01,Primera Clase,Media,Completado,1880.56,Normal,434.8,Normal,23.12,Mesas Nova 8,8,Muebles,Mesas,Andes
C0043,Carlos Pérez,2021-08-25,706,Corporativo,80,Web,Austral,Magallanes,2024-11-01,ORD-2023-00385,2023-08-01,Primera Clase,Baja,Completado,3797.33,Normal,1539.02,Normal,40.53,Almacenamiento Plus 10,6,Muebles,Almacenamiento,Patagonia
C0043,Carlos Pérez,2021-08-25,706,Corporativo,80,Web,Austral,Magallanes,2024-11-01,ORD-2023-00385,2023-08-01,Primera Clase,Crítica,Completado,934.64,Normal,-188.77,Normal,-20.2,Archivadores Smart 7,5,Oficina,Archivadores,Altura
C0276,Antonia López,2021-03-24,782,Home Office,14,Web,Centro,Valparaíso,2024-03-24,ORD-2023-00386,2023-05-15,Estándar,Media,Enviado,831.83,Normal,362.08,Normal,43.53,Computadores Pro 8,2,Tecnología,Computadores,Lumen
C0276,Antonia López,2021-03-24,782,Home Office,14,Web,Centro,Valparaíso,2024-03-24,ORD-2023-00386,2023-05-15,Estándar,Media,Enviado,59.19,Normal,25.07,Normal,42.36,Archivadores Eco 9,7,Oficina,Archivadores,Orion
C0215,Sofía Castillo,2021-11-12,1028,Corporativo,33,App,Norte,Coquimbo,2025-02-22,ORD-2023-00387,2024-09-05,Primera Clase,Alta,Completado,1377.49,Normal,-79.52,Normal,-5.77,Computadores Eco 9,7,Tecnología,Computadores,Patagonia
C0215,Sofía Castillo,2021-11-12,1028,Corporativo,33,App,Norte,Coquimbo,2025-02-22,ORD-2023-00387,2024-09-05,Primera Clase,Media,Completado,1796.56,Normal,848.8,Normal,47.25,Etiquetas Eco 6,8,Oficina,Etiquetas,Vector
C0215,Sofía Castillo,2021-11-12,1028,Corporativo,33,App,Norte,Coquimbo,2025-02-22,ORD-2023-00387,2024-09-05,Primera Clase,Alta,Completado,2470.75,Normal,582.25,Normal,23.57,Mesas Nova 2,5,Muebles,Mesas,Lumen
C0215,Sofía Castillo,2021-11-12,1028,Corporativo,33,App,Norte,Coquimbo,2025-02-22,ORD-2023-00387,2024-09-05,Primera Clase,Baja,Completado,1871.28,Normal,555.04,Normal,29.66,Archivadores Nova 8,8,Oficina,Archivadores,Lumen
C0197,Antonia Contreras,2022-12-21,605,Corporativo,40,App,Centro,Metropolitana,2024-06-17,ORD-2023-00388,2024-08-17,Estándar,Alta,Completado,1098.05,Normal,106.61,Normal,9.71,Teléfonos Flex 8,2,Tecnología,Teléfonos,Patagonia
C0197,Antonia Contreras,2022-12-21,605,Corporativo,40,App,Centro,Metropolitana,2024-06-17,ORD-2023-00388,2024-08-17,Estándar,Crítica,Completado,195.48,Normal,51.88,Normal,26.54,Almacenamiento Nova 9,4,Muebles,Almacenamiento,Alerce
C0047,Ana Díaz,2021-11-02,804,Consumidor,57,Web,Centro,O'Higgins,2024-02-09,ORD-2023-00389,2024-01-15,Mismo Día,Media,Enviado,1603.96,Normal,-38.0,Normal,-2.37,Etiquetas Smart 9,3,Oficina,Etiquetas,Patagonia
C0047,Ana Díaz,2021-11-02,804,Consumidor,57,Web,Centro,O'Higgins,2024-02-09,ORD-2023-00389,2024-01-15,Mismo Día,Alta,Enviado,6029.61,Normal,2891.4,Ganancia Atípica,47.95,Computadores Pro 3,8,Tecnología,Computadores,Patagonia
C0034,Camila Sepúlveda,2021-04-30,642,Consumidor,50,No Especificado,Norte,Tarapacá,2024-08-20,ORD-2023-00390,2023-02-01,Mismo Día,Media,Completado,269.09,Normal,74.91,Normal,27.84,Mesas Smart 10,2,Muebles,Mesas,Vector
C0034,Camila Sepúlveda,2021-04-30,642,Consumidor,50,No Especificado,Norte,Tarapacá,2024-08-20,ORD-2023-00390,2023-02-01,Mismo Día,Baja,Completado,5788.72,Normal,1737.12,Normal,30.01,Periféricos Eco 2,8,Tecnología,Periféricos,Vector
C0209,Benjamín Castillo,2022-11-14,580,Consumidor,84,Web,Norte,Tarapacá,2024-03-12,ORD-2023-00391,2024-06-16,Mismo Día,Baja,Completado,431.42,Normal,123.91,Normal,28.72,Archivadores Nova 2,1,Oficina,Archivadores,Alerce
C0150,Constanza Soto,2023-09-14,575,Corporativo,53,Teléfono,Sur,La Araucanía,2024-09-28,ORD-2023-00392,2025-04-11,Estándar,Baja,Completado,3944.45,Normal,1359.64,Normal,34.47,Archivadores Nova 2,8,Oficina,Archivadores,Alerce
C0150,Constanza Soto,2023-09-14,575,Corporativo,53,Teléfono,Sur,La Araucanía,2024-09-28,ORD-2023-00392,2025-04-11,Estándar,Alta,Completado,2627.15,Normal,645.95,Normal,24.59,Teléfonos Eco 9,5,Tecnología,Teléfonos,Andes
C0150,Constanza Soto,2023-09-14,575,Corporativo,53,Teléfono,Sur,La Araucanía,2024-09-28,ORD-2023-00392,2025-04-11,Estándar,Crítica,Completado,2224.26,Normal,792.0,Normal,35.61,Mesas Eco 3,6,Muebles,Mesas,Alerce
C0150,Constanza Soto,2023-09-14,575,Corporativo,53,Teléfono,Sur,La Araucanía,2024-09-28,ORD-2023-00392,2025-04-11,Estándar,Baja,Completado,198.4,Normal,104.9,Normal,52.87,Computadores Flex 7,5,Tecnología,Computadores,Alerce
C0235,María Hernández,2022-08-24,856,Consumidor,15,App,Austral,Aysén,2024-12-11,ORD-2023-00393,2024-12-27,Primera Clase,Baja,Enviado,5073.12,Normal,1812.7,Normal,35.73,Sillas Smart 3,8,Muebles,Sillas,Altura
C0235,María Hernández,2022-08-24,856,Consumidor,15,App,Austral,Aysén,2024-12-11,ORD-2023-00393,2024-12-27,Primera Clase,Baja,Enviado,701.73,Normal,208.14,Normal,29.66,Archivadores Nova 8,3,Oficina,Archivadores,Lumen
C0235,María Hernández,2022-08-24,856,Consumidor,15,App,Austral,Aysén,2024-12-11,ORD-2023-00393,2024-12-27,Primera Clase,Alta,Enviado,1433.71,Normal,215.19,Normal,15.01,Computadores Eco 9,6,Tecnología,Computadores,Patagonia
C0235,María Hernández,2022-08-24,856,Consumidor,15,App,Austral,Aysén,2024-12-11,ORD-2023-00393,2024-12-27,Primera Clase,Crítica,Enviado,1664.06,Normal,739.1,Normal,44.42,Archivadores Nova 2,3,Oficina,Archivadores,Alerce
C0151,María Pérez,2024-10-17,-497,Consumidor,81,Correo,Norte,Tarapacá,2024-07-17,ORD-2023-00394,2023-06-08,Primera Clase,Alta,Completado,3533.4,Normal,763.48,Normal,21.61,Periféricos Nova 3,4,Tecnología,Periféricos,Altura
C0151,María Pérez,2024-10-17,-497,Consumidor,81,Correo,Norte,Tarapacá,2024-07-17,ORD-2023-00394,2023-06-08,Primera Clase,Crítica,Completado,472.89,Normal,79.5,Normal,16.81,Teléfonos Eco 9,1,Tecnología,Teléfonos,Andes
C0151,María Pérez,2024-10-17,-497,Consumidor,81,Correo,Norte,Tarapacá,2024-07-17,ORD-2023-00394,2023-06-08,Primera Clase,Alta,Completado,1187.48,Normal,469.02,Normal,39.5,Libreros Plus 2,3,Muebles,Libreros,Vector
C0151,María Pérez,2024-10-17,-497,Consumidor,81,Correo,Norte,Tarapacá,2024-07-17,ORD-2023-00394,2023-06-08,Primera Clase,Crítica,Completado,829.3,Normal,144.81,Normal,17.46,Libreros Pro 7,6,Muebles,Libreros,Nova
C0087,Tomás Fuentes,2023-01-29,509,Home Office,74,Web,Sur,Los Ríos,2025-03-16,ORD-2023-00395,2024-06-21,Estándar,Baja,Completado,2819.64,Normal,1118.09,Normal,39.65,Periféricos Eco 10,4,Tecnología,Periféricos,Andes
C0087,Tomás Fuentes,2023-01-29,509,Home Office,74,Web,Sur,Los Ríos,2025-03-16,ORD-2023-00395,2024-06-21,Estándar,Baja,Completado,2502.81,Normal,1096.78,Normal,43.82,Papelería Flex 4,4,Oficina,Papelería,Altura
C0269,Javiera Soto,2023-11-21,-91,Corporativo,73,Correo,Sur,Los Ríos,2024-01-17,ORD-2023-00396,2023-08-22,Estándar,Media,Completado,1529.42,Normal,451.9,Normal,29.55,Periféricos Nova 5,2,Tecnología,Periféricos,Orion
C0126,Jorge Hernández,2021-10-24,696,Home Office,34,Correo,Centro,Valparaíso,2025-03-24,ORD-2023-00397,2023-09-20,Segunda Clase,Baja,Completado,714.03,Normal,317.29,Normal,44.44,Computadores Pro 3,1,Tecnología,Computadores,Patagonia
C0126,Jorge Hernández,2021-10-24,696,Home Office,34,Correo,Centro,Valparaíso,2025-03-24,ORD-2023-00397,2023-09-20,Segunda Clase,Media,Completado,2825.96,Normal,1239.88,Normal,43.87,Archivadores Pro 6,4,Oficina,Archivadores,Patagonia
C0126,Jorge Hernández,2021-10-24,696,Home Office,34,Correo,Centro,Valparaíso,2025-03-24,ORD-2023-00397,2023-09-20,Segunda Clase,Media,Completado,863.85,Normal,318.7,Normal,36.89,Libreros Pro 7,5,Muebles,Libreros,Nova
C0126,Jorge Hernández,2021-10-24,696,Home Office,34,Correo,Centro,Valparaíso,2025-03-24,ORD-2023-00397,2023-09-20,Segunda Clase,Baja,Completado,2981.22,Normal,1018.13,Normal,34.15,Almacenamiento Plus 5,8,Muebles,Almacenamiento,Nova
C0164,Tomás Martínez,2021-08-14,1313,Consumidor,26,Web,Sur,Los Lagos,2025-01-05,ORD-2023-00398,2025-03-19,Estándar,Baja,Completado,800.41,Normal,132.82,Normal,16.59,Teléfonos Nova 3,4,Tecnología,Teléfonos,Lumen
C0164,Tomás Martínez,2021-08-14,1313,Consumidor,26,Web,Sur,Los Lagos,2025-01-05,ORD-2023-00398,2025-03-19,Estándar,Crítica,Completado,3726.52,Normal,1829.17,Normal,49.09,Almacenamiento Plus 5,7,Muebles,Almacenamiento,Nova
C0100,Diego Díaz,2022-08-30,727,Consumidor,56,App,Sur,Biobío,2024-06-26,ORD-2023-00399,2024-08-26,Estándar,Alta,Enviado,383.21,Normal,106.4,Normal,27.77,Almacenamiento Nova 7,5,Muebles,Almacenamiento,Altura
C0100,Diego Díaz,2022-08-30,727,Consumidor,56,App,Sur,Biobío,2024-06-26,ORD-2023-00399,2024-08-26,Estándar,Alta,Enviado,3087.29,Normal,1322.87,Normal,42.85,Libreros Pro 5,8,Muebles,Libreros,Nova
C0100,Diego Díaz,2022-08-30,727,Consumidor,56,App,Sur,Biobío,2024-06-26,ORD-2023-00399,2024-08-26,Estándar,Alta,Enviado,1426.91,Normal,346.47,Normal,24.28,Periféricos Flex 4,4,Tecnología,Periféricos,Orion
C0100,Diego Díaz,2022-08-30,727,Consumidor,56,App,Sur,Biobío,2024-06-26,ORD-2023-00399,2024-08-26,Estándar,Media,Enviado,6563.68,Venta Extraordinaria,2501.2,Ganancia Atípica,38.11,Papelería Smart 1,8,Oficina,Papelería,Altura
C0250,Daniela Soto,2023-07-01,-175,Home Office,97,Web,Sur,Los Ríos,2025-01-23,ORD-2023-00400,2023-01-07,Mismo Día,Crítica,Completado,5435.51,Normal,2325.57,Ganancia Atípica,42.78,Accesorios Flex 9,7,Tecnología,Accesorios,Patagonia
C0250,Daniela Soto,2023-07-01,-175,Home Office,97,Web,Sur,Los Ríos,2025-01-23,ORD-2023-00400,2023-01-07,Mismo Día,Media,Completado,2076.37,Normal,719.82,Normal,34.67,Sillas Plus 4,3,Muebles,Sillas,Orion
C0110,Diego Hernández,2022-04-24,566,Consumidor,90,Teléfono,Sur,Los Lagos,2024-01-18,ORD-2024-00401,2023-11-11,Primera Clase,Crítica,Completado,1051.9,Normal,295.16,Normal,28.06,Almacenamiento Smart 4,3,Muebles,Almacenamiento,Lumen
C0110,Diego Hernández,2022-04-24,566,Consumidor,90,Teléfono,Sur,Los Lagos,2024-01-18,ORD-2024-00401,2023-11-11,Primera Clase,Media,Completado,1736.13,Normal,579.12,Normal,33.36,Etiquetas Eco 1,3,Oficina,Etiquetas,Nova
C0167,Antonia Espinoza,2023-07-15,333,Consumidor,88,App,Centro,Metropolitana,2025-03-21,ORD-2024-00402,2024-06-12,Primera Clase,Alta,Enviado,3720.28,Normal,1494.76,Normal,40.18,Libreros Plus 1,5,Muebles,Libreros,Altura
C0167,Antonia Espinoza,2023-07-15,333,Consumidor,88,App,Centro,Metropolitana,2025-03-21,ORD-2024-00402,2024-06-12,Primera Clase,Crítica,Enviado,918.2,Normal,161.26,Normal,17.56,Archivadores Pro 4,6,Oficina,Archivadores,Alerce
C0167,Antonia Espinoza,2023-07-15,333,Consumidor,88,App,Centro,Metropolitana,2025-03-21,ORD-2024-00402,2024-06-12,Primera Clase,Crítica,Enviado,978.66,Normal,186.75,Normal,19.08,Almacenamiento Eco 3,7,Muebles,Almacenamiento,Orion
C0029,Fernanda Díaz,2022-01-28,756,Consumidor,78,App,Austral,Aysén,2024-03-01,ORD-2024-00403,2024-02-23,Mismo Día,Alta,Completado,3299.39,Normal,547.73,Normal,16.6,Accesorios Plus 3,4,Tecnología,Accesorios,Altura
C0029,Fernanda Díaz,2022-01-28,756,Consumidor,78,App,Austral,Aysén,2024-03-01,ORD-2024-00403,2024-02-23,Mismo Día,Crítica,Completado,2453.52,Normal,951.54,Normal,38.78,Periféricos Nova 8,6,Tecnología,Periféricos,Andes
C0029,Fernanda Díaz,2022-01-28,756,Consumidor,78,App,Austral,Aysén,2024-03-01,ORD-2024-00403,2024-02-23,Mismo Día,Crítica,Completado,2115.88,Normal,603.8,Normal,28.54,Sillas Flex 2,4,Muebles,Sillas,Vector
C0141,Daniela Martínez,2022-06-07,317,Corporativo,69,Web,Norte,Tarapacá,2024-06-02,ORD-2024-00404,2023-04-20,Mismo Día,Crítica,Completado,2668.51,Normal,826.38,Normal,30.97,Papelería Plus 9,8,Oficina,Papelería,Vector
C0141,Daniela Martínez,2022-06-07,317,Corporativo,69,Web,Norte,Tarapacá,2024-06-02,ORD-2024-00404,2023-04-20,Mismo Día,Alta,Completado,793.2,Normal,242.82,Normal,30.61,Accesorios Plus 8,2,Tecnología,Accesorios,Andes
C0141,Daniela Martínez,2022-06-07,317,Corporativo,69,Web,Norte,Tarapacá,2024-06-02,ORD-2024-00404,2023-04-20,Mismo Día,Baja,Completado,2805.01,Normal,-218.98,Normal,-7.81,Libreros Smart 9,6,Muebles,Libreros,Patagonia
C0141,Daniela Martínez,2022-06-07,317,Corporativo,69,Web,Norte,Tarapacá,2024-06-02,ORD-2024-00404,2023-04-20,Mismo Día,Crítica,Completado,2626.08,Normal,1234.83,Normal,47.02,Libreros Plus 1,3,Muebles,Libreros,Altura
C0078,Ignacio Flores,2023-03-18,78,Consumidor,20,Web,Austral,Magallanes,2024-03-10,ORD-2024-00405,2023-06-04,Mismo Día,Media,Completado,1856.3,Normal,536.91,Normal,28.92,Almacenamiento Smart 4,5,Muebles,Almacenamiento,Lumen
C0078,Ignacio Flores,2023-03-18,78,Consumidor,20,Web,Austral,Magallanes,2024-03-10,ORD-2024-00405,2023-06-04,Mismo Día,Alta,Completado,17.97,Normal,7.39,Normal,41.12,Archivadores Eco 9,2,Oficina,Archivadores,Orion
C0078,Ignacio Flores,2023-03-18,78,Consumidor,20,Web,Austral,Magallanes,2024-03-10,ORD-2024-00405,2023-06-04,Mismo Día,Crítica,Completado,5883.84,Normal,2042.57,Ganancia Atípica,34.71,Sobres Flex 6,8,Oficina,Sobres,Patagonia
C0117,Sebastián Torres,2023-08-21,239,Consumidor,62,Teléfono,Centro,Metropolitana,2025-01-21,ORD-2024-00406,2024-04-16,Estándar,Crítica,Completado,296.18,Normal,49.29,Normal,16.64,Papelería Pro 3,7,Oficina,Papelería,Altura
C0025,Jorge Martínez,2023-09-22,277,Home Office,79,App,Centro,Valparaíso,2024-03-22,ORD-2024-00407,2024-06-25,Estándar,Alta,Completado,3745.01,Normal,579.7,Normal,15.48,Accesorios Flex 5,6,Tecnología,Accesorios,Vector
C0025,Jorge Martínez,2023-09-22,277,Home Office,79,App,Centro,Valparaíso,2024-03-22,ORD-2024-00407,2024-06-25,Estándar,Baja,Completado,1181.72,Normal,644.84,Normal,54.57,Papelería Eco 2,2,Oficina,Papelería,Orion
C0025,Jorge Martínez,2023-09-22,277,Home Office,79,App,Centro,Valparaíso,2024-03-22,ORD-2024-00407,2024-06-25,Estándar,Crítica,Completado,2003.58,Normal,593.43,Normal,29.62,Libreros Smart 9,3,Muebles,Libreros,Patagonia
C0025,Jorge Martínez,2023-09-22,277,Home Office,79,App,Centro,Valparaíso,2024-03-22,ORD-2024-00407,2024-06-25,Estándar,Crítica,Completado,195.48,Normal,51.88,Normal,26.54,Almacenamiento Nova 9,4,Muebles,Almacenamiento,Alerce
C0142,Tomás Soto,2023-06-24,302,Consumidor,85,Teléfono,Centro,Maule,2024-04-04,ORD-2024-00408,2024-04-21,Segunda Clase,Crítica,Devuelto,1729.1,Normal,243.5,Normal,14.08,Accesorios Nova 10,3,Tecnología,Accesorios,Andes
C0142,Tomás Soto,2023-06-24,302,Consumidor,85,Teléfono,Centro,Maule,2024-04-04,ORD-2024-00408,2024-04-21,Segunda Clase,Baja,Devuelto,43.28,Normal,13.72,Normal,31.7,Sobres Pro 4,1,Oficina,Sobres,Vector
C0142,Tomás Soto,2023-06-24,302,Consumidor,85,Teléfono,Centro,Maule,2024-04-04,ORD-2024-00408,2024-04-21,Segunda Clase,Alta,Devuelto,5537.77,Normal,2865.59,Ganancia Atípica,51.75,Almacenamiento Plus 10,7,Muebles,Almacenamiento,Patagonia
C0219,Sebastián Soto,2024-05-23,-354,Consumidor,42,App,Sur,Los Ríos,2024-04-28,ORD-2024-00409,2023-06-04,Primera Clase,Media,Completado,2502.81,Normal,1027.09,Normal,41.04,Papelería Flex 4,4,Oficina,Papelería,Altura
C0219,Sebastián Soto,2024-05-23,-354,Consumidor,42,App,Sur,Los Ríos,2024-04-28,ORD-2024-00409,2023-06-04,Primera Clase,Baja,Completado,2176.57,Normal,626.37,Normal,28.78,Computadores Plus 5,3,Tecnología,Computadores,Orion
C0219,Sebastián Soto,2024-05-23,-354,Consumidor,42,App,Sur,Los Ríos,2024-04-28,ORD-2024-00409,2023-06-04,Primera Clase,Baja,Completado,28.12,Normal,8.31,Normal,29.55,Accesorios Eco 4,1,Tecnología,Accesorios,Orion
C0219,Sebastián Soto,2024-05-23,-354,Consumidor,42,App,Sur,Los Ríos,2024-04-28,ORD-2024-00409,2023-06-04,Primera Clase,Media,Completado,3173.82,Normal,902.99,Normal,28.45,Sillas Flex 2,6,Muebles,Sillas,Vector
C0156,Luis Sepúlveda,2021-08-26,660,Corporativo,40,Web,Centro,O'Higgins,2024-02-17,ORD-2024-00410,2023-06-17,Segunda Clase,Crítica,Completado,59.05,Normal,3.44,Normal,5.83,Accesorios Eco 4,3,Tecnología,Accesorios,Orion
C0156,Luis Sepúlveda,2021-08-26,660,Corporativo,40,Web,Centro,O'Higgins,2024-02-17,ORD-2024-00410,2023-06-17,Segunda Clase,Crítica,Completado,1650.59,Normal,423.32,Normal,25.65,Mesas Smart 7,4,Muebles,Mesas,Patagonia
C0156,Luis Sepúlveda,2021-08-26,660,Corporativo,40,Web,Centro,O'Higgins,2024-02-17,ORD-2024-00410,2023-06-17,Segunda Clase,Baja,Completado,1877.77,Normal,356.26,Normal,18.97,Mesas Nova 2,4,Muebles,Mesas,Lumen
C0048,Sofía Muñoz,2023-01-17,163,Corporativo,55,Web,Sur,Los Lagos,2024-02-27,ORD-2024-00411,2023-06-29,Estándar,Alta,Completado,5299.24,Normal,2144.24,Ganancia Atípica,40.46,Teléfonos Pro 6,8,Tecnología,Teléfonos,Orion
C0048,Sofía Muñoz,2023-01-17,163,Corporativo,55,Web,Sur,Los Lagos,2024-02-27,ORD-2024-00411,2023-06-29,Estándar,Alta,Completado,313.58,Normal,66.65,Normal,21.25,Mesas Eco 4,4,Muebles,Mesas,Altura
C0245,Paula Espinoza,2024-05-24,-248,Consumidor,96,App,Centro,Maule,2024-08-23,ORD-2024-00412,2023-09-19,Mismo Día,Alta,Completado,840.05,Normal,92.93,Normal,11.06,Mesas Nova 2,2,Muebles,Mesas,Lumen
C0245,Paula Espinoza,2024-05-24,-248,Consumidor,96,App,Centro,Maule,2024-08-23,ORD-2024-00412,2023-09-19,Mismo Día,Alta,Completado,785.52,Normal,-34.59,Normal,-4.4,Etiquetas Flex 8,2,Oficina,Etiquetas,Patagonia
C0245,Paula Espinoza,2024-05-24,-248,Consumidor,96,App,Centro,Maule,2024-08-23,ORD-2024-00412,2023-09-19,Mismo Día,Baja,Completado,1112.32,Normal,430.54,Normal,38.71,Computadores Flex 10,2,Tecnología,Computadores,Alerce
C0245,Paula Espinoza,2024-05-24,-248,Consumidor,96,App,Centro,Maule,2024-08-23,ORD-2024-00412,2023-09-19,Mismo Día,Media,Completado,5263.2,Normal,2738.34,Ganancia Atípica,52.03,Periféricos Nova 6,6,Tecnología,Periféricos,Patagonia
C0091,Valentina Hernández,2023-08-10,357,Consumidor,53,Correo,Norte,Tarapacá,2025-01-07,ORD-2024-00413,2024-08-01,Mismo Día,Crítica,Completado,1427.76,Normal,335.14,Normal,23.47,Accesorios Plus 8,4,Tecnología,Accesorios,Andes
C0081,Felipe González,2024-01-10,55,Home Office,54,Web,Centro,Maule,2024-07-10,ORD-2024-00414,2024-03-05,Segunda Clase,Alta,Enviado,1736.13,Normal,579.12,Normal,33.36,Etiquetas Eco 1,3,Oficina,Etiquetas,Nova
C0207,Paula Fuentes,2024-10-22,-20,Corporativo,90,Web,Norte,Tarapacá,2025-01-10,ORD-2024-00415,2024-10-02,Primera Clase,Media,Completado,493.22,Normal,126.97,Normal,25.74,Sillas Smart 3,1,Muebles,Sillas,Altura
C0209,Benjamín Castillo,2022-11-14,95,Consumidor,84,Web,Norte,Tarapacá,2024-03-12,ORD-2024-00416,2023-02-17,Estándar,Crítica,Completado,2369.36,Normal,1185.94,Normal,50.05,Teléfonos Flex 2,7,Tecnología,Teléfonos,Vector
C0209,Benjamín Castillo,2022-11-14,95,Consumidor,84,Web,Norte,Tarapacá,2024-03-12,ORD-2024-00416,2023-02-17,Estándar,Baja,Completado,775.62,Normal,169.31,Normal,21.83,Mesas Smart 10,7,Muebles,Mesas,Vector
C0160,Andrés Flores,2023-01-05,483,Home Office,60,Web,Sur,Los Ríos,2024-11-05,ORD-2024-00417,2024-05-02,Primera Clase,Media,Completado,68.42,Normal,-3.3,Normal,-4.82,Almacenamiento Nova 9,2,Muebles,Almacenamiento,Alerce
C0160,Andrés Flores,2023-01-05,483,Home Office,60,Web,Sur,Los Ríos,2024-11-05,ORD-2024-00417,2024-05-02,Primera Clase,Media,Completado,1023.4,Normal,369.88,Normal,36.14,Teléfonos Plus 7,4,Tecnología,Teléfonos,Alerce
C0160,Andrés Flores,2023-01-05,483,Home Office,60,Web,Sur,Los Ríos,2024-11-05,ORD-2024-00417,2024-05-02,Primera Clase,Alta,Completado,562.24,Normal,163.28,Normal,29.04,Computadores Eco 9,2,Tecnología,Computadores,Patagonia
C0054,Catalina Araya,2024-10-23,-406,Corporativo,13,Teléfono,Sur,La Araucanía,2024-08-14,ORD-2024-00418,2023-09-13,Mismo Día,Media,Completado,596.47,Normal,106.16,Normal,17.8,Archivadores Nova 8,3,Oficina,Archivadores,Lumen
C0054,Catalina Araya,2024-10-23,-406,Corporativo,13,Teléfono,Sur,La Araucanía,2024-08-14,ORD-2024-00418,2023-09-13,Mismo Día,Media,Completado,425.89,Normal,149.22,Normal,35.04,Almacenamiento Plus 5,1,Muebles,Almacenamiento,Nova
C0054,Catalina Araya,2024-10-23,-406,Corporativo,13,Teléfono,Sur,La Araucanía,2024-08-14,ORD-2024-00418,2023-09-13,Mismo Día,Media,Completado,807.35,Normal,404.48,Normal,50.1,Computadores Nova 4,1,Tecnología,Computadores,Vector
C0083,Sofía Torres,2021-08-23,902,Home Office,69,App,Centro,Maule,2024-07-11,ORD-2024-00419,2024-02-11,Primera Clase,Crítica,Completado,658.2,Normal,-78.37,Normal,-11.91,Mesas Nova 8,4,Muebles,Mesas,Andes
C0083,Sofía Torres,2021-08-23,902,Home Office,69,App,Centro,Maule,2024-07-11,ORD-2024-00419,2024-02-11,Primera Clase,Media,Completado,3312.03,Normal,1436.57,Normal,43.37,Teléfonos Pro 6,5,Tecnología,Teléfonos,Orion
C0083,Sofía Torres,2021-08-23,902,Home Office,69,App,Centro,Maule,2024-07-11,ORD-2024-00419,2024-02-11,Primera Clase,Crítica,Completado,3710.07,Normal,-617.81,Normal,-16.65,Periféricos Nova 3,6,Tecnología,Periféricos,Altura
C0083,Sofía Torres,2021-08-23,902,Home Office,69,App,Centro,Maule,2024-07-11,ORD-2024-00419,2024-02-11,Primera Clase,Alta,Completado,1264.82,Normal,159.33,Normal,12.6,Papelería Smart 5,2,Oficina,Papelería,Alerce
C0033,Ana López,2023-07-21,599,Corporativo,64,Teléfono,Norte,Tarapacá,2024-09-01,ORD-2024-00420,2025-03-11,Segunda Clase,Alta,Devuelto,276.16,Normal,97.12,Normal,35.17,Mesas Smart 9,2,Muebles,Mesas,Andes
C0033,Ana López,2023-07-21,599,Corporativo,64,Teléfono,Norte,Tarapacá,2024-09-01,ORD-2024-00420,2025-03-11,Segunda Clase,Baja,Devuelto,1381.59,Normal,404.22,Normal,29.26,Teléfonos Plus 7,6,Tecnología,Teléfonos,Alerce
C0259,Catalina Flores,2021-09-14,660,Corporativo,88,Teléfono,Austral,Magallanes,2024-06-18,ORD-2024-00421,2023-07-06,Segunda Clase,Alta,Enviado,49.99,Normal,11.43,Normal,22.86,Archivadores Smart 10,1,Oficina,Archivadores,Andes
C0259,Catalina Flores,2021-09-14,660,Corporativo,88,Teléfono,Austral,Magallanes,2024-06-18,ORD-2024-00421,2023-07-06,Segunda Clase,Alta,Enviado,1915.29,Normal,669.93,Normal,34.98,Libreros Pro 8,3,Muebles,Libreros,Lumen
C0277,Fernanda Torres,2023-07-25,30,Home Office,87,App,Sur,Los Lagos,2024-05-03,ORD-2024-00422,2023-08-24,Primera Clase,Media,Completado,1983.14,Normal,700.26,Normal,35.31,Papelería Eco 8,3,Oficina,Papelería,Patagonia
C0277,Fernanda Torres,2023-07-25,419,Home Office,87,App,Sur,Los Lagos,2024-05-03,ORD-2024-00423,2024-09-16,Mismo Día,Media,Completado,3793.53,Normal,418.99,Normal,11.04,Sobres Flex 6,7,Oficina,Sobres,Patagonia
C0277,Fernanda Torres,2023-07-25,419,Home Office,87,App,Sur,Los Lagos,2024-05-03,ORD-2024-00423,2024-09-16,Mismo Día,Alta,Completado,3124.35,Normal,1667.0,Normal,53.36,Archivadores Flex 3,5,Oficina,Archivadores,Vector
C0277,Fernanda Torres,2023-07-25,419,Home Office,87,App,Sur,Los Lagos,2024-05-03,ORD-2024-00423,2024-09-16,Mismo Día,Media,Completado,79.36,Normal,41.96,Normal,52.87,Computadores Flex 7,2,Tecnología,Computadores,Alerce
C0277,Fernanda Torres,2023-07-25,419,Home Office,87,App,Sur,Los Lagos,2024-05-03,ORD-2024-00423,2024-09-16,Mismo Día,Media,Completado,4203.44,Normal,1033.52,Normal,24.59,Teléfonos Eco 9,8,Tecnología,Teléfonos,Andes
C0201,Josefa Muñoz,2023-11-06,496,Corporativo,49,Web,Sur,La Araucanía,2024-12-01,ORD-2024-00424,2025-03-16,Segunda Clase,Crítica,Completado,2441.09,Normal,491.82,Normal,20.15,Accesorios Nova 10,4,Tecnología,Accesorios,Andes
C0201,Josefa Muñoz,2023-11-06,496,Corporativo,49,Web,Sur,La Araucanía,2024-12-01,ORD-2024-00424,2025-03-16,Segunda Clase,Alta,Completado,2221.0,Normal,1075.55,Normal,48.43,Teléfonos Pro 6,3,Tecnología,Teléfonos,Orion
C0201,Josefa Muñoz,2023-11-06,496,Corporativo,49,Web,Sur,La Araucanía,2024-12-01,ORD-2024-00424,2025-03-16,Segunda Clase,Alta,Completado,1403.46,Normal,416.28,Normal,29.66,Archivadores Nova 8,6,Oficina,Archivadores,Lumen
C0269,Javiera Soto,2023-11-21,-219,Corporativo,73,Correo,Sur,Los Ríos,2024-01-17,ORD-2024-00425,2023-04-16,Mismo Día,Alta,Completado,6133.52,Normal,2363.36,Ganancia Atípica,38.53,Libreros Eco 10,8,Muebles,Libreros,Andes
C0140,Ignacio López,2024-10-31,-628,Home Office,73,App,Centro,Maule,2024-07-28,ORD-2024-00426,2023-02-11,Mismo Día,Baja,Completado,4384.87,Normal,1429.26,Normal,32.6,Sobres Smart 3,8,Oficina,Sobres,Patagonia
C0140,Ignacio López,2024-10-31,-628,Home Office,73,App,Centro,Maule,2024-07-28,ORD-2024-00426,2023-02-11,Mismo Día,Crítica,Completado,1929.34,Normal,899.97,Normal,46.65,Teléfonos Flex 2,6,Tecnología,Teléfonos,Vector
C0222,Isidora Rodríguez,2023-04-30,312,Consumidor,60,Web,Centro,Metropolitana,2024-09-15,ORD-2024-00427,2024-03-07,Primera Clase,Alta,Enviado,3290.31,Normal,883.72,Normal,26.86,Sobres Flex 6,5,Oficina,Sobres,Patagonia
C0222,Isidora Rodríguez,2023-04-30,312,Consumidor,60,Web,Centro,Metropolitana,2024-09-15,ORD-2024-00427,2024-03-07,Primera Clase,Crítica,Enviado,169.74,Normal,79.54,Normal,46.86,Sillas Pro 6,2,Muebles,Sillas,Nova
C0222,Isidora Rodríguez,2023-04-30,312,Consumidor,60,Web,Centro,Metropolitana,2024-09-15,ORD-2024-00427,2024-03-07,Primera Clase,Alta,Enviado,5499.28,Normal,1437.14,Normal,26.13,Periféricos Eco 2,8,Tecnología,Periféricos,Vector
C0054,Catalina Araya,2024-10-23,138,Corporativo,13,Teléfono,Sur,La Araucanía,2024-08-14,ORD-2024-00428,2025-03-10,Mismo Día,Baja,Completado,1738.56,Normal,694.28,Normal,39.93,Accesorios Nova 6,2,Tecnología,Accesorios,Andes
C0054,Catalina Araya,2024-10-23,138,Corporativo,13,Teléfono,Sur,La Araucanía,2024-08-14,ORD-2024-00428,2025-03-10,Mismo Día,Crítica,Completado,795.29,Normal,132.68,Normal,16.68,Archivadores Nova 8,4,Oficina,Archivadores,Lumen
C0054,Catalina Araya,2024-10-23,138,Corporativo,13,Teléfono,Sur,La Araucanía,2024-08-14,ORD-2024-00428,2025-03-10,Mismo Día,Crítica,Completado,1816.36,Normal,954.59,Normal,52.56,Etiquetas Pro 5,7,Oficina,Etiquetas,Lumen
C0054,Catalina Araya,2024-10-23,138,Corporativo,13,Teléfono,Sur,La Araucanía,2024-08-14,ORD-2024-00428,2025-03-10,Mismo Día,Crítica,Completado,482.56,Normal,203.04,Normal,42.08,Etiquetas Nova 10,8,Oficina,Etiquetas,Orion
C0014,Isidora Flores,2024-08-05,-361,Corporativo,24,Teléfono,Norte,Antofagasta,2024-05-13,ORD-2024-00429,2023-08-10,Mismo Día,Alta,Completado,1296.29,Normal,290.84,Normal,22.44,Archivadores Pro 4,8,Oficina,Archivadores,Alerce
C0181,Pedro Martínez,2022-09-25,352,Home Office,54,Teléfono,Centro,Valparaíso,2024-05-13,ORD-2024-00430,2023-09-12,Primera Clase,Media,Completado,190.46,Normal,73.44,Normal,38.56,Computadores Flex 7,6,Tecnología,Computadores,Alerce
C0181,Pedro Martínez,2022-09-25,352,Home Office,54,Teléfono,Centro,Valparaíso,2024-05-13,ORD-2024-00430,2023-09-12,Primera Clase,Media,Completado,6110.32,Normal,1635.76,Normal,26.77,Etiquetas Smart 9,8,Oficina,Etiquetas,Patagonia
C0163,Camila Silva,2021-10-30,1276,Corporativo,45,Web,Austral,Magallanes,2025-01-24,ORD-2024-00431,2025-04-28,Primera Clase,Crítica,Completado,1418.06,Normal,654.98,Normal,46.19,Papelería Eco 2,3,Oficina,Papelería,Orion
C0163,Camila Silva,2021-10-30,1276,Corporativo,45,Web,Austral,Magallanes,2025-01-24,ORD-2024-00431,2025-04-28,Primera Clase,Media,Completado,2246.58,Normal,-255.69,Normal,-11.38,Sillas Eco 5,6,Muebles,Sillas,Lumen
C0163,Camila Silva,2021-10-30,1276,Corporativo,45,Web,Austral,Magallanes,2025-01-24,ORD-2024-00431,2025-04-28,Primera Clase,Alta,Completado,2587.32,Normal,1302.84,Normal,50.35,Computadores Pro 2,6,Tecnología,Computadores,Altura
C0163,Camila Silva,2021-10-30,1276,Corporativo,45,Web,Austral,Magallanes,2025-01-24,ORD-2024-00431,2025-04-28,Primera Clase,Baja,Completado,3727.3,Normal,879.85,Normal,23.61,Sobres Eco 7,5,Oficina,Sobres,Vector
C0102,Sofía Torres,2021-01-26,800,Consumidor,70,No Especificado,Centro,Metropolitana,2025-03-24,ORD-2024-00432,2023-04-06,Mismo Día,Crítica,Cancelado,2679.69,Normal,321.78,Normal,12.01,Teléfonos Eco 9,6,Tecnología,Teléfonos,Andes
C0102,Sofía Torres,2021-01-26,800,Consumidor,70,No Especificado,Centro,Metropolitana,2025-03-24,ORD-2024-00432,2023-04-06,Mismo Día,Media,Cancelado,390.35,Normal,210.5,Normal,53.93,Teléfonos Pro 4,5,Tecnología,Teléfonos,Alerce
C0102,Sofía Torres,2021-01-26,800,Consumidor,70,No Especificado,Centro,Metropolitana,2025-03-24,ORD-2024-00432,2023-04-06,Mismo Día,Alta,Cancelado,490.02,Normal,164.1,Normal,33.49,Mesas Smart 7,1,Muebles,Mesas,Patagonia
C0014,Isidora Flores,2024-08-05,-76,Corporativo,24,Teléfono,Norte,Antofagasta,2024-05-13,ORD-2024-00433,2024-05-21,Segunda Clase,Media,Devuelto,211.56,Normal,68.72,Normal,32.48,Papelería Pro 3,4,Oficina,Papelería,Altura
C0014,Isidora Flores,2024-08-05,-76,Corporativo,24,Teléfono,Norte,Antofagasta,2024-05-13,ORD-2024-00433,2024-05-21,Segunda Clase,Media,Devuelto,4862.26,Normal,-547.3,Normal,-11.26,Accesorios Plus 3,8,Tecnología,Accesorios,Altura
C0014,Isidora Flores,2024-08-05,-76,Corporativo,24,Teléfono,Norte,Antofagasta,2024-05-13,ORD-2024-00433,2024-05-21,Segunda Clase,Crítica,Devuelto,889.7,Normal,162.25,Normal,18.24,Mesas Eco 3,3,Muebles,Mesas,Alerce
C0014,Isidora Flores,2024-08-05,-76,Corporativo,24,Teléfono,Norte,Antofagasta,2024-05-13,ORD-2024-00433,2024-05-21,Segunda Clase,Alta,Devuelto,3002.58,Normal,955.67,Normal,31.83,Archivadores Pro 6,5,Oficina,Archivadores,Patagonia
C0221,Valentina Hernández,2021-10-29,808,Home Office,21,No Especificado,Norte,Tarapacá,2024-01-05,ORD-2024-00434,2024-01-15,Primera Clase,Media,Cancelado,1729.1,Normal,193.96,Normal,11.22,Accesorios Nova 10,3,Tecnología,Accesorios,Andes
C0221,Valentina Hernández,2021-10-29,808,Home Office,21,No Especificado,Norte,Tarapacá,2024-01-05,ORD-2024-00434,2024-01-15,Primera Clase,Crítica,Cancelado,1286.07,Normal,467.22,Normal,36.33,Etiquetas Pro 2,3,Oficina,Etiquetas,Vector
C0221,Valentina Hernández,2021-10-29,808,Home Office,21,No Especificado,Norte,Tarapacá,2024-01-05,ORD-2024-00434,2024-01-15,Primera Clase,Media,Cancelado,4007.16,Normal,1186.86,Normal,29.62,Libreros Smart 9,6,Muebles,Libreros,Patagonia
C0179,Benjamín Díaz,2024-02-14,325,Corporativo,24,Teléfono,Sur,Biobío,2024-09-30,ORD-2024-00435,2025-01-04,Segunda Clase,Crítica,Completado,288.76,Normal,22.13,Normal,7.66,Almacenamiento Smart 4,1,Muebles,Almacenamiento,Lumen
C0179,Benjamín Díaz,2024-02-14,325,Corporativo,24,Teléfono,Sur,Biobío,2024-09-30,ORD-2024-00435,2025-01-04,Segunda Clase,Media,Completado,803.18,Normal,370.72,Normal,46.16,Almacenamiento Eco 6,7,Muebles,Almacenamiento,Patagonia
C0179,Benjamín Díaz,2024-02-14,325,Corporativo,24,Teléfono,Sur,Biobío,2024-09-30,ORD-2024-00435,2025-01-04,Segunda Clase,Crítica,Completado,6946.08,Venta Extraordinaria,1465.28,Normal,21.1,Accesorios Plus 3,8,Tecnología,Accesorios,Altura
C0076,Isidora Silva,2022-03-26,346,Corporativo,65,Teléfono,Norte,Antofagasta,2024-05-26,ORD-2024-00436,2023-03-07,Estándar,Crítica,Completado,1446.36,Normal,162.57,Normal,11.24,Mesas Flex 6,3,Muebles,Mesas,Orion
C0076,Isidora Silva,2022-03-26,346,Corporativo,65,Teléfono,Norte,Antofagasta,2024-05-26,ORD-2024-00436,2023-03-07,Estándar,Crítica,Completado,3153.54,Normal,1060.17,Normal,33.62,Periféricos Eco 10,5,Tecnología,Periféricos,Andes
C0076,Isidora Silva,2022-03-26,346,Corporativo,65,Teléfono,Norte,Antofagasta,2024-05-26,ORD-2024-00436,2023-03-07,Estándar,Baja,Completado,3152.58,Normal,775.14,Normal,24.59,Teléfonos Eco 9,6,Tecnología,Teléfonos,Andes
C0076,Isidora Silva,2022-03-26,346,Corporativo,65,Teléfono,Norte,Antofagasta,2024-05-26,ORD-2024-00436,2023-03-07,Estándar,Baja,Completado,3697.92,Normal,1844.34,Normal,49.88,Archivadores Nova 2,6,Oficina,Archivadores,Alerce
C0033,Ana López,2023-07-21,341,Corporativo,64,Teléfono,Norte,Tarapacá,2024-09-01,ORD-2024-00437,2024-06-26,Segunda Clase,Crítica,Completado,232.35,Normal,104.97,Normal,45.18,Etiquetas Pro 7,3,Oficina,Etiquetas,Orion
C0033,Ana López,2023-07-21,341,Corporativo,64,Teléfono,Norte,Tarapacá,2024-09-01,ORD-2024-00437,2024-06-26,Segunda Clase,Crítica,Completado,306.07,Normal,61.55,Normal,20.11,Archivadores Pro 4,2,Oficina,Archivadores,Alerce
C0294,Fernanda Torres,2024-10-27,52,Consumidor,10,App,Sur,Los Ríos,2024-05-19,ORD-2024-00438,2024-12-18,Mismo Día,Crítica,Completado,1453.23,Normal,656.85,Normal,45.2,Computadores Nova 4,2,Tecnología,Computadores,Vector
C0294,Fernanda Torres,2024-10-27,52,Consumidor,10,App,Sur,Los Ríos,2024-05-19,ORD-2024-00438,2024-12-18,Mismo Día,Alta,Completado,2131.53,Normal,400.28,Normal,18.78,Sobres Smart 3,5,Oficina,Sobres,Patagonia
C0294,Fernanda Torres,2024-10-27,52,Consumidor,10,App,Sur,Los Ríos,2024-05-19,ORD-2024-00438,2024-12-18,Mismo Día,Baja,Completado,1877.77,Normal,372.85,Normal,19.86,Mesas Nova 2,4,Muebles,Mesas,Lumen
C0174,Nicolás Martínez,2021-11-09,880,Corporativo,18,Correo,Sur,Los Lagos,2024-12-26,ORD-2024-00439,2024-04-07,Estándar,Baja,Completado,4175.04,Normal,1637.94,Normal,39.23,Papelería Eco 8,6,Oficina,Papelería,Patagonia
C0003,Diego Castillo,2024-03-28,-118,Corporativo,100,App,Austral,Magallanes,2024-05-31,ORD-2024-00440,2023-12-01,Segunda Clase,Media,Enviado,2744.99,Normal,1211.6,Normal,44.14,Computadores Nova 4,4,Tecnología,Computadores,Vector
C0003,Diego Castillo,2024-03-28,-118,Corporativo,100,App,Austral,Magallanes,2024-05-31,ORD-2024-00440,2023-12-01,Segunda Clase,Media,Enviado,656.94,Normal,335.1,Normal,51.01,Almacenamiento Nova 7,6,Muebles,Almacenamiento,Altura
C0003,Diego Castillo,2024-03-28,-118,Corporativo,100,App,Austral,Magallanes,2024-05-31,ORD-2024-00440,2023-12-01,Segunda Clase,Baja,Enviado,900.46,Normal,334.53,Normal,37.15,Libreros Pro 5,3,Muebles,Libreros,Nova
C0003,Diego Castillo,2024-03-28,-118,Corporativo,100,App,Austral,Magallanes,2024-05-31,ORD-2024-00440,2023-12-01,Segunda Clase,Baja,Enviado,1271.29,Normal,372.55,Normal,29.3,Sobres Plus 10,2,Oficina,Sobres,Altura
C0179,Benjamín Díaz,2024-02-14,290,Corporativo,24,Teléfono,Sur,Biobío,2024-09-30,ORD-2024-00441,2024-11-30,Estándar,Crítica,Completado,765.56,Normal,335.73,Normal,43.85,Almacenamiento Eco 8,3,Muebles,Almacenamiento,Andes
C0179,Benjamín Díaz,2024-02-14,290,Corporativo,24,Teléfono,Sur,Biobío,2024-09-30,ORD-2024-00441,2024-11-30,Estándar,Baja,Completado,4629.68,Normal,1544.32,Normal,33.36,Etiquetas Eco 1,8,Oficina,Etiquetas,Nova
C0174,Nicolás Martínez,2021-11-09,670,Corporativo,18,Correo,Sur,Los Lagos,2024-12-26,ORD-2024-00442,2023-09-10,Mismo Día,Baja,Completado,3172.8,Normal,971.28,Normal,30.61,Accesorios Plus 8,8,Tecnología,Accesorios,Andes
C0174,Nicolás Martínez,2021-11-09,670,Corporativo,18,Correo,Sur,Los Lagos,2024-12-26,ORD-2024-00442,2023-09-10,Mismo Día,Media,Completado,3571.25,Normal,233.55,Normal,6.54,Papelería Smart 5,6,Oficina,Papelería,Alerce
C0174,Nicolás Martínez,2021-11-09,670,Corporativo,18,Correo,Sur,Los Lagos,2024-12-26,ORD-2024-00442,2023-09-10,Mismo Día,Media,Completado,1733.88,Normal,788.58,Normal,45.48,Periféricos Nova 7,6,Tecnología,Periféricos,Orion
C0150,Constanza Soto,2023-09-14,385,Corporativo,53,Teléfono,Sur,La Araucanía,2024-09-28,ORD-2024-00443,2024-10-03,Estándar,Alta,Completado,3563.58,Normal,619.07,Normal,17.37,Sillas Flex 2,8,Muebles,Sillas,Vector
C0029,Fernanda Díaz,2022-01-28,878,Consumidor,78,App,Austral,Aysén,2024-03-01,ORD-2024-00444,2024-06-24,Segunda Clase,Alta,Completado,527.25,Normal,242.93,Normal,46.07,Archivadores Plus 5,1,Oficina,Archivadores,Altura
C0029,Fernanda Díaz,2022-01-28,878,Consumidor,78,App,Austral,Aysén,2024-03-01,ORD-2024-00444,2024-06-24,Segunda Clase,Baja,Completado,821.54,Normal,275.26,Normal,33.51,Sillas Nova 10,4,Muebles,Sillas,Lumen
C0029,Fernanda Díaz,2022-01-28,878,Consumidor,78,App,Austral,Aysén,2024-03-01,ORD-2024-00444,2024-06-24,Segunda Clase,Baja,Completado,1571.99,Normal,742.7,Normal,47.25,Etiquetas Eco 6,7,Oficina,Etiquetas,Vector
C0110,Diego Hernández,2022-04-24,353,Consumidor,90,Teléfono,Sur,Los Lagos,2024-01-18,ORD-2024-00445,2023-04-12,Primera Clase,Crítica,Enviado,602.04,Normal,142.64,Normal,23.69,Libreros Eco 4,4,Muebles,Libreros,Andes
C0110,Diego Hernández,2022-04-24,353,Consumidor,90,Teléfono,Sur,Los Lagos,2024-01-18,ORD-2024-00445,2023-04-12,Primera Clase,Media,Enviado,71.42,Normal,35.6,Normal,49.85,Computadores Flex 7,2,Tecnología,Computadores,Alerce
C0170,Sofía Rojas,2022-07-18,348,Consumidor,58,No Especificado,Centro,Metropolitana,2025-01-14,ORD-2024-00446,2023-07-01,Mismo Día,Crítica,Completado,1891.55,Normal,274.48,Normal,14.51,Teléfonos Eco 9,4,Tecnología,Teléfonos,Andes
C0170,Sofía Rojas,2022-07-18,348,Consumidor,58,No Especificado,Centro,Metropolitana,2025-01-14,ORD-2024-00446,2023-07-01,Mismo Día,Alta,Completado,3305.24,Normal,1160.35,Normal,35.11,Papelería Eco 8,5,Oficina,Papelería,Patagonia
C0210,Diego López,2024-05-03,218,Consumidor,49,Web,Austral,Aysén,2024-10-06,ORD-2024-00447,2024-12-07,Segunda Clase,Crítica,Completado,706.68,Normal,46.58,Normal,6.59,Periféricos Nova 3,1,Tecnología,Periféricos,Altura
C0210,Diego López,2024-05-03,218,Consumidor,49,Web,Austral,Aysén,2024-10-06,ORD-2024-00447,2024-12-07,Segunda Clase,Baja,Completado,1023.4,Normal,369.88,Normal,36.14,Teléfonos Plus 7,4,Tecnología,Teléfonos,Alerce
C0210,Diego López,2024-05-03,218,Consumidor,49,Web,Austral,Aysén,2024-10-06,ORD-2024-00447,2024-12-07,Segunda Clase,Alta,Completado,6355.2,Venta Extraordinaria,2823.92,Ganancia Atípica,44.43,Computadores Plus 1,8,Tecnología,Computadores,Andes
C0210,Diego López,2024-05-03,218,Consumidor,49,Web,Austral,Aysén,2024-10-06,ORD-2024-00447,2024-12-07,Segunda Clase,Alta,Completado,1724.88,Normal,691.6,Normal,40.1,Computadores Pro 2,5,Tecnología,Computadores,Altura
C0146,Javiera Silva,2022-12-23,592,Home Office,91,App,Austral,Aysén,2024-03-14,ORD-2024-00448,2024-08-06,Segunda Clase,Baja,Completado,1432.02,Normal,297.57,Normal,20.78,Computadores Plus 6,3,Tecnología,Computadores,Lumen
C0146,Javiera Silva,2022-12-23,592,Home Office,91,App,Austral,Aysén,2024-03-14,ORD-2024-00448,2024-08-06,Segunda Clase,Media,Completado,2794.0,Normal,731.6,Normal,26.18,Teléfonos Plus 5,4,Tecnología,Teléfonos,Nova
C0146,Javiera Silva,2022-12-23,592,Home Office,91,App,Austral,Aysén,2024-03-14,ORD-2024-00448,2024-08-06,Segunda Clase,Alta,Completado,1048.29,Normal,326.44,Normal,31.14,Teléfonos Plus 1,2,Tecnología,Teléfonos,Lumen
C0146,Javiera Silva,2022-12-23,592,Home Office,91,App,Austral,Aysén,2024-03-14,ORD-2024-00448,2024-08-06,Segunda Clase,Baja,Completado,1083.2,Normal,88.93,Normal,8.21,Mesas Smart 7,3,Muebles,Mesas,Patagonia
C0258,Fernanda Silva,2023-11-29,453,Corporativo,20,Teléfono,Centro,Maule,2024-11-26,ORD-2024-00449,2025-02-24,Estándar,Alta,Completado,2669.71,Normal,1149.23,Normal,43.05,Teléfonos Flex 10,6,Tecnología,Teléfonos,Lumen
C0237,Camila Sepúlveda,2021-04-08,838,Corporativo,44,Teléfono,Norte,Tarapacá,2024-02-24,ORD-2024-00450,2023-07-25,Primera Clase,Crítica,Completado,801.19,Normal,205.52,Normal,25.65,Computadores Eco 9,3,Tecnología,Computadores,Patagonia
C0013,Daniela Araya,2024-02-08,48,Corporativo,97,Web,Centro,O'Higgins,2024-05-07,ORD-2024-00451,2024-03-27,Primera Clase,Baja,Completado,3152.58,Normal,775.14,Normal,24.59,Teléfonos Eco 9,6,Tecnología,Teléfonos,Andes
C0013,Daniela Araya,2024-02-08,48,Corporativo,97,Web,Centro,O'Higgins,2024-05-07,ORD-2024-00451,2024-03-27,Primera Clase,Alta,Completado,370.71,Normal,132.0,Normal,35.61,Mesas Eco 3,1,Muebles,Mesas,Alerce
C0190,Ana Torres,2023-06-01,-112,Home Office,26,App,Sur,Los Lagos,2025-03-18,ORD-2024-00452,2023-02-09,Estándar,Baja,Completado,139.81,Normal,16.01,Normal,11.45,Almacenamiento Eco 3,1,Muebles,Almacenamiento,Orion
C0115,María Silva,2024-03-24,332,Home Office,96,Web,Centro,Maule,2024-08-12,ORD-2024-00453,2025-02-19,Mismo Día,Media,Completado,1416.0,Normal,213.57,Normal,15.08,Periféricos Nova 7,7,Tecnología,Periféricos,Orion
C0115,María Silva,2024-03-24,332,Home Office,96,Web,Centro,Maule,2024-08-12,ORD-2024-00453,2025-02-19,Mismo Día,Crítica,Completado,5010.05,Normal,1661.73,Normal,33.17,Papelería Eco 8,8,Oficina,Papelería,Patagonia
C0115,María Silva,2024-03-24,332,Home Office,96,Web,Centro,Maule,2024-08-12,ORD-2024-00453,2025-02-19,Mismo Día,Alta,Completado,977.93,Normal,265.41,Normal,27.14,Libreros Plus 2,3,Muebles,Libreros,Vector
C0115,María Silva,2024-03-24,332,Home Office,96,Web,Centro,Maule,2024-08-12,ORD-2024-00453,2025-02-19,Mismo Día,Media,Completado,759.02,Normal,155.96,Normal,20.55,Computadores Eco 9,3,Tecnología,Computadores,Patagonia
C0199,Javiera Torres,2024-02-29,-161,Corporativo,97,Correo,Sur,Los Lagos,2025-03-02,ORD-2024-00454,2023-09-21,Primera Clase,Media,Completado,918.23,Normal,282.17,Normal,30.73,Mesas Smart 9,7,Muebles,Mesas,Andes
C0181,Pedro Martínez,2022-09-25,311,Home Office,54,Teléfono,Centro,Valparaíso,2024-05-13,ORD-2024-00455,2023-08-02,Mismo Día,Crítica,Completado,807.28,Normal,255.83,Normal,31.69,Mesas Smart 10,6,Muebles,Mesas,Vector
C0181,Pedro Martínez,2022-09-25,311,Home Office,54,Teléfono,Centro,Valparaíso,2024-05-13,ORD-2024-00455,2023-08-02,Mismo Día,Media,Completado,2607.86,Normal,738.36,Normal,28.31,Teléfonos Flex 8,4,Tecnología,Teléfonos,Patagonia
C0181,Pedro Martínez,2022-09-25,311,Home Office,54,Teléfono,Centro,Valparaíso,2024-05-13,ORD-2024-00455,2023-08-02,Mismo Día,Crítica,Completado,594.18,Normal,97.23,Normal,16.36,Almacenamiento Eco 3,4,Muebles,Almacenamiento,Orion
C0181,Pedro Martínez,2022-09-25,311,Home Office,54,Teléfono,Centro,Valparaíso,2024-05-13,ORD-2024-00455,2023-08-02,Mismo Día,Crítica,Completado,2970.79,Normal,553.65,Normal,18.64,Sillas Plus 8,5,Muebles,Sillas,Orion
C0056,Matías Morales,2024-05-26,44,Corporativo,59,Web,Centro,Metropolitana,2025-01-02,ORD-2024-00456,2024-07-09,Mismo Día,Crítica,Cancelado,2772.78,Normal,1327.86,Normal,47.89,Computadores Pro 8,6,Tecnología,Computadores,Lumen
C0056,Matías Morales,2024-05-26,44,Corporativo,59,Web,Centro,Metropolitana,2025-01-02,ORD-2024-00456,2024-07-09,Mismo Día,Crítica,Cancelado,6458.8,Venta Extraordinaria,3235.84,Ganancia Atípica,50.1,Computadores Nova 4,8,Tecnología,Computadores,Vector
C0291,Felipe Contreras,2024-01-09,310,Consumidor,81,Teléfono,Sur,Los Lagos,2024-10-31,ORD-2024-00457,2024-11-14,Segunda Clase,Media,Completado,1174.35,Normal,360.69,Normal,30.71,Sillas Eco 1,8,Muebles,Sillas,Vector
C0291,Felipe Contreras,2024-01-09,310,Consumidor,81,Teléfono,Sur,Los Lagos,2024-10-31,ORD-2024-00457,2024-11-14,Segunda Clase,Baja,Completado,1590.59,Normal,261.96,Normal,16.47,Archivadores Nova 8,8,Oficina,Archivadores,Lumen
C0291,Felipe Contreras,2024-01-09,310,Consumidor,81,Teléfono,Sur,Los Lagos,2024-10-31,ORD-2024-00457,2024-11-14,Segunda Clase,Baja,Completado,1480.74,Normal,429.6,Normal,29.01,Papelería Flex 7,2,Oficina,Papelería,Andes
C0291,Felipe Contreras,2024-01-09,310,Consumidor,81,Teléfono,Sur,Los Lagos,2024-10-31,ORD-2024-00457,2024-11-14,Segunda Clase,Alta,Completado,197.24,Normal,25.71,Normal,13.03,Sobres Nova 8,1,Oficina,Sobres,Alerce
C0183,Catalina González,2023-12-23,-149,Consumidor,58,App,Sur,Biobío,2024-08-26,ORD-2024-00458,2023-07-27,Estándar,Media,Completado,2981.22,Normal,895.29,Normal,30.03,Almacenamiento Plus 5,8,Muebles,Almacenamiento,Nova
C0183,Catalina González,2023-12-23,-149,Consumidor,58,App,Sur,Biobío,2024-08-26,ORD-2024-00458,2023-07-27,Estándar,Media,Completado,2044.6,Normal,792.95,Normal,38.78,Periféricos Nova 8,5,Tecnología,Periféricos,Andes
C0183,Catalina González,2023-12-23,-149,Consumidor,58,App,Sur,Biobío,2024-08-26,ORD-2024-00458,2023-07-27,Estándar,Crítica,Completado,2322.57,Normal,867.42,Normal,37.35,Sobres Flex 6,3,Oficina,Sobres,Patagonia
C0082,María Muñoz,2022-05-22,799,Consumidor,12,App,Centro,Maule,2024-08-17,ORD-2024-00459,2024-07-29,Primera Clase,Baja,Completado,1466.85,Normal,21.37,Normal,1.46,Teléfonos Plus 5,3,Tecnología,Teléfonos,Nova
C0082,María Muñoz,2022-05-22,799,Consumidor,12,App,Centro,Maule,2024-08-17,ORD-2024-00459,2024-07-29,Primera Clase,Media,Completado,3362.77,Normal,133.49,Normal,3.97,Teléfonos Flex 8,7,Tecnología,Teléfonos,Patagonia
C0011,Paula Rodríguez,2021-10-11,1047,Consumidor,21,Correo,Norte,Coquimbo,2024-04-04,ORD-2024-00460,2024-08-23,Mismo Día,Alta,Completado,164.55,Normal,-28.77,Normal,-17.48,Mesas Nova 8,1,Muebles,Mesas,Andes
C0011,Paula Rodríguez,2021-10-11,1047,Consumidor,21,Correo,Norte,Coquimbo,2024-04-04,ORD-2024-00460,2024-08-23,Mismo Día,Baja,Completado,324.6,Normal,149.16,Normal,45.95,Sobres Pro 4,6,Oficina,Sobres,Vector
C0091,Valentina Hernández,2023-08-10,-83,Consumidor,53,Correo,Norte,Tarapacá,2025-01-07,ORD-2024-00461,2023-05-19,Estándar,Baja,Cancelado,3190.64,Normal,1550.02,Normal,48.58,Papelería Eco 2,6,Oficina,Papelería,Orion
C0091,Valentina Hernández,2023-08-10,-83,Consumidor,53,Correo,Norte,Tarapacá,2025-01-07,ORD-2024-00461,2023-05-19,Estándar,Crítica,Cancelado,678.96,Normal,318.16,Normal,46.86,Sillas Pro 6,8,Muebles,Sillas,Nova
C0087,Tomás Fuentes,2023-01-29,345,Home Office,74,Web,Sur,Los Ríos,2025-03-16,ORD-2024-00462,2024-01-09,Estándar,Alta,Devuelto,2322.57,Normal,867.42,Normal,37.35,Sobres Flex 6,3,Oficina,Sobres,Patagonia
C0087,Tomás Fuentes,2023-01-29,345,Home Office,74,Web,Sur,Los Ríos,2025-03-16,ORD-2024-00462,2024-01-09,Estándar,Alta,Devuelto,2685.95,Normal,523.43,Normal,19.49,Periféricos Flex 4,8,Tecnología,Periféricos,Orion
C0087,Tomás Fuentes,2023-01-29,345,Home Office,74,Web,Sur,Los Ríos,2025-03-16,ORD-2024-00462,2024-01-09,Estándar,Baja,Devuelto,5651.92,Normal,2479.76,Ganancia Atípica,43.87,Archivadores Pro 6,8,Oficina,Archivadores,Patagonia
C0067,Pedro Araya,2021-04-13,1267,Corporativo,25,App,Norte,Antofagasta,2024-07-21,ORD-2024-00463,2024-10-01,Mismo Día,Alta,Completado,2023.84,Normal,540.19,Normal,26.69,Sillas Smart 9,7,Muebles,Sillas,Orion
C0067,Pedro Araya,2021-04-13,1267,Corporativo,25,App,Norte,Antofagasta,2024-07-21,ORD-2024-00463,2024-10-01,Mismo Día,Crítica,Completado,4518.37,Normal,1149.62,Normal,25.44,Papelería Plus 10,7,Oficina,Papelería,Orion
C0067,Pedro Araya,2021-04-13,1267,Corporativo,25,App,Norte,Antofagasta,2024-07-21,ORD-2024-00463,2024-10-01,Mismo Día,Alta,Completado,2224.26,Normal,792.0,Normal,35.61,Mesas Eco 3,6,Muebles,Mesas,Alerce
C0067,Pedro Araya,2021-04-13,1267,Corporativo,25,App,Norte,Antofagasta,2024-07-21,ORD-2024-00463,2024-10-01,Mismo Día,Baja,Completado,2487.86,Normal,-128.98,Normal,-5.18,Almacenamiento Flex 1,4,Muebles,Almacenamiento,Patagonia
C0231,Antonia Flores,2023-11-06,378,Home Office,59,Web,Norte,Antofagasta,2024-09-28,ORD-2024-00464,2024-11-18,Estándar,Alta,Cancelado,1149.88,Normal,375.18,Normal,32.63,Etiquetas Nova 4,2,Oficina,Etiquetas,Altura
C0231,Antonia Flores,2023-11-06,378,Home Office,59,Web,Norte,Antofagasta,2024-09-28,ORD-2024-00464,2024-11-18,Estándar,Baja,Cancelado,2458.92,Normal,1069.68,Normal,43.5,Accesorios Flex 9,3,Tecnología,Accesorios,Patagonia
C0005,Daniela Rodríguez,2023-01-29,712,Consumidor,36,Teléfono,Austral,Magallanes,2024-04-08,ORD-2024-00465,2025-01-10,Estándar,Baja,Completado,4922.76,Normal,1875.9,Normal,38.11,Papelería Smart 1,6,Oficina,Papelería,Altura
C0005,Daniela Rodríguez,2023-01-29,712,Consumidor,36,Teléfono,Austral,Magallanes,2024-04-08,ORD-2024-00465,2025-01-10,Estándar,Baja,Completado,1468.58,Normal,399.05,Normal,27.17,Archivadores Flex 1,3,Oficina,Archivadores,Alerce
C0005,Daniela Rodríguez,2023-01-29,712,Consumidor,36,Teléfono,Austral,Magallanes,2024-04-08,ORD-2024-00465,2025-01-10,Estándar,Media,Completado,1614.7,Normal,808.96,Normal,50.1,Computadores Nova 4,2,Tecnología,Computadores,Vector
C0005,Daniela Rodríguez,2023-01-29,712,Consumidor,36,Teléfono,Austral,Magallanes,2024-04-08,ORD-2024-00465,2025-01-10,Estándar,Media,Completado,39.68,Normal,20.98,Normal,52.87,Computadores Flex 7,1,Tecnología,Computadores,Alerce
C0244,Nicolás Hernández,2021-09-16,1309,Consumidor,40,Web,Norte,Coquimbo,2024-07-10,ORD-2024-00466,2025-04-17,Segunda Clase,Baja,Completado,126.03,Normal,6.14,Normal,4.87,Archivadores Pro 4,1,Oficina,Archivadores,Alerce
C0244,Nicolás Hernández,2021-09-16,1309,Consumidor,40,Web,Norte,Coquimbo,2024-07-10,ORD-2024-00466,2025-04-17,Segunda Clase,Media,Completado,1572.43,Normal,495.38,Normal,31.5,Teléfonos Plus 1,3,Tecnología,Teléfonos,Lumen
C0244,Nicolás Hernández,2021-09-16,1309,Consumidor,40,Web,Norte,Coquimbo,2024-07-10,ORD-2024-00466,2025-04-17,Segunda Clase,Alta,Completado,1518.78,Normal,544.14,Normal,35.83,Papelería Plus 10,2,Oficina,Papelería,Orion
C0117,Sebastián Torres,2023-08-21,-66,Consumidor,62,Teléfono,Centro,Metropolitana,2025-01-21,ORD-2024-00467,2023-06-16,Mismo Día,Media,Completado,2911.42,Normal,1183.69,Normal,40.66,Computadores Pro 8,7,Tecnología,Computadores,Lumen
C0117,Sebastián Torres,2023-08-21,-66,Consumidor,62,Teléfono,Centro,Metropolitana,2025-01-21,ORD-2024-00467,2023-06-16,Mismo Día,Media,Completado,574.59,Normal,165.05,Normal,28.72,Libreros Pro 8,1,Muebles,Libreros,Lumen
C0117,Sebastián Torres,2023-08-21,-66,Consumidor,62,Teléfono,Centro,Metropolitana,2025-01-21,ORD-2024-00467,2023-06-16,Mismo Día,Baja,Completado,862.78,Normal,404.51,Normal,46.88,Accesorios Flex 9,1,Tecnología,Accesorios,Patagonia
C0221,Valentina Hernández,2021-10-29,510,Home Office,21,No Especificado,Norte,Tarapacá,2024-01-05,ORD-2024-00468,2023-03-23,Estándar,Alta,Completado,927.12,Normal,323.7,Normal,34.91,Sillas Eco 1,6,Muebles,Sillas,Vector
C0231,Antonia Flores,2023-11-06,57,Home Office,59,Web,Norte,Antofagasta,2024-09-28,ORD-2024-00469,2024-01-02,Primera Clase,Baja,Completado,587.18,Normal,183.82,Normal,31.31,Sillas Eco 1,4,Muebles,Sillas,Vector
C0231,Antonia Flores,2023-11-06,57,Home Office,59,Web,Norte,Antofagasta,2024-09-28,ORD-2024-00469,2024-01-02,Primera Clase,Crítica,Completado,1685.38,Normal,300.42,Normal,17.83,Papelería Plus 9,6,Oficina,Papelería,Vector
C0231,Antonia Flores,2023-11-06,57,Home Office,59,Web,Norte,Antofagasta,2024-09-28,ORD-2024-00469,2024-01-02,Primera Clase,Crítica,Completado,2728.37,Normal,-81.04,Normal,-2.97,Sillas Flex 2,7,Muebles,Sillas,Vector
C0231,Antonia Flores,2023-11-06,57,Home Office,59,Web,Norte,Antofagasta,2024-09-28,ORD-2024-00469,2024-01-02,Primera Clase,Crítica,Completado,705.21,Normal,163.05,Normal,23.12,Mesas Nova 8,3,Muebles,Mesas,Andes
C0215,Sofía Castillo,2021-11-12,440,Corporativo,33,App,Norte,Coquimbo,2025-02-22,ORD-2024-00470,2023-01-26,Segunda Clase,Media,Completado,70.42,Normal,28.98,Normal,41.15,Accesorios Smart 2,7,Tecnología,Accesorios,Vector
C0215,Sofía Castillo,2021-11-12,440,Corporativo,33,App,Norte,Coquimbo,2025-02-22,ORD-2024-00470,2023-01-26,Segunda Clase,Media,Completado,924.26,Normal,442.62,Normal,47.89,Computadores Pro 8,2,Tecnología,Computadores,Lumen
C0215,Sofía Castillo,2021-11-12,440,Corporativo,33,App,Norte,Coquimbo,2025-02-22,ORD-2024-00470,2023-01-26,Segunda Clase,Crítica,Completado,4358.85,Normal,1170.18,Normal,26.85,Periféricos Nova 5,6,Tecnología,Periféricos,Orion
C0082,María Muñoz,2022-05-22,534,Consumidor,12,App,Centro,Maule,2024-08-17,ORD-2024-00471,2023-11-07,Segunda Clase,Media,Completado,1921.41,Normal,850.76,Normal,44.28,Almacenamiento Eco 8,8,Muebles,Almacenamiento,Andes
C0082,María Muñoz,2022-05-22,534,Consumidor,12,App,Centro,Maule,2024-08-17,ORD-2024-00471,2023-11-07,Segunda Clase,Baja,Completado,212.06,Normal,20.98,Normal,9.89,Libreros Smart 3,1,Muebles,Libreros,Vector
C0082,María Muñoz,2022-05-22,534,Consumidor,12,App,Centro,Maule,2024-08-17,ORD-2024-00471,2023-11-07,Segunda Clase,Crítica,Completado,4009.03,Normal,1059.23,Normal,26.42,Sillas Flex 2,8,Muebles,Sillas,Vector
C0082,María Muñoz,2022-05-22,534,Consumidor,12,App,Centro,Maule,2024-08-17,ORD-2024-00471,2023-11-07,Segunda Clase,Alta,Completado,1723.52,Normal,350.64,Normal,20.34,Etiquetas Nova 3,4,Oficina,Etiquetas,Alerce
C0082,María Muñoz,2022-05-22,570,Consumidor,12,App,Centro,Maule,2024-08-17,ORD-2024-00472,2023-12-13,Segunda Clase,Crítica,Completado,4371.3,Normal,1682.58,Normal,38.49,Sillas Plus 4,6,Muebles,Sillas,Orion
C0082,María Muñoz,2022-05-22,570,Consumidor,12,App,Centro,Maule,2024-08-17,ORD-2024-00472,2023-12-13,Segunda Clase,Media,Completado,603.95,Normal,159.13,Normal,26.35,Accesorios Flex 9,1,Tecnología,Accesorios,Patagonia
C0082,María Muñoz,2022-05-22,570,Consumidor,12,App,Centro,Maule,2024-08-17,ORD-2024-00472,2023-12-13,Segunda Clase,Alta,Completado,226.18,Normal,112.02,Normal,49.53,Computadores Flex 7,6,Tecnología,Computadores,Alerce
C0244,Nicolás Hernández,2021-09-16,1277,Consumidor,40,Web,Norte,Coquimbo,2024-07-10,ORD-2024-00473,2025-03-16,Primera Clase,Media,Completado,1974.18,Normal,479.79,Normal,24.3,Sobres Flex 6,3,Oficina,Sobres,Patagonia
C0244,Nicolás Hernández,2021-09-16,1277,Consumidor,40,Web,Norte,Coquimbo,2024-07-10,ORD-2024-00473,2025-03-16,Primera Clase,Crítica,Completado,1958.1,Normal,549.77,Normal,28.08,Archivadores Flex 1,4,Oficina,Archivadores,Alerce
C0010,Valentina Pérez,2024-02-24,-99,Consumidor,84,Teléfono,Centro,Maule,2024-12-08,ORD-2024-00474,2023-11-17,Segunda Clase,Alta,Completado,3089.69,Normal,142.3,Normal,4.61,Teléfonos Plus 1,8,Tecnología,Teléfonos,Lumen
C0010,Valentina Pérez,2024-02-24,-99,Consumidor,84,Teléfono,Centro,Maule,2024-12-08,ORD-2024-00474,2023-11-17,Segunda Clase,Alta,Completado,5521.79,Normal,1702.44,Normal,30.83,Accesorios Flex 9,8,Tecnología,Accesorios,Patagonia
C0010,Valentina Pérez,2024-02-24,-99,Consumidor,84,Teléfono,Centro,Maule,2024-12-08,ORD-2024-00474,2023-11-17,Segunda Clase,Baja,Completado,1571.62,Normal,606.24,Normal,38.57,Archivadores Nova 2,3,Oficina,Archivadores,Alerce
C0243,Nicolás López,2023-11-17,-68,Corporativo,13,App,Austral,Magallanes,2024-07-22,ORD-2024-00475,2023-09-10,Mismo Día,Alta,Completado,2459.52,Normal,533.82,Normal,21.7,Etiquetas Eco 1,5,Oficina,Etiquetas,Nova
C0243,Nicolás López,2023-11-17,-68,Corporativo,13,App,Austral,Magallanes,2024-07-22,ORD-2024-00475,2023-09-10,Mismo Día,Baja,Completado,1140.84,Normal,588.28,Normal,51.57,Almacenamiento Eco 8,4,Muebles,Almacenamiento,Andes
C0152,Gabriel López,2022-06-26,940,Consumidor,68,Web,Centro,Metropolitana,2024-05-10,ORD-2024-00476,2025-01-21,Primera Clase,Media,Completado,521.2,Normal,187.59,Normal,35.99,Mesas Plus 5,1,Muebles,Mesas,Vector
C0152,Gabriel López,2022-06-26,940,Consumidor,68,Web,Centro,Metropolitana,2024-05-10,ORD-2024-00476,2025-01-21,Primera Clase,Crítica,Completado,408.92,Normal,158.59,Normal,38.78,Periféricos Nova 8,1,Tecnología,Periféricos,Andes
C0152,Gabriel López,2022-06-26,940,Consumidor,68,Web,Centro,Metropolitana,2024-05-10,ORD-2024-00476,2025-01-21,Primera Clase,Media,Completado,2317.27,Normal,37.93,Normal,1.64,Teléfonos Plus 1,6,Tecnología,Teléfonos,Lumen
C0152,Gabriel López,2022-06-26,940,Consumidor,68,Web,Centro,Metropolitana,2024-05-10,ORD-2024-00476,2025-01-21,Primera Clase,Alta,Completado,1645.49,Normal,380.45,Normal,23.12,Mesas Nova 8,7,Muebles,Mesas,Andes
C0056,Matías Morales,2024-05-26,-231,Corporativo,59,Web,Centro,Metropolitana,2025-01-02,ORD-2024-00477,2023-10-08,Segunda Clase,Alta,Completado,662.4,Normal,277.25,Normal,41.86,Teléfonos Pro 6,1,Tecnología,Teléfonos,Orion
C0073,Sebastián Fuentes,2024-01-17,-59,Corporativo,63,Correo,Austral,Aysén,2024-02-02,ORD-2024-00478,2023-11-19,Mismo Día,Baja,Completado,241.94,Normal,64.15,Normal,26.51,Mesas Smart 1,3,Muebles,Mesas,Orion
C0073,Sebastián Fuentes,2024-01-17,-59,Corporativo,63,Correo,Austral,Aysén,2024-02-02,ORD-2024-00478,2023-11-19,Mismo Día,Baja,Completado,224.78,Normal,45.19,Normal,20.1,Papelería Pro 3,5,Oficina,Papelería,Altura
C0073,Sebastián Fuentes,2024-01-17,-59,Corporativo,63,Correo,Austral,Aysén,2024-02-02,ORD-2024-00478,2023-11-19,Mismo Día,Baja,Completado,54.1,Normal,24.86,Normal,45.95,Sobres Pro 4,1,Oficina,Sobres,Vector
C0072,Sofía Pérez,2023-02-24,101,Consumidor,100,App,Centro,Maule,2024-06-25,ORD-2024-00479,2023-06-05,Segunda Clase,Baja,Cancelado,509.22,Normal,238.62,Normal,46.86,Sillas Pro 6,6,Muebles,Sillas,Nova
C0072,Sofía Pérez,2023-02-24,101,Consumidor,100,App,Centro,Maule,2024-06-25,ORD-2024-00479,2023-06-05,Segunda Clase,Crítica,Cancelado,1053.57,Normal,249.62,Normal,23.69,Libreros Eco 4,7,Muebles,Libreros,Andes
C0072,Sofía Pérez,2023-02-24,101,Consumidor,100,App,Centro,Maule,2024-06-25,ORD-2024-00479,2023-06-05,Segunda Clase,Crítica,Cancelado,1053.36,Normal,357.93,Normal,33.98,Papelería Plus 9,3,Oficina,Papelería,Vector
C0082,María Muñoz,2022-05-22,342,Consumidor,12,App,Centro,Maule,2024-08-17,ORD-2024-00480,2023-04-29,Segunda Clase,Media,Completado,876.65,Normal,371.1,Normal,42.33,Accesorios Nova 7,4,Tecnología,Accesorios,Alerce
C0120,Fernanda Díaz,2023-11-20,-167,Corporativo,94,Web,Centro,Valparaíso,2024-04-29,ORD-2024-00481,2023-06-06,Mismo Día,Baja,Completado,120.41,Normal,4.96,Normal,4.12,Libreros Eco 4,1,Muebles,Libreros,Andes
C0120,Fernanda Díaz,2023-11-20,-167,Corporativo,94,Web,Centro,Valparaíso,2024-04-29,ORD-2024-00481,2023-06-06,Mismo Día,Crítica,Completado,453.47,Normal,77.91,Normal,17.18,Computadores Plus 6,1,Tecnología,Computadores,Lumen
C0120,Fernanda Díaz,2023-11-20,-167,Corporativo,94,Web,Centro,Valparaíso,2024-04-29,ORD-2024-00481,2023-06-06,Mismo Día,Alta,Completado,2675.04,Normal,1412.04,Normal,52.79,Accesorios Flex 1,6,Tecnología,Accesorios,Alerce
C0261,Luis González,2021-04-04,1485,Consumidor,93,Teléfono,Norte,Coquimbo,2024-09-27,ORD-2024-00482,2025-04-28,Primera Clase,Alta,Completado,2518.95,Normal,1295.21,Normal,51.42,Libreros Smart 6,7,Muebles,Libreros,Lumen
C0261,Luis González,2021-04-04,1485,Consumidor,93,Teléfono,Norte,Coquimbo,2024-09-27,ORD-2024-00482,2025-04-28,Primera Clase,Crítica,Completado,2395.64,Normal,705.83,Normal,29.46,Sillas Smart 3,4,Muebles,Sillas,Altura
C0261,Luis González,2021-04-04,1485,Consumidor,93,Teléfono,Norte,Coquimbo,2024-09-27,ORD-2024-00482,2025-04-28,Primera Clase,Crítica,Completado,2727.55,Normal,1034.37,Normal,37.92,Teléfonos Pro 6,5,Tecnología,Teléfonos,Orion
C0105,Diego Rojas,2021-08-31,677,Consumidor,87,Correo,Austral,Magallanes,2024-12-04,ORD-2024-00483,2023-07-09,Segunda Clase,Baja,Enviado,278.82,Normal,110.7,Normal,39.7,Etiquetas Pro 7,4,Oficina,Etiquetas,Orion
C0105,Diego Rojas,2021-08-31,677,Consumidor,87,Correo,Austral,Magallanes,2024-12-04,ORD-2024-00483,2023-07-09,Segunda Clase,Baja,Enviado,190.4,Normal,49.96,Normal,26.24,Papelería Pro 3,4,Oficina,Papelería,Altura
C0105,Diego Rojas,2021-08-31,677,Consumidor,87,Correo,Austral,Magallanes,2024-12-04,ORD-2024-00483,2023-07-09,Segunda Clase,Alta,Enviado,704.91,Normal,269.44,Normal,38.22,Periféricos Eco 10,1,Tecnología,Periféricos,Andes
C0106,Paula Hernández,2022-09-01,633,Corporativo,49,Correo,Centro,Maule,2024-11-10,ORD-2024-00484,2024-05-26,Mismo Día,Alta,Completado,1299.48,Normal,-47.03,Normal,-3.62,Sobres Nova 8,8,Oficina,Sobres,Alerce
C0106,Paula Hernández,2022-09-01,633,Corporativo,49,Correo,Centro,Maule,2024-11-10,ORD-2024-00484,2024-05-26,Mismo Día,Baja,Completado,1714.76,Normal,622.96,Normal,36.33,Etiquetas Pro 2,4,Oficina,Etiquetas,Vector
C0016,Diego Araya,2022-02-12,957,Home Office,57,App,Sur,Biobío,2025-01-20,ORD-2024-00485,2024-09-26,Estándar,Media,Cancelado,867.36,Normal,231.51,Normal,26.69,Sillas Smart 9,3,Muebles,Sillas,Orion
C0016,Diego Araya,2022-02-12,957,Home Office,57,App,Sur,Biobío,2025-01-20,ORD-2024-00485,2024-09-26,Estándar,Alta,Cancelado,169.25,Normal,22.31,Normal,13.18,Papelería Pro 3,4,Oficina,Papelería,Altura
C0016,Diego Araya,2022-02-12,957,Home Office,57,App,Sur,Biobío,2025-01-20,ORD-2024-00485,2024-09-26,Estándar,Alta,Cancelado,2712.32,Normal,185.3,Normal,6.83,Accesorios Nova 10,5,Tecnología,Accesorios,Andes
C0016,Diego Araya,2022-02-12,957,Home Office,57,App,Sur,Biobío,2025-01-20,ORD-2024-00485,2024-09-26,Estándar,Alta,Cancelado,10.57,Normal,5.57,Normal,52.7,Archivadores Eco 9,1,Oficina,Archivadores,Orion
C0234,Fernanda Soto,2023-08-10,598,Home Office,90,Correo,Norte,Antofagasta,2024-09-14,ORD-2024-00486,2025-03-30,Mismo Día,Alta,Enviado,1327.15,Normal,297.2,Normal,22.39,Teléfonos Plus 5,2,Tecnología,Teléfonos,Nova
C0139,Antonia Fuentes,2024-10-28,-643,Home Office,31,App,Centro,O'Higgins,2024-12-22,ORD-2024-00487,2023-01-24,Segunda Clase,Crítica,Completado,664.16,Normal,253.82,Normal,38.22,Mesas Smart 1,7,Muebles,Mesas,Orion
C0239,Martina Torres,2023-11-30,89,Corporativo,20,Teléfono,Norte,Tarapacá,2024-05-03,ORD-2024-00488,2024-02-27,Estándar,Media,Completado,47.57,Normal,22.1,Normal,46.46,Archivadores Eco 9,5,Oficina,Archivadores,Orion
C0137,Javiera Díaz,2021-12-07,414,Corporativo,13,Teléfono,Sur,Los Ríos,2024-07-14,ORD-2024-00489,2023-01-25,Mismo Día,Crítica,Completado,588.9,Normal,233.86,Normal,39.71,Papelería Flex 4,1,Oficina,Papelería,Altura
C0119,Nicolás López,2021-03-17,1387,Home Office,21,No Especificado,Norte,Tarapacá,2024-09-14,ORD-2024-00490,2025-01-02,Estándar,Alta,Completado,1104.64,Normal,388.48,Normal,35.17,Mesas Smart 9,8,Muebles,Mesas,Andes
C0119,Nicolás López,2021-03-17,1387,Home Office,21,No Especificado,Norte,Tarapacá,2024-09-14,ORD-2024-00490,2025-01-02,Estándar,Alta,Completado,1593.42,Normal,692.55,Normal,43.46,Archivadores Flex 3,3,Oficina,Archivadores,Vector
C0119,Nicolás López,2021-03-17,1387,Home Office,21,No Especificado,Norte,Tarapacá,2024-09-14,ORD-2024-00490,2025-01-02,Estándar,Alta,Completado,889.7,Normal,184.95,Normal,20.79,Mesas Eco 3,3,Muebles,Mesas,Alerce
C0150,Constanza Soto,2023-09-14,-105,Corporativo,53,Teléfono,Sur,La Araucanía,2024-09-28,ORD-2024-00491,2023-06-01,Mismo Día,Alta,Enviado,1692.4,Normal,847.1,Normal,50.05,Teléfonos Flex 2,5,Tecnología,Teléfonos,Vector
C0150,Constanza Soto,2023-09-14,-105,Corporativo,53,Teléfono,Sur,La Araucanía,2024-09-28,ORD-2024-00491,2023-06-01,Mismo Día,Media,Enviado,296.18,Normal,-2.38,Normal,-0.8,Papelería Pro 3,8,Oficina,Papelería,Altura
C0150,Constanza Soto,2023-09-14,-105,Corporativo,53,Teléfono,Sur,La Araucanía,2024-09-28,ORD-2024-00491,2023-06-01,Mismo Día,Media,Enviado,45.98,Normal,16.72,Normal,36.36,Sobres Pro 4,1,Oficina,Sobres,Vector
C0150,Constanza Soto,2023-09-14,-105,Corporativo,53,Teléfono,Sur,La Araucanía,2024-09-28,ORD-2024-00491,2023-06-01,Mismo Día,Media,Enviado,656.94,Normal,335.1,Normal,51.01,Almacenamiento Nova 7,6,Muebles,Almacenamiento,Altura
C0106,Paula Hernández,2022-09-01,966,Corporativo,49,Correo,Centro,Maule,2024-11-10,ORD-2024-00492,2025-04-24,Estándar,Media,Enviado,371.26,Normal,103.34,Normal,27.83,Almacenamiento Smart 4,1,Muebles,Almacenamiento,Lumen
C0117,Sebastián Torres,2023-08-21,468,Consumidor,62,Teléfono,Centro,Metropolitana,2025-01-21,ORD-2024-00493,2024-12-01,Primera Clase,Alta,Completado,4975.71,Normal,373.06,Normal,7.5,Almacenamiento Flex 1,7,Muebles,Almacenamiento,Patagonia
C0117,Sebastián Torres,2023-08-21,468,Consumidor,62,Teléfono,Centro,Metropolitana,2025-01-21,ORD-2024-00493,2024-12-01,Primera Clase,Crítica,Completado,4945.43,Normal,2169.79,Ganancia Atípica,43.87,Archivadores Pro 6,7,Oficina,Archivadores,Patagonia
C0117,Sebastián Torres,2023-08-21,468,Consumidor,62,Teléfono,Centro,Metropolitana,2025-01-21,ORD-2024-00493,2024-12-01,Primera Clase,Baja,Completado,1977.56,Normal,997.28,Normal,50.43,Teléfonos Flex 10,4,Tecnología,Teléfonos,Lumen
C0254,Isidora Rojas,2022-09-26,244,Consumidor,71,Correo,Sur,Biobío,2024-01-29,ORD-2024-00494,2023-05-28,Mismo Día,Baja,Completado,1456.71,Normal,528.78,Normal,36.3,Libreros Eco 10,2,Muebles,Libreros,Andes
C0254,Isidora Rojas,2022-09-26,244,Consumidor,71,Correo,Sur,Biobío,2024-01-29,ORD-2024-00494,2023-05-28,Mismo Día,Baja,Completado,776.95,Normal,281.43,Normal,36.22,Periféricos Nova 8,2,Tecnología,Periféricos,Andes
C0035,Josefa Torres,2023-12-24,-98,Home Office,17,App,Austral,Aysén,2024-11-06,ORD-2024-00495,2023-09-17,Primera Clase,Media,Completado,42.76,Normal,13.49,Normal,31.55,Accesorios Smart 2,5,Tecnología,Accesorios,Vector
C0035,Josefa Torres,2023-12-24,-98,Home Office,17,App,Austral,Aysén,2024-11-06,ORD-2024-00495,2023-09-17,Primera Clase,Baja,Completado,1161.84,Normal,-187.46,Normal,-16.13,Periféricos Nova 9,7,Tecnología,Periféricos,Vector
C0035,Josefa Torres,2023-12-24,-98,Home Office,17,App,Austral,Aysén,2024-11-06,ORD-2024-00495,2023-09-17,Primera Clase,Alta,Completado,5922.96,Normal,1718.4,Normal,29.01,Papelería Flex 7,8,Oficina,Papelería,Andes
C0035,Josefa Torres,2023-12-24,-98,Home Office,17,App,Austral,Aysén,2024-11-06,ORD-2024-00495,2023-09-17,Primera Clase,Crítica,Completado,98.42,Normal,-6.72,Normal,-6.83,Accesorios Eco 4,5,Tecnología,Accesorios,Orion
C0276,Antonia López,2021-03-24,1436,Home Office,14,Web,Centro,Valparaíso,2024-03-24,ORD-2024-00496,2025-02-27,Mismo Día,Baja,Cancelado,7133.36,Venta Extraordinaria,2726.88,Ganancia Atípica,38.23,Accesorios Flex 5,8,Tecnología,Accesorios,Vector
C0276,Antonia López,2021-03-24,1436,Home Office,14,Web,Centro,Valparaíso,2024-03-24,ORD-2024-00496,2025-02-27,Mismo Día,Alta,Cancelado,2206.92,Normal,760.4,Normal,34.46,Teléfonos Plus 1,4,Tecnología,Teléfonos,Lumen
C0276,Antonia López,2021-03-24,1436,Home Office,14,Web,Centro,Valparaíso,2024-03-24,ORD-2024-00496,2025-02-27,Mismo Día,Crítica,Cancelado,1860.64,Normal,956.32,Normal,51.4,Periféricos Smart 1,8,Tecnología,Periféricos,Andes
C0276,Antonia López,2021-03-24,1436,Home Office,14,Web,Centro,Valparaíso,2024-03-24,ORD-2024-00496,2025-02-27,Mismo Día,Media,Cancelado,3234.91,Normal,1549.17,Normal,47.89,Computadores Pro 8,7,Tecnología,Computadores,Lumen
C0015,Pedro Hernández,2022-06-24,709,Consumidor,74,App,Centro,Maule,2024-04-30,ORD-2024-00497,2024-06-02,Mismo Día,Crítica,Completado,1236.69,Normal,-79.14,Normal,-6.4,Periféricos Nova 3,2,Tecnología,Periféricos,Altura
C0151,María Pérez,2024-10-17,-489,Consumidor,81,Correo,Norte,Tarapacá,2024-07-17,ORD-2024-00498,2023-06-16,Segunda Clase,Crítica,Completado,2673.1,Normal,-237.1,Normal,-8.87,Computadores Plus 6,8,Tecnología,Computadores,Lumen
C0091,Valentina Hernández,2023-08-10,570,Consumidor,53,Correo,Norte,Tarapacá,2025-01-07,ORD-2024-00499,2025-03-02,Mismo Día,Media,Completado,1210.4,Normal,425.4,Normal,35.15,Etiquetas Nova 4,2,Oficina,Etiquetas,Altura
C0091,Valentina Hernández,2023-08-10,570,Consumidor,53,Correo,Norte,Tarapacá,2025-01-07,ORD-2024-00499,2025-03-02,Mismo Día,Crítica,Completado,369.07,Normal,85.0,Normal,23.03,Archivadores Plus 5,1,Oficina,Archivadores,Altura
C0091,Valentina Hernández,2023-08-10,570,Consumidor,53,Correo,Norte,Tarapacá,2025-01-07,ORD-2024-00499,2025-03-02,Mismo Día,Baja,Completado,5209.56,Normal,1098.96,Normal,21.1,Accesorios Plus 3,6,Tecnología,Accesorios,Altura
C0091,Valentina Hernández,2023-08-10,570,Consumidor,53,Correo,Norte,Tarapacá,2025-01-07,ORD-2024-00499,2025-03-02,Mismo Día,Baja,Completado,4912.32,Normal,2179.38,Ganancia Atípica,44.37,Periféricos Nova 6,7,Tecnología,Periféricos,Patagonia
C0135,Benjamín Flores,2022-10-11,762,Corporativo,79,Correo,Sur,Biobío,2024-01-25,ORD-2024-00500,2024-11-11,Segunda Clase,Media,Completado,84.36,Normal,24.93,Normal,29.55,Accesorios Eco 4,3,Tecnología,Accesorios,Orion
C0229,Jorge Pérez,2023-05-30,526,Corporativo,88,Web,Sur,La Araucanía,2024-10-09,ORD-2024-00501,2024-11-06,Segunda Clase,Alta,Completado,663.57,Normal,152.13,Normal,22.93,Teléfonos Plus 5,1,Tecnología,Teléfonos,Nova
C0229,Jorge Pérez,2023-05-30,526,Corporativo,88,Web,Sur,La Araucanía,2024-10-09,ORD-2024-00501,2024-11-06,Segunda Clase,Baja,Completado,4803.96,Normal,1505.14,Normal,31.33,Teléfonos Flex 8,7,Tecnología,Teléfonos,Patagonia
C0229,Jorge Pérez,2023-05-30,526,Corporativo,88,Web,Sur,La Araucanía,2024-10-09,ORD-2024-00501,2024-11-06,Segunda Clase,Media,Completado,3192.15,Normal,1116.55,Normal,34.98,Libreros Pro 8,5,Muebles,Libreros,Lumen
C0229,Jorge Pérez,2023-05-30,526,Corporativo,88,Web,Sur,La Araucanía,2024-10-09,ORD-2024-00501,2024-11-06,Segunda Clase,Media,Completado,432.66,Normal,8.03,Normal,1.86,Sillas Eco 1,4,Muebles,Sillas,Vector
C0244,Nicolás Hernández,2021-09-16,961,Consumidor,40,Web,Norte,Coquimbo,2024-07-10,ORD-2024-00502,2024-05-04,Estándar,Baja,Completado,180.96,Normal,76.14,Normal,42.08,Etiquetas Nova 10,3,Oficina,Etiquetas,Orion
C0244,Nicolás Hernández,2021-09-16,961,Consumidor,40,Web,Norte,Coquimbo,2024-07-10,ORD-2024-00502,2024-05-04,Estándar,Crítica,Completado,498.07,Normal,136.61,Normal,27.43,Almacenamiento Eco 3,3,Muebles,Almacenamiento,Orion
C0186,Sebastián Torres,2023-06-25,55,Home Office,44,Correo,Austral,Magallanes,2025-03-05,ORD-2024-00503,2023-08-19,Estándar,Alta,Enviado,368.34,Normal,100.17,Normal,27.19,Archivadores Smart 10,7,Oficina,Archivadores,Andes
C0186,Sebastián Torres,2023-06-25,55,Home Office,44,Correo,Austral,Magallanes,2025-03-05,ORD-2024-00503,2023-08-19,Estándar,Media,Enviado,721.09,Normal,248.35,Normal,34.44,Mesas Smart 1,8,Muebles,Mesas,Orion
C0186,Sebastián Torres,2023-06-25,55,Home Office,44,Correo,Austral,Magallanes,2025-03-05,ORD-2024-00503,2023-08-19,Estándar,Alta,Enviado,3259.76,Normal,1611.47,Normal,49.44,Libreros Plus 2,7,Muebles,Libreros,Vector
C0255,Javiera Fuentes,2021-06-01,1370,Home Office,50,No Especificado,Sur,Los Ríos,2024-01-05,ORD-2024-00504,2025-03-02,Estándar,Alta,Completado,8.98,Normal,4.13,Normal,45.99,Archivadores Eco 9,1,Oficina,Archivadores,Orion
C0255,Javiera Fuentes,2021-06-01,1370,Home Office,50,No Especificado,Sur,Los Ríos,2024-01-05,ORD-2024-00504,2025-03-02,Estándar,Alta,Completado,854.77,Normal,280.63,Normal,32.83,Mesas Smart 10,6,Muebles,Mesas,Vector
C0158,Catalina Díaz,2024-06-14,-49,Corporativo,45,Correo,Centro,Metropolitana,2024-01-27,ORD-2024-00505,2024-04-26,Segunda Clase,Baja,Enviado,2301.66,Normal,943.86,Normal,41.01,Teléfonos Flex 2,8,Tecnología,Teléfonos,Vector
C0158,Catalina Díaz,2024-06-14,-49,Corporativo,45,Correo,Centro,Metropolitana,2024-01-27,ORD-2024-00505,2024-04-26,Segunda Clase,Media,Enviado,3975.08,Normal,446.47,Normal,11.23,Periféricos Nova 3,5,Tecnología,Periféricos,Altura
C0158,Catalina Díaz,2024-06-14,-49,Corporativo,45,Correo,Centro,Metropolitana,2024-01-27,ORD-2024-00505,2024-04-26,Segunda Clase,Alta,Enviado,880.76,Normal,276.12,Normal,31.35,Sillas Eco 1,6,Muebles,Sillas,Vector
C0157,Paula Hernández,2024-10-05,-447,Corporativo,85,Correo,Sur,La Araucanía,2025-01-05,ORD-2024-00506,2023-07-16,Mismo Día,Alta,Completado,28.54,Normal,13.93,Normal,48.81,Archivadores Eco 9,3,Oficina,Archivadores,Orion
C0157,Paula Hernández,2024-10-05,-447,Corporativo,85,Correo,Sur,La Araucanía,2025-01-05,ORD-2024-00506,2023-07-16,Mismo Día,Media,Completado,3513.02,Normal,1637.4,Normal,46.61,Archivadores Nova 2,6,Oficina,Archivadores,Alerce
C0061,Diego Sepúlveda,2023-05-31,591,Consumidor,69,Teléfono,Norte,Tarapacá,2024-09-19,ORD-2024-00507,2025-01-11,Segunda Clase,Crítica,Completado,5489.98,Normal,2365.59,Ganancia Atípica,43.09,Computadores Nova 4,8,Tecnología,Computadores,Vector
C0061,Diego Sepúlveda,2023-05-31,591,Consumidor,69,Teléfono,Norte,Tarapacá,2024-09-19,ORD-2024-00507,2025-01-11,Segunda Clase,Media,Completado,2157.12,Normal,598.64,Normal,27.75,Archivadores Nova 2,5,Oficina,Archivadores,Alerce
C0061,Diego Sepúlveda,2023-05-31,591,Consumidor,69,Teléfono,Norte,Tarapacá,2024-09-19,ORD-2024-00507,2025-01-11,Segunda Clase,Crítica,Completado,1590.03,Normal,231.61,Normal,14.57,Periféricos Nova 3,2,Tecnología,Periféricos,Altura
C0282,Luis Espinoza,2021-12-16,783,Corporativo,28,Correo,Austral,Aysén,2024-03-12,ORD-2024-00508,2024-02-07,Mismo Día,Crítica,Cancelado,2393.0,Normal,1181.07,Normal,49.36,Libreros Smart 6,7,Muebles,Libreros,Lumen
C0282,Luis Espinoza,2021-12-16,783,Corporativo,28,Correo,Austral,Aysén,2024-03-12,ORD-2024-00508,2024-02-07,Mismo Día,Crítica,Cancelado,6563.68,Venta Extraordinaria,2501.2,Ganancia Atípica,38.11,Papelería Smart 1,8,Oficina,Papelería,Altura
C0282,Luis Espinoza,2021-12-16,783,Corporativo,28,Correo,Austral,Aysén,2024-03-12,ORD-2024-00508,2024-02-07,Mismo Día,Alta,Cancelado,309.04,Normal,107.9,Normal,34.91,Sillas Eco 1,2,Muebles,Sillas,Vector
C0028,Benjamín Muñoz,2024-08-31,-566,Home Office,17,Web,Austral,Magallanes,2024-06-08,ORD-2024-00509,2023-02-12,Primera Clase,Baja,Completado,4124.6,Normal,1730.71,Normal,41.96,Sobres Plus 9,7,Oficina,Sobres,Andes
C0006,Vicente Rojas,2024-07-24,-456,Home Office,78,App,Norte,Tarapacá,2024-11-08,ORD-2024-00510,2023-04-25,Primera Clase,Alta,Completado,2502.72,Normal,1175.21,Normal,46.96,Computadores Flex 10,4,Tecnología,Computadores,Alerce
C0006,Vicente Rojas,2024-07-24,-456,Home Office,78,App,Norte,Tarapacá,2024-11-08,ORD-2024-00510,2023-04-25,Primera Clase,Alta,Completado,1963.8,Normal,393.64,Normal,20.04,Etiquetas Flex 8,4,Oficina,Etiquetas,Patagonia
C0113,Martina Sepúlveda,2023-04-05,81,Home Office,74,Teléfono,Norte,Antofagasta,2024-05-05,ORD-2024-00511,2023-06-25,Estándar,Media,Completado,1443.79,Normal,232.96,Normal,16.14,Almacenamiento Smart 4,5,Muebles,Almacenamiento,Lumen
C0209,Benjamín Castillo,2022-11-14,274,Consumidor,84,Web,Norte,Tarapacá,2024-03-12,ORD-2024-00512,2023-08-15,Segunda Clase,Crítica,Completado,74.17,Normal,37.93,Normal,51.14,Teléfonos Pro 4,1,Tecnología,Teléfonos,Alerce
C0209,Benjamín Castillo,2022-11-14,274,Consumidor,84,Web,Norte,Tarapacá,2024-03-12,ORD-2024-00512,2023-08-15,Segunda Clase,Baja,Completado,2608.56,Normal,839.38,Normal,32.18,Almacenamiento Plus 5,7,Muebles,Almacenamiento,Nova
C0209,Benjamín Castillo,2022-11-14,274,Consumidor,84,Web,Norte,Tarapacá,2024-03-12,ORD-2024-00512,2023-08-15,Segunda Clase,Crítica,Completado,1222.06,Normal,77.46,Normal,6.34,Etiquetas Smart 9,2,Oficina,Etiquetas,Patagonia
C0077,Paula Morales,2024-10-22,96,Home Office,31,Correo,Centro,Maule,2024-04-02,ORD-2024-00513,2025-01-26,Estándar,Alta,Enviado,253.95,Normal,97.0,Normal,38.2,Computadores Flex 7,8,Tecnología,Computadores,Alerce
C0077,Paula Morales,2024-10-22,96,Home Office,31,Correo,Centro,Maule,2024-04-02,ORD-2024-00513,2025-01-26,Estándar,Crítica,Enviado,389.77,Normal,12.55,Normal,3.22,Sillas Flex 2,1,Muebles,Sillas,Vector
C0077,Paula Morales,2024-10-22,96,Home Office,31,Correo,Centro,Maule,2024-04-02,ORD-2024-00513,2025-01-26,Estándar,Baja,Enviado,3731.22,Normal,600.88,Normal,16.1,Etiquetas Flex 8,8,Oficina,Etiquetas,Patagonia
C0194,Gabriel Castillo,2023-01-12,161,Corporativo,65,Web,Sur,Los Lagos,2024-10-23,ORD-2024-00514,2023-06-22,Mismo Día,Crítica,Completado,2927.52,Normal,1390.3,Normal,47.49,Archivadores Nova 2,5,Oficina,Archivadores,Alerce
C0194,Gabriel Castillo,2023-01-12,161,Corporativo,65,Web,Sur,Los Lagos,2024-10-23,ORD-2024-00514,2023-06-22,Mismo Día,Baja,Completado,112.48,Normal,33.24,Normal,29.55,Accesorios Eco 4,4,Tecnología,Accesorios,Orion
C0200,Fernanda Pérez,2021-05-20,1176,Corporativo,66,Correo,Centro,Metropolitana,2024-09-12,ORD-2024-00515,2024-08-08,Mismo Día,Alta,Completado,2561.26,Normal,402.04,Normal,15.7,Mesas Flex 6,5,Muebles,Mesas,Orion
C0134,Felipe Martínez,2024-06-30,-56,Corporativo,93,Correo,Centro,Maule,2024-10-11,ORD-2024-00516,2024-05-05,Mismo Día,Media,Enviado,935.64,Normal,277.52,Normal,29.66,Archivadores Nova 8,4,Oficina,Archivadores,Lumen
C0048,Sofía Muñoz,2023-01-17,614,Corporativo,55,Web,Sur,Los Lagos,2024-02-27,ORD-2024-00517,2024-09-22,Primera Clase,Media,Completado,981.41,Normal,252.15,Normal,25.69,Periféricos Nova 8,3,Tecnología,Periféricos,Andes
C0048,Sofía Muñoz,2023-01-17,614,Corporativo,55,Web,Sur,Los Lagos,2024-02-27,ORD-2024-00517,2024-09-22,Primera Clase,Baja,Completado,4379.76,Normal,2204.79,Ganancia Atípica,50.34,Computadores Flex 10,7,Tecnología,Computadores,Alerce
C0119,Nicolás López,2021-03-17,749,Home Office,21,No Especificado,Norte,Tarapacá,2024-09-14,ORD-2024-00518,2023-04-05,Mismo Día,Baja,Completado,220.95,Normal,107.43,Normal,48.62,Periféricos Smart 1,1,Tecnología,Periféricos,Andes
C0119,Nicolás López,2021-03-17,749,Home Office,21,No Especificado,Norte,Tarapacá,2024-09-14,ORD-2024-00518,2023-04-05,Mismo Día,Media,Completado,1553.0,Normal,614.56,Normal,39.57,Accesorios Flex 9,2,Tecnología,Accesorios,Patagonia
C0274,Paula Araya,2024-02-01,-269,Corporativo,89,Teléfono,Austral,Aysén,2025-02-24,ORD-2024-00519,2023-05-08,Segunda Clase,Alta,Enviado,615.05,Normal,93.17,Normal,15.15,Periféricos Eco 2,1,Tecnología,Periféricos,Vector
C0274,Paula Araya,2024-02-01,-269,Corporativo,89,Teléfono,Austral,Aysén,2025-02-24,ORD-2024-00519,2023-05-08,Segunda Clase,Media,Enviado,359.85,Normal,185.03,Normal,51.42,Libreros Smart 6,1,Muebles,Libreros,Lumen
C0025,Jorge Martínez,2023-09-22,216,Home Office,79,App,Centro,Valparaíso,2024-03-22,ORD-2024-00520,2024-04-25,Primera Clase,Baja,Completado,443.21,Normal,93.65,Normal,21.13,Mesas Smart 10,4,Muebles,Mesas,Vector
C0025,Jorge Martínez,2023-09-22,216,Home Office,79,App,Centro,Valparaíso,2024-03-22,ORD-2024-00520,2024-04-25,Primera Clase,Baja,Completado,2465.28,Normal,1229.56,Normal,49.88,Archivadores Nova 2,4,Oficina,Archivadores,Alerce
C0025,Jorge Martínez,2023-09-22,216,Home Office,79,App,Centro,Valparaíso,2024-03-22,ORD-2024-00520,2024-04-25,Primera Clase,Crítica,Completado,6039.46,Normal,2831.57,Ganancia Atípica,46.88,Accesorios Flex 9,7,Tecnología,Accesorios,Patagonia
C0271,Andrés Muñoz,2022-07-31,972,Consumidor,86,Correo,Centro,O'Higgins,2024-01-09,ORD-2024-00521,2025-03-29,Mismo Día,Crítica,Completado,253.87,Normal,33.22,Normal,13.09,Papelería Pro 3,6,Oficina,Papelería,Altura
C0271,Andrés Muñoz,2022-07-31,972,Consumidor,86,Correo,Centro,O'Higgins,2024-01-09,ORD-2024-00521,2025-03-29,Mismo Día,Media,Completado,3449.76,Normal,1737.12,Normal,50.35,Computadores Pro 2,8,Tecnología,Computadores,Altura
C0271,Andrés Muñoz,2022-07-31,972,Consumidor,86,Correo,Centro,O'Higgins,2024-01-09,ORD-2024-00521,2025-03-29,Mismo Día,Crítica,Completado,3661.63,Normal,741.78,Normal,20.26,Accesorios Nova 10,6,Tecnología,Accesorios,Andes
C0271,Andrés Muñoz,2022-07-31,972,Consumidor,86,Correo,Centro,O'Higgins,2024-01-09,ORD-2024-00521,2025-03-29,Mismo Día,Alta,Completado,1821.46,Normal,348.04,Normal,19.11,Sillas Smart 9,7,Muebles,Sillas,Orion
C0250,Daniela Soto,2023-07-01,22,Home Office,97,Web,Sur,Los Ríos,2025-01-23,ORD-2024-00522,2023-07-23,Segunda Clase,Baja,Enviado,2944.48,Normal,1261.91,Normal,42.86,Papelería Flex 4,5,Oficina,Papelería,Altura
C0250,Daniela Soto,2023-07-01,22,Home Office,97,Web,Sur,Los Ríos,2025-01-23,ORD-2024-00522,2023-07-23,Segunda Clase,Crítica,Enviado,2167.73,Normal,319.35,Normal,14.73,Sobres Flex 6,4,Oficina,Sobres,Patagonia
C0239,Martina Torres,2023-11-30,396,Corporativo,20,Teléfono,Norte,Tarapacá,2024-05-03,ORD-2024-00523,2024-12-30,Mismo Día,Alta,Completado,945.77,Normal,158.59,Normal,16.77,Teléfonos Eco 9,2,Tecnología,Teléfonos,Andes
C0239,Martina Torres,2023-11-30,396,Corporativo,20,Teléfono,Norte,Tarapacá,2024-05-03,ORD-2024-00523,2024-12-30,Mismo Día,Alta,Completado,886.42,Normal,268.9,Normal,30.34,Mesas Smart 10,7,Muebles,Mesas,Vector
C0182,Benjamín Pérez,2024-09-08,224,Home Office,18,Correo,Centro,O'Higgins,2024-09-19,ORD-2024-00524,2025-04-20,Mismo Día,Media,Completado,2536.56,Normal,866.47,Normal,34.16,Sillas Smart 3,4,Muebles,Sillas,Altura
C0182,Benjamín Pérez,2024-09-08,224,Home Office,18,Correo,Centro,O'Higgins,2024-09-19,ORD-2024-00524,2025-04-20,Mismo Día,Alta,Completado,20.12,Normal,8.28,Normal,41.15,Accesorios Smart 2,2,Tecnología,Accesorios,Vector
C0182,Benjamín Pérez,2024-09-08,224,Home Office,18,Correo,Centro,O'Higgins,2024-09-19,ORD-2024-00524,2025-04-20,Mismo Día,Alta,Completado,376.77,Normal,100.54,Normal,26.68,Accesorios Plus 8,1,Tecnología,Accesorios,Andes
C0013,Daniela Araya,2024-02-08,56,Corporativo,97,Web,Centro,O'Higgins,2024-05-07,ORD-2024-00525,2024-04-04,Primera Clase,Crítica,Completado,438.33,Normal,131.74,Normal,30.05,Accesorios Nova 7,2,Tecnología,Accesorios,Alerce
C0013,Daniela Araya,2024-02-08,56,Corporativo,97,Web,Centro,O'Higgins,2024-05-07,ORD-2024-00525,2024-04-04,Primera Clase,Media,Completado,233.91,Normal,69.38,Normal,29.66,Archivadores Nova 8,1,Oficina,Archivadores,Lumen
C0013,Daniela Araya,2024-02-08,56,Corporativo,97,Web,Centro,O'Higgins,2024-05-07,ORD-2024-00525,2024-04-04,Primera Clase,Crítica,Completado,4202.31,Normal,1095.1,Normal,26.06,Sobres Plus 10,7,Oficina,Sobres,Altura
C0137,Javiera Díaz,2021-12-07,537,Corporativo,13,Teléfono,Sur,Los Ríos,2024-07-14,ORD-2024-00526,2023-05-28,Mismo Día,Media,Completado,281.12,Normal,81.64,Normal,29.04,Computadores Eco 9,1,Tecnología,Computadores,Patagonia
C0137,Javiera Díaz,2021-12-07,537,Corporativo,13,Teléfono,Sur,Los Ríos,2024-07-14,ORD-2024-00526,2023-05-28,Mismo Día,Media,Completado,5078.67,Normal,1449.86,Normal,28.55,Computadores Plus 5,7,Tecnología,Computadores,Orion
C0137,Javiera Díaz,2021-12-07,537,Corporativo,13,Teléfono,Sur,Los Ríos,2024-07-14,ORD-2024-00526,2023-05-28,Mismo Día,Baja,Completado,2750.77,Normal,1083.95,Normal,39.41,Mesas Plus 5,5,Muebles,Mesas,Vector
C0137,Javiera Díaz,2021-12-07,537,Corporativo,13,Teléfono,Sur,Los Ríos,2024-07-14,ORD-2024-00526,2023-05-28,Mismo Día,Baja,Completado,714.96,Normal,266.33,Normal,37.25,Computadores Plus 1,1,Tecnología,Computadores,Andes
C0113,Martina Sepúlveda,2023-04-05,385,Home Office,74,Teléfono,Norte,Antofagasta,2024-05-05,ORD-2024-00527,2024-04-24,Estándar,Alta,Completado,3086.52,Normal,655.14,Normal,21.23,Etiquetas Nova 4,6,Oficina,Etiquetas,Altura
C0113,Martina Sepúlveda,2023-04-05,385,Home Office,74,Teléfono,Norte,Antofagasta,2024-05-05,ORD-2024-00527,2024-04-24,Estándar,Alta,Completado,2103.8,Normal,535.33,Normal,25.45,Almacenamiento Smart 4,6,Muebles,Almacenamiento,Lumen
C0113,Martina Sepúlveda,2023-04-05,385,Home Office,74,Teléfono,Norte,Antofagasta,2024-05-05,ORD-2024-00527,2024-04-24,Estándar,Crítica,Completado,416.06,Normal,198.74,Normal,47.77,Almacenamiento Nova 7,4,Muebles,Almacenamiento,Altura
C0113,Martina Sepúlveda,2023-04-05,385,Home Office,74,Teléfono,Norte,Antofagasta,2024-05-05,ORD-2024-00527,2024-04-24,Estándar,Alta,Completado,1979.14,Normal,740.33,Normal,37.41,Libreros Plus 2,5,Muebles,Libreros,Vector
C0256,Daniela Araya,2021-09-20,1209,Corporativo,26,App,Austral,Aysén,2024-03-28,ORD-2024-00528,2025-01-11,Primera Clase,Media,Enviado,2618.12,Normal,884.74,Normal,33.79,Almacenamiento Nova 2,4,Muebles,Almacenamiento,Patagonia
C0256,Daniela Araya,2021-09-20,1209,Corporativo,26,App,Austral,Aysén,2024-03-28,ORD-2024-00528,2025-01-11,Primera Clase,Alta,Enviado,474.87,Normal,194.19,Normal,40.89,Mesas Smart 10,3,Muebles,Mesas,Vector
C0212,Andrés González,2022-09-25,858,Corporativo,37,App,Sur,La Araucanía,2024-11-24,ORD-2024-00529,2025-01-30,Segunda Clase,Baja,Completado,1054.41,Normal,327.31,Normal,31.04,Sobres Plus 9,2,Oficina,Sobres,Andes
C0212,Andrés González,2022-09-25,858,Corporativo,37,App,Sur,La Araucanía,2024-11-24,ORD-2024-00529,2025-01-30,Segunda Clase,Crítica,Completado,3374.84,Normal,399.97,Normal,11.85,Mesas Flex 6,7,Muebles,Mesas,Orion
C0212,Andrés González,2022-09-25,858,Corporativo,37,App,Sur,La Araucanía,2024-11-24,ORD-2024-00529,2025-01-30,Segunda Clase,Media,Completado,143.41,Normal,28.42,Normal,19.82,Accesorios Eco 4,6,Tecnología,Accesorios,Orion
C0212,Andrés González,2022-09-25,858,Corporativo,37,App,Sur,La Araucanía,2024-11-24,ORD-2024-00529,2025-01-30,Segunda Clase,Crítica,Completado,1596.67,Normal,109.19,Normal,6.84,Libreros Smart 3,8,Muebles,Libreros,Vector
C0221,Valentina Hernández,2021-10-29,669,Home Office,21,No Especificado,Norte,Tarapacá,2024-01-05,ORD-2024-00530,2023-08-29,Primera Clase,Baja,Completado,120.64,Normal,50.76,Normal,42.08,Etiquetas Nova 10,2,Oficina,Etiquetas,Orion
C0221,Valentina Hernández,2021-10-29,669,Home Office,21,No Especificado,Norte,Tarapacá,2024-01-05,ORD-2024-00530,2023-08-29,Primera Clase,Media,Completado,2422.51,Normal,542.33,Normal,22.39,Teléfonos Flex 10,7,Tecnología,Teléfonos,Lumen
C0221,Valentina Hernández,2021-10-29,669,Home Office,21,No Especificado,Norte,Tarapacá,2024-01-05,ORD-2024-00530,2023-08-29,Primera Clase,Media,Completado,219.16,Normal,87.7,Normal,40.02,Accesorios Nova 7,1,Tecnología,Accesorios,Alerce
C0221,Valentina Hernández,2021-10-29,669,Home Office,21,No Especificado,Norte,Tarapacá,2024-01-05,ORD-2024-00530,2023-08-29,Primera Clase,Baja,Completado,2085.49,Normal,559.07,Normal,26.81,Periféricos Nova 8,6,Tecnología,Periféricos,Andes
C0021,Martina Contreras,2022-10-01,261,Home Office,95,Correo,Sur,Los Ríos,2024-07-03,ORD-2024-00531,2023-06-19,Estándar,Crítica,Devuelto,898.28,Normal,424.4,Normal,47.25,Etiquetas Eco 6,4,Oficina,Etiquetas,Vector
C0056,Matías Morales,2024-05-26,-238,Corporativo,59,Web,Centro,Metropolitana,2025-01-02,ORD-2024-00532,2023-10-01,Primera Clase,Baja,Enviado,791.45,Normal,323.65,Normal,40.89,Mesas Smart 10,5,Muebles,Mesas,Vector
C0255,Javiera Fuentes,2021-06-01,1200,Home Office,50,No Especificado,Sur,Los Ríos,2024-01-05,ORD-2024-00533,2024-09-13,Primera Clase,Alta,Completado,1966.27,Normal,159.4,Normal,8.11,Papelería Plus 9,8,Oficina,Papelería,Vector
C0255,Javiera Fuentes,2021-06-01,1200,Home Office,50,No Especificado,Sur,Los Ríos,2024-01-05,ORD-2024-00533,2024-09-13,Primera Clase,Media,Completado,2289.95,Normal,467.35,Normal,20.41,Periféricos Nova 8,7,Tecnología,Periféricos,Andes
C0159,Andrés Contreras,2023-06-30,502,Corporativo,56,App,Centro,Valparaíso,2024-07-12,ORD-2024-00534,2024-11-13,Segunda Clase,Crítica,Completado,793.2,Normal,242.82,Normal,30.61,Accesorios Plus 8,2,Tecnología,Accesorios,Andes
C0065,Benjamín Rojas,2023-04-29,34,Corporativo,99,App,Sur,Los Ríos,2025-02-17,ORD-2024-00535,2023-06-02,Segunda Clase,Alta,Completado,4218.55,Normal,1126.93,Normal,26.71,Mesas Flex 6,7,Muebles,Mesas,Orion
C0065,Benjamín Rojas,2023-04-29,34,Corporativo,99,App,Sur,Los Ríos,2025-02-17,ORD-2024-00535,2023-06-02,Segunda Clase,Alta,Completado,1977.56,Normal,176.29,Normal,8.91,Sobres Plus 10,4,Oficina,Sobres,Altura
C0065,Benjamín Rojas,2023-04-29,34,Corporativo,99,App,Sur,Los Ríos,2025-02-17,ORD-2024-00535,2023-06-02,Segunda Clase,Baja,Completado,5282.76,Normal,2210.12,Ganancia Atípica,41.84,Computadores Plus 1,7,Tecnología,Computadores,Andes
C0065,Benjamín Rojas,2023-04-29,34,Corporativo,99,App,Sur,Los Ríos,2025-02-17,ORD-2024-00535,2023-06-02,Segunda Clase,Crítica,Completado,3566.68,Normal,924.42,Normal,25.92,Accesorios Flex 5,5,Tecnología,Accesorios,Vector
C0238,Sebastián López,2023-06-20,504,Home Office,53,No Especificado,Norte,Coquimbo,2024-09-25,ORD-2024-00536,2024-11-05,Mismo Día,Media,Enviado,4203.62,Normal,1292.06,Normal,30.74,Archivadores Pro 6,7,Oficina,Archivadores,Patagonia
C0238,Sebastián López,2023-06-20,504,Home Office,53,No Especificado,Norte,Coquimbo,2024-09-25,ORD-2024-00536,2024-11-05,Mismo Día,Crítica,Enviado,1203.77,Normal,576.77,Normal,47.91,Accesorios Flex 1,3,Tecnología,Accesorios,Alerce
C0238,Sebastián López,2023-06-20,504,Home Office,53,No Especificado,Norte,Coquimbo,2024-09-25,ORD-2024-00536,2024-11-05,Mismo Día,Media,Enviado,3654.06,Normal,1397.1,Normal,38.23,Sobres Smart 3,6,Oficina,Sobres,Patagonia
C0123,Felipe Díaz,2024-07-14,-35,Consumidor,100,App,Sur,Los Lagos,2025-01-30,ORD-2024-00537,2024-06-09,Segunda Clase,Alta,Completado,82.52,Normal,21.59,Normal,26.16,Mesas Eco 4,1,Muebles,Mesas,Altura
C0123,Felipe Díaz,2024-07-14,-35,Consumidor,100,App,Sur,Los Lagos,2025-01-30,ORD-2024-00537,2024-06-09,Segunda Clase,Crítica,Completado,2746.86,Normal,781.5,Normal,28.45,Etiquetas Nova 3,6,Oficina,Etiquetas,Alerce
C0257,Vicente Muñoz,2023-11-28,-125,Consumidor,48,App,Norte,Coquimbo,2024-09-12,ORD-2024-00538,2023-07-26,Segunda Clase,Alta,Completado,483.28,Normal,73.42,Normal,15.19,Mesas Smart 9,5,Muebles,Mesas,Andes
C0010,Valentina Pérez,2024-02-24,-2,Consumidor,84,Teléfono,Centro,Maule,2024-12-08,ORD-2024-00539,2024-02-22,Mismo Día,Media,Enviado,4713.82,Normal,1890.32,Normal,40.1,Sobres Plus 9,8,Oficina,Sobres,Andes
C0010,Valentina Pérez,2024-02-24,-2,Consumidor,84,Teléfono,Centro,Maule,2024-12-08,ORD-2024-00539,2024-02-22,Mismo Día,Baja,Enviado,1057.82,Normal,135.81,Normal,12.84,Mesas Nova 8,5,Muebles,Mesas,Andes
C0010,Valentina Pérez,2024-02-24,-2,Consumidor,84,Teléfono,Centro,Maule,2024-12-08,ORD-2024-00539,2024-02-22,Mismo Día,Baja,Enviado,934.13,Normal,446.06,Normal,47.75,Etiquetas Pro 5,4,Oficina,Etiquetas,Lumen
C0010,Valentina Pérez,2024-02-24,-2,Consumidor,84,Teléfono,Centro,Maule,2024-12-08,ORD-2024-00539,2024-02-22,Mismo Día,Crítica,Enviado,2553.72,Normal,893.24,Normal,34.98,Libreros Pro 8,4,Muebles,Libreros,Lumen
C0123,Felipe Díaz,2024-07-14,-154,Consumidor,100,App,Sur,Los Lagos,2025-01-30,ORD-2024-00540,2024-02-11,Primera Clase,Media,Enviado,4341.3,Normal,915.8,Normal,21.1,Accesorios Plus 3,5,Tecnología,Accesorios,Altura
C0123,Felipe Díaz,2024-07-14,-154,Consumidor,100,App,Sur,Los Lagos,2025-01-30,ORD-2024-00540,2024-02-11,Primera Clase,Crítica,Enviado,3339.3,Normal,989.05,Normal,29.62,Libreros Smart 9,5,Muebles,Libreros,Patagonia
C0123,Felipe Díaz,2024-07-14,-154,Consumidor,100,App,Sur,Los Lagos,2025-01-30,ORD-2024-00540,2024-02-11,Primera Clase,Media,Enviado,4133.88,Normal,1565.28,Normal,37.86,Almacenamiento Nova 2,6,Muebles,Almacenamiento,Patagonia
C0123,Felipe Díaz,2024-07-14,-154,Consumidor,100,App,Sur,Los Lagos,2025-01-30,ORD-2024-00540,2024-02-11,Primera Clase,Media,Enviado,70.42,Normal,28.98,Normal,41.15,Accesorios Smart 2,7,Tecnología,Accesorios,Vector
C0246,Andrés Hernández,2024-03-21,-424,Consumidor,77,App,Sur,Los Lagos,2024-05-04,ORD-2024-00541,2023-01-22,Primera Clase,Media,Completado,198.05,Normal,21.12,Normal,10.66,Mesas Eco 4,3,Muebles,Mesas,Altura
C0246,Andrés Hernández,2024-03-21,-424,Consumidor,77,App,Sur,Los Lagos,2024-05-04,ORD-2024-00541,2023-01-22,Primera Clase,Baja,Completado,1256.09,Normal,225.19,Normal,17.93,Sillas Plus 7,2,Muebles,Sillas,Andes
C0246,Andrés Hernández,2024-03-21,-424,Consumidor,77,App,Sur,Los Lagos,2024-05-04,ORD-2024-00541,2023-01-22,Primera Clase,Baja,Completado,2034.24,Normal,543.03,Normal,26.69,Accesorios Nova 10,3,Tecnología,Accesorios,Andes
C0123,Felipe Díaz,2024-07-14,-493,Consumidor,100,App,Sur,Los Lagos,2025-01-30,ORD-2024-00542,2023-03-09,Primera Clase,Crítica,Enviado,1590.59,Normal,316.85,Normal,19.92,Archivadores Nova 8,8,Oficina,Archivadores,Lumen
C0262,Sebastián Castillo,2021-03-04,793,Home Office,90,Correo,Norte,Antofagasta,2024-04-27,ORD-2024-00543,2023-05-06,Estándar,Alta,Completado,203.69,Normal,62.14,Normal,30.51,Sillas Pro 6,3,Muebles,Sillas,Nova
C0010,Valentina Pérez,2024-02-24,216,Consumidor,84,Teléfono,Centro,Maule,2024-12-08,ORD-2024-00544,2024-09-27,Estándar,Alta,Enviado,2076.37,Normal,732.94,Normal,35.3,Sillas Plus 4,3,Muebles,Sillas,Orion
C0010,Valentina Pérez,2024-02-24,216,Consumidor,84,Teléfono,Centro,Maule,2024-12-08,ORD-2024-00544,2024-09-27,Estándar,Crítica,Enviado,134.98,Normal,12.17,Normal,9.02,Accesorios Eco 4,6,Tecnología,Accesorios,Orion
C0054,Catalina Araya,2024-10-23,165,Corporativo,13,Teléfono,Sur,La Araucanía,2024-08-14,ORD-2024-00545,2025-04-06,Segunda Clase,Crítica,Completado,99.98,Normal,22.65,Normal,22.65,Archivadores Smart 10,2,Oficina,Archivadores,Andes
C0054,Catalina Araya,2024-10-23,165,Corporativo,13,Teléfono,Sur,La Araucanía,2024-08-14,ORD-2024-00545,2025-04-06,Segunda Clase,Alta,Completado,4409.47,Normal,1063.07,Normal,24.11,Almacenamiento Nova 2,8,Muebles,Almacenamiento,Patagonia
C0054,Catalina Araya,2024-10-23,165,Corporativo,13,Teléfono,Sur,La Araucanía,2024-08-14,ORD-2024-00545,2025-04-06,Segunda Clase,Baja,Completado,477.34,Normal,99.19,Normal,20.78,Computadores Plus 6,1,Tecnología,Computadores,Lumen
C0054,Catalina Araya,2024-10-23,165,Corporativo,13,Teléfono,Sur,La Araucanía,2024-08-14,ORD-2024-00545,2025-04-06,Segunda Clase,Alta,Completado,2475.06,Normal,910.56,Normal,36.79,Almacenamiento Smart 4,6,Muebles,Almacenamiento,Lumen
C0174,Nicolás Martínez,2021-11-09,843,Corporativo,18,Correo,Sur,Los Lagos,2024-12-26,ORD-2024-00546,2024-03-01,Mismo Día,Crítica,Devuelto,981.9,Normal,196.82,Normal,20.04,Etiquetas Flex 8,2,Oficina,Etiquetas,Patagonia
C0174,Nicolás Martínez,2021-11-09,843,Corporativo,18,Correo,Sur,Los Lagos,2024-12-26,ORD-2024-00546,2024-03-01,Mismo Día,Baja,Devuelto,903.06,Normal,213.96,Normal,23.69,Libreros Eco 4,6,Muebles,Libreros,Andes
C0163,Camila Silva,2021-10-30,679,Corporativo,45,Web,Austral,Magallanes,2025-01-24,ORD-2024-00547,2023-09-09,Estándar,Crítica,Completado,1983.0,Normal,607.05,Normal,30.61,Accesorios Plus 8,5,Tecnología,Accesorios,Andes
C0079,Benjamín Hernández,2021-04-13,915,Consumidor,58,Teléfono,Austral,Magallanes,2024-11-24,ORD-2024-00548,2023-10-15,Primera Clase,Alta,Devuelto,2968.04,Normal,956.79,Normal,32.24,Periféricos Eco 10,5,Tecnología,Periféricos,Andes
C0079,Benjamín Hernández,2021-04-13,915,Consumidor,58,Teléfono,Austral,Magallanes,2024-11-24,ORD-2024-00548,2023-10-15,Primera Clase,Baja,Devuelto,1670.43,Normal,540.3,Normal,32.34,Sillas Flex 2,3,Muebles,Sillas,Vector
C0079,Benjamín Hernández,2021-04-13,915,Consumidor,58,Teléfono,Austral,Magallanes,2024-11-24,ORD-2024-00548,2023-10-15,Primera Clase,Alta,Devuelto,1395.66,Normal,354.12,Normal,25.37,Sillas Plus 7,2,Muebles,Sillas,Andes
C0079,Benjamín Hernández,2021-04-13,915,Consumidor,58,Teléfono,Austral,Magallanes,2024-11-24,ORD-2024-00548,2023-10-15,Primera Clase,Baja,Devuelto,309.04,Normal,107.9,Normal,34.91,Sillas Eco 1,2,Muebles,Sillas,Vector
C0119,Nicolás López,2021-03-17,705,Home Office,21,No Especificado,Norte,Tarapacá,2024-09-14,ORD-2024-00549,2023-02-20,Primera Clase,Crítica,Enviado,2001.02,Normal,784.7,Normal,39.22,Teléfonos Nova 3,7,Tecnología,Teléfonos,Lumen
C0119,Nicolás López,2021-03-17,705,Home Office,21,No Especificado,Norte,Tarapacá,2024-09-14,ORD-2024-00549,2023-02-20,Primera Clase,Media,Enviado,1827.79,Normal,793.85,Normal,43.43,Teléfonos Flex 2,6,Tecnología,Teléfonos,Vector
C0119,Nicolás López,2021-03-17,705,Home Office,21,No Especificado,Norte,Tarapacá,2024-09-14,ORD-2024-00549,2023-02-20,Primera Clase,Crítica,Enviado,1725.56,Normal,809.02,Normal,46.88,Accesorios Flex 9,2,Tecnología,Accesorios,Patagonia
C0022,Isidora Araya,2021-09-05,963,Corporativo,38,App,Austral,Aysén,2024-04-30,ORD-2024-00550,2024-04-25,Segunda Clase,Baja,Completado,1293.66,Normal,651.42,Normal,50.35,Computadores Pro 2,3,Tecnología,Computadores,Altura
C0022,Isidora Araya,2021-09-05,963,Corporativo,38,App,Austral,Aysén,2024-04-30,ORD-2024-00550,2024-04-25,Segunda Clase,Media,Completado,3501.44,Normal,1646.44,Normal,47.02,Libreros Plus 1,4,Muebles,Libreros,Altura
C0022,Isidora Araya,2021-09-05,963,Corporativo,38,App,Austral,Aysén,2024-04-30,ORD-2024-00550,2024-04-25,Segunda Clase,Media,Completado,333.64,Normal,93.79,Normal,28.11,Mesas Eco 3,1,Muebles,Mesas,Alerce
C0253,Jorge Torres,2023-01-10,551,Consumidor,69,Teléfono,Centro,Maule,2024-10-09,ORD-2024-00551,2024-07-14,Mismo Día,Crítica,Completado,1283.76,Normal,48.03,Normal,3.74,Sillas Eco 5,3,Muebles,Sillas,Lumen
C0253,Jorge Torres,2023-01-10,551,Consumidor,69,Teléfono,Centro,Maule,2024-10-09,ORD-2024-00551,2024-07-14,Mismo Día,Baja,Completado,3354.57,Normal,544.54,Normal,16.23,Sobres Eco 7,5,Oficina,Sobres,Vector
C0253,Jorge Torres,2023-01-10,551,Consumidor,69,Teléfono,Centro,Maule,2024-10-09,ORD-2024-00551,2024-07-14,Mismo Día,Crítica,Completado,3246.33,Normal,759.52,Normal,23.4,Archivadores Flex 1,7,Oficina,Archivadores,Alerce
C0001,Fernanda Díaz,2023-02-18,69,Consumidor,55,Web,Norte,Tarapacá,2024-01-08,ORD-2024-00552,2023-04-28,Segunda Clase,Baja,Enviado,493.01,Normal,250.61,Normal,50.83,Etiquetas Pro 5,2,Oficina,Etiquetas,Lumen
C0001,Fernanda Díaz,2023-02-18,69,Consumidor,55,Web,Norte,Tarapacá,2024-01-08,ORD-2024-00552,2023-04-28,Segunda Clase,Crítica,Enviado,2780.8,Normal,1500.88,Normal,53.97,Computadores Flex 10,4,Tecnología,Computadores,Alerce
C0069,Constanza Flores,2021-11-22,628,Corporativo,67,Correo,Norte,Antofagasta,2025-01-16,ORD-2024-00553,2023-08-12,Segunda Clase,Media,Completado,61.96,Normal,21.94,Normal,35.41,Etiquetas Pro 7,1,Oficina,Etiquetas,Orion
C0229,Jorge Pérez,2023-05-30,-2,Corporativo,88,Web,Sur,La Araucanía,2024-10-09,ORD-2024-00554,2023-05-28,Primera Clase,Media,Enviado,1011.92,Normal,-76.13,Normal,-7.52,Sillas Smart 9,5,Muebles,Sillas,Orion
C0229,Jorge Pérez,2023-05-30,-2,Corporativo,88,Web,Sur,La Araucanía,2024-10-09,ORD-2024-00554,2023-05-28,Primera Clase,Media,Enviado,236.1,Normal,110.4,Normal,46.76,Computadores Flex 7,7,Tecnología,Computadores,Alerce
C0229,Jorge Pérez,2023-05-30,-2,Corporativo,88,Web,Sur,La Araucanía,2024-10-09,ORD-2024-00554,2023-05-28,Primera Clase,Alta,Enviado,1796.26,Normal,327.89,Normal,18.25,Libreros Smart 3,8,Muebles,Libreros,Vector
C0229,Jorge Pérez,2023-05-30,-2,Corporativo,88,Web,Sur,La Araucanía,2024-10-09,ORD-2024-00554,2023-05-28,Primera Clase,Baja,Enviado,2184.62,Normal,838.97,Normal,38.4,Accesorios Flex 1,7,Tecnología,Accesorios,Alerce
C0235,María Hernández,2022-08-24,666,Consumidor,15,App,Austral,Aysén,2024-12-11,ORD-2024-00555,2024-06-20,Segunda Clase,Baja,Enviado,5553.59,Normal,2787.96,Ganancia Atípica,50.2,Computadores Pro 3,7,Tecnología,Computadores,Patagonia
C0235,María Hernández,2022-08-24,666,Consumidor,15,App,Austral,Aysén,2024-12-11,ORD-2024-00555,2024-06-20,Segunda Clase,Media,Enviado,780.23,Normal,296.83,Normal,38.04,Almacenamiento Eco 6,8,Muebles,Almacenamiento,Patagonia
C0235,María Hernández,2022-08-24,666,Consumidor,15,App,Austral,Aysén,2024-12-11,ORD-2024-00555,2024-06-20,Segunda Clase,Crítica,Enviado,846.25,Normal,110.6,Normal,13.07,Mesas Nova 8,4,Muebles,Mesas,Andes
C0139,Antonia Fuentes,2024-10-28,-502,Home Office,31,App,Centro,O'Higgins,2024-12-22,ORD-2024-00556,2023-06-14,Segunda Clase,Alta,Completado,966.52,Normal,447.16,Normal,46.26,Sillas Nova 10,4,Muebles,Sillas,Lumen
C0139,Antonia Fuentes,2024-10-28,-502,Home Office,31,App,Centro,O'Higgins,2024-12-22,ORD-2024-00556,2023-06-14,Segunda Clase,Alta,Completado,863.85,Normal,318.7,Normal,36.89,Libreros Pro 7,5,Muebles,Libreros,Nova
C0139,Antonia Fuentes,2024-10-28,-502,Home Office,31,App,Centro,O'Higgins,2024-12-22,ORD-2024-00556,2023-06-14,Segunda Clase,Baja,Completado,4945.43,Normal,2169.79,Ganancia Atípica,43.87,Archivadores Pro 6,7,Oficina,Archivadores,Patagonia
C0139,Antonia Fuentes,2024-10-28,-502,Home Office,31,App,Centro,O'Higgins,2024-12-22,ORD-2024-00556,2023-06-14,Segunda Clase,Media,Completado,1046.61,Normal,467.0,Normal,44.62,Periféricos Smart 1,5,Tecnología,Periféricos,Andes
C0255,Javiera Fuentes,2021-06-01,1120,Home Office,50,No Especificado,Sur,Los Ríos,2024-01-05,ORD-2024-00557,2024-06-25,Mismo Día,Alta,Completado,3388.38,Normal,1726.69,Normal,50.96,Accesorios Flex 1,8,Tecnología,Accesorios,Alerce
C0255,Javiera Fuentes,2021-06-01,1120,Home Office,50,No Especificado,Sur,Los Ríos,2024-01-05,ORD-2024-00557,2024-06-25,Mismo Día,Alta,Completado,3936.68,Normal,1862.09,Normal,47.3,Archivadores Flex 3,7,Oficina,Archivadores,Vector
C0255,Javiera Fuentes,2021-06-01,1120,Home Office,50,No Especificado,Sur,Los Ríos,2024-01-05,ORD-2024-00557,2024-06-25,Mismo Día,Alta,Completado,367.17,Normal,113.81,Normal,31.0,Almacenamiento Eco 6,4,Muebles,Almacenamiento,Patagonia
C0050,Benjamín Soto,2023-04-25,275,Consumidor,32,Web,Sur,La Araucanía,2024-09-15,ORD-2024-00558,2024-01-25,Primera Clase,Crítica,Enviado,645.01,Normal,283.77,Normal,43.99,Sillas Pro 6,8,Muebles,Sillas,Nova
C0050,Benjamín Soto,2023-04-25,275,Consumidor,32,Web,Sur,La Araucanía,2024-09-15,ORD-2024-00558,2024-01-25,Primera Clase,Baja,Enviado,4866.4,Normal,2626.54,Ganancia Atípica,53.97,Computadores Flex 10,7,Tecnología,Computadores,Alerce
C0050,Benjamín Soto,2023-04-25,275,Consumidor,32,Web,Sur,La Araucanía,2024-09-15,ORD-2024-00558,2024-01-25,Primera Clase,Baja,Enviado,498.07,Normal,138.88,Normal,27.88,Almacenamiento Eco 3,3,Muebles,Almacenamiento,Orion
C0105,Diego Rojas,2021-08-31,966,Consumidor,87,Correo,Austral,Magallanes,2024-12-04,ORD-2024-00559,2024-04-23,Estándar,Media,Completado,1756.51,Normal,820.92,Normal,46.74,Archivadores Nova 2,3,Oficina,Archivadores,Alerce
C0105,Diego Rojas,2021-08-31,966,Consumidor,87,Correo,Austral,Magallanes,2024-12-04,ORD-2024-00559,2024-04-23,Estándar,Crítica,Completado,1250.86,Normal,281.32,Normal,22.49,Sillas Plus 8,2,Muebles,Sillas,Orion
C0105,Diego Rojas,2021-08-31,966,Consumidor,87,Correo,Austral,Magallanes,2024-12-04,ORD-2024-00559,2024-04-23,Estándar,Baja,Completado,2727.55,Normal,630.24,Normal,23.11,Teléfonos Pro 6,5,Tecnología,Teléfonos,Orion
C0105,Diego Rojas,2021-08-31,966,Consumidor,87,Correo,Austral,Magallanes,2024-12-04,ORD-2024-00559,2024-04-23,Estándar,Alta,Completado,2914.2,Normal,1121.72,Normal,38.49,Sillas Plus 4,4,Muebles,Sillas,Orion
C0275,Carlos López,2022-11-26,800,Corporativo,28,Teléfono,Centro,Maule,2024-02-09,ORD-2024-00560,2025-02-03,Mismo Día,Crítica,Completado,2300.07,Normal,886.26,Normal,38.53,Libreros Eco 10,3,Muebles,Libreros,Andes
C0275,Carlos López,2022-11-26,800,Corporativo,28,Teléfono,Centro,Maule,2024-02-09,ORD-2024-00560,2025-02-03,Mismo Día,Baja,Completado,830.34,Normal,305.72,Normal,36.82,Etiquetas Pro 5,4,Oficina,Etiquetas,Lumen
C0275,Carlos López,2022-11-26,800,Corporativo,28,Teléfono,Centro,Maule,2024-02-09,ORD-2024-00560,2025-02-03,Mismo Día,Alta,Completado,1218.53,Normal,569.36,Normal,46.73,Teléfonos Flex 2,4,Tecnología,Teléfonos,Vector
C0183,Catalina González,2023-12-23,415,Consumidor,58,App,Sur,Biobío,2024-08-26,ORD-2024-00561,2025-02-10,Estándar,Media,Completado,3069.12,Normal,1225.71,Normal,39.94,Papelería Flex 6,5,Oficina,Papelería,Andes
C0120,Fernanda Díaz,2023-11-20,432,Corporativo,94,Web,Centro,Valparaíso,2024-04-29,ORD-2024-00562,2025-01-25,Segunda Clase,Media,Completado,3271.36,Normal,1268.72,Normal,38.78,Periféricos Nova 8,8,Tecnología,Periféricos,Andes
C0120,Fernanda Díaz,2023-11-20,432,Corporativo,94,Web,Centro,Valparaíso,2024-04-29,ORD-2024-00562,2025-01-25,Segunda Clase,Media,Completado,2373.33,Normal,1228.11,Normal,51.75,Almacenamiento Plus 10,3,Muebles,Almacenamiento,Patagonia
C0188,Nicolás Sepúlveda,2022-03-28,921,Consumidor,86,Correo,Centro,O'Higgins,2024-06-09,ORD-2024-00563,2024-10-04,Mismo Día,Media,Completado,162.65,Normal,38.66,Normal,23.77,Etiquetas Pro 7,3,Oficina,Etiquetas,Orion
C0192,Luis Fuentes,2023-07-31,-176,Consumidor,50,Web,Norte,Tarapacá,2024-01-09,ORD-2024-00564,2023-02-05,Segunda Clase,Media,Completado,3460.73,Normal,1745.24,Normal,50.43,Teléfonos Flex 10,7,Tecnología,Teléfonos,Lumen
C0137,Javiera Díaz,2021-12-07,1120,Corporativo,13,Teléfono,Sur,Los Ríos,2024-07-14,ORD-2024-00565,2024-12-31,Primera Clase,Crítica,Enviado,216.86,Normal,49.81,Normal,22.97,Etiquetas Pro 7,4,Oficina,Etiquetas,Orion
C0137,Javiera Díaz,2021-12-07,1120,Corporativo,13,Teléfono,Sur,Los Ríos,2024-07-14,ORD-2024-00565,2024-12-31,Primera Clase,Baja,Enviado,4736.88,Normal,2189.64,Ganancia Atípica,46.23,Periféricos Nova 6,6,Tecnología,Periféricos,Patagonia
C0101,Ana Flores,2022-07-16,584,Consumidor,16,Web,Norte,Tarapacá,2024-05-21,ORD-2024-00566,2024-02-20,Estándar,Baja,Cancelado,735.48,Normal,246.76,Normal,33.55,Sobres Flex 6,1,Oficina,Sobres,Patagonia
C0101,Ana Flores,2022-07-16,584,Consumidor,16,Web,Norte,Tarapacá,2024-05-21,ORD-2024-00566,2024-02-20,Estándar,Media,Cancelado,4409.47,Normal,804.18,Normal,18.24,Almacenamiento Nova 2,8,Muebles,Almacenamiento,Patagonia
C0028,Benjamín Muñoz,2024-08-31,-78,Home Office,17,Web,Austral,Magallanes,2024-06-08,ORD-2024-00567,2024-06-14,Segunda Clase,Baja,Completado,683.72,Normal,333.51,Normal,48.78,Libreros Smart 6,2,Muebles,Libreros,Lumen
C0174,Nicolás Martínez,2021-11-09,955,Corporativo,18,Correo,Sur,Los Lagos,2024-12-26,ORD-2024-00568,2024-06-21,Segunda Clase,Media,Completado,4259.47,Normal,348.74,Normal,8.19,Accesorios Nova 6,7,Tecnología,Accesorios,Andes
C0174,Nicolás Martínez,2021-11-09,955,Corporativo,18,Correo,Sur,Los Lagos,2024-12-26,ORD-2024-00568,2024-06-21,Segunda Clase,Crítica,Completado,2745.12,Normal,860.08,Normal,31.33,Teléfonos Flex 8,4,Tecnología,Teléfonos,Patagonia
C0037,Carlos Espinoza,2024-03-31,-23,Consumidor,89,Web,Austral,Aysén,2024-10-08,ORD-2024-00569,2024-03-08,Primera Clase,Baja,Completado,2957.32,Normal,941.19,Normal,31.83,Papelería Eco 8,5,Oficina,Papelería,Patagonia
C0037,Carlos Espinoza,2024-03-31,-23,Consumidor,89,Web,Austral,Aysén,2024-10-08,ORD-2024-00569,2024-03-08,Primera Clase,Baja,Completado,52.62,Normal,14.31,Normal,27.19,Archivadores Smart 10,1,Oficina,Archivadores,Andes
C0043,Carlos Pérez,2021-08-25,824,Corporativo,80,Web,Austral,Magallanes,2024-11-01,ORD-2024-00570,2023-11-27,Estándar,Alta,Enviado,651.95,Normal,149.31,Normal,22.9,Libreros Plus 2,2,Muebles,Libreros,Vector
C0043,Carlos Pérez,2021-08-25,824,Corporativo,80,Web,Austral,Magallanes,2024-11-01,ORD-2024-00570,2023-11-27,Estándar,Alta,Enviado,396.6,Normal,121.41,Normal,30.61,Accesorios Plus 8,1,Tecnología,Accesorios,Andes
C0195,Sebastián Espinoza,2023-12-10,345,Corporativo,60,Web,Austral,Aysén,2024-08-01,ORD-2024-00571,2024-11-19,Primera Clase,Media,Completado,1259.04,Normal,431.73,Normal,34.29,Periféricos Flex 4,3,Tecnología,Periféricos,Orion
C0195,Sebastián Espinoza,2023-12-10,345,Corporativo,60,Web,Austral,Aysén,2024-08-01,ORD-2024-00571,2024-11-19,Primera Clase,Baja,Completado,788.33,Normal,359.52,Normal,45.61,Almacenamiento Nova 7,8,Muebles,Almacenamiento,Altura
C0195,Sebastián Espinoza,2023-12-10,345,Corporativo,60,Web,Austral,Aysén,2024-08-01,ORD-2024-00571,2024-11-19,Primera Clase,Baja,Completado,1334.85,Normal,599.56,Normal,44.92,Teléfonos Flex 10,3,Tecnología,Teléfonos,Lumen
C0161,Carlos Hernández,2024-09-19,-239,Consumidor,92,App,Sur,Los Lagos,2024-01-21,ORD-2024-00572,2024-01-24,Estándar,Alta,Completado,2117.74,Normal,1070.68,Normal,50.56,Accesorios Flex 1,5,Tecnología,Accesorios,Alerce
C0046,Fernanda Pérez,2022-06-21,564,Home Office,66,App,Sur,La Araucanía,2024-12-26,ORD-2024-00573,2024-01-06,Mismo Día,Media,Completado,1628.06,Normal,836.78,Normal,51.4,Periféricos Smart 1,7,Tecnología,Periféricos,Andes
C0165,Gabriel Silva,2022-10-26,445,Home Office,32,Web,Sur,Los Ríos,2024-10-13,ORD-2024-00574,2024-01-14,Mismo Día,Media,Enviado,621.96,Normal,-7.87,Normal,-1.27,Almacenamiento Flex 1,1,Muebles,Almacenamiento,Patagonia
C0124,Tomás González,2023-04-16,315,Home Office,38,Web,Sur,Los Ríos,2025-02-23,ORD-2024-00575,2024-02-25,Primera Clase,Alta,Completado,31.71,Normal,16.71,Normal,52.7,Archivadores Eco 9,3,Oficina,Archivadores,Orion
C0025,Jorge Martínez,2023-09-22,-139,Home Office,79,App,Centro,Valparaíso,2024-03-22,ORD-2024-00576,2023-05-06,Estándar,Media,Enviado,126.67,Normal,21.89,Normal,17.28,Etiquetas Nova 10,3,Oficina,Etiquetas,Orion
C0025,Jorge Martínez,2023-09-22,-139,Home Office,79,App,Centro,Valparaíso,2024-03-22,ORD-2024-00576,2023-05-06,Estándar,Media,Enviado,552.86,Normal,104.68,Normal,18.93,Libreros Pro 7,4,Muebles,Libreros,Nova
C0025,Jorge Martínez,2023-09-22,-139,Home Office,79,App,Centro,Valparaíso,2024-03-22,ORD-2024-00576,2023-05-06,Estándar,Media,Enviado,1021.49,Normal,214.97,Normal,21.04,Libreros Pro 8,2,Muebles,Libreros,Lumen
C0034,Camila Sepúlveda,2021-04-30,755,Consumidor,50,No Especificado,Norte,Tarapacá,2024-08-20,ORD-2024-00577,2023-05-25,Primera Clase,Media,Completado,754.68,Normal,307.24,Normal,40.71,Computadores Plus 1,1,Tecnología,Computadores,Andes
C0034,Camila Sepúlveda,2021-04-30,755,Consumidor,50,No Especificado,Norte,Tarapacá,2024-08-20,ORD-2024-00577,2023-05-25,Primera Clase,Alta,Completado,4159.11,Normal,800.39,Normal,19.24,Sillas Plus 8,7,Muebles,Sillas,Orion
C0034,Camila Sepúlveda,2021-04-30,755,Consumidor,50,No Especificado,Norte,Tarapacá,2024-08-20,ORD-2024-00577,2023-05-25,Primera Clase,Alta,Completado,4413.84,Normal,1520.8,Normal,34.46,Teléfonos Plus 1,8,Tecnología,Teléfonos,Lumen
C0200,Fernanda Pérez,2021-05-20,751,Corporativo,66,Correo,Centro,Metropolitana,2024-09-12,ORD-2024-00578,2023-06-10,Primera Clase,Alta,Completado,5368.88,Normal,2523.79,Ganancia Atípica,47.01,Computadores Nova 4,7,Tecnología,Computadores,Vector
C0175,María Fuentes,2023-02-03,523,Consumidor,81,App,Centro,Metropolitana,2024-07-22,ORD-2024-00579,2024-07-10,Estándar,Alta,Cancelado,5514.77,Normal,2290.29,Ganancia Atípica,41.53,Libreros Plus 1,7,Muebles,Libreros,Altura
C0149,Sebastián Soto,2021-09-28,985,Consumidor,77,Teléfono,Centro,Maule,2024-08-01,ORD-2024-00580,2024-06-09,Estándar,Media,Completado,306.07,Normal,58.25,Normal,19.03,Archivadores Pro 4,2,Oficina,Archivadores,Alerce
C0149,Sebastián Soto,2021-09-28,985,Consumidor,77,Teléfono,Centro,Maule,2024-08-01,ORD-2024-00580,2024-06-09,Estándar,Media,Completado,329.16,Normal,111.62,Normal,33.91,Etiquetas Pro 7,5,Oficina,Etiquetas,Orion
C0239,Martina Torres,2023-11-30,291,Corporativo,20,Teléfono,Norte,Tarapacá,2024-05-03,ORD-2024-00581,2024-09-16,Primera Clase,Media,Completado,626.26,Normal,210.68,Normal,33.64,Papelería Eco 8,1,Oficina,Papelería,Patagonia
C0239,Martina Torres,2023-11-30,291,Corporativo,20,Teléfono,Norte,Tarapacá,2024-05-03,ORD-2024-00581,2024-09-16,Primera Clase,Alta,Completado,226.18,Normal,112.41,Normal,49.7,Computadores Flex 7,6,Tecnología,Computadores,Alerce
C0239,Martina Torres,2023-11-30,291,Corporativo,20,Teléfono,Norte,Tarapacá,2024-05-03,ORD-2024-00581,2024-09-16,Primera Clase,Media,Completado,688.44,Normal,317.76,Normal,46.16,Almacenamiento Eco 6,6,Muebles,Almacenamiento,Patagonia
C0073,Sebastián Fuentes,2024-01-17,444,Corporativo,63,Correo,Austral,Aysén,2024-02-02,ORD-2024-00582,2025-04-05,Estándar,Media,Completado,1140.84,Normal,597.03,Normal,52.33,Almacenamiento Eco 8,4,Muebles,Almacenamiento,Andes
C0253,Jorge Torres,2023-01-10,212,Consumidor,69,Teléfono,Centro,Maule,2024-10-09,ORD-2024-00583,2023-08-10,Estándar,Crítica,Devuelto,1249.74,Normal,666.8,Normal,53.36,Archivadores Flex 3,2,Oficina,Archivadores,Vector
C0168,Gabriel Araya,2023-07-28,190,Corporativo,17,Web,Centro,O'Higgins,2024-06-04,ORD-2024-00584,2024-02-03,Mismo Día,Baja,Completado,28.67,Normal,10.72,Normal,37.39,Accesorios Smart 2,3,Tecnología,Accesorios,Vector
C0055,Pedro Espinoza,2021-03-20,994,Corporativo,86,Web,Norte,Coquimbo,2024-12-14,ORD-2024-00585,2023-12-09,Estándar,Alta,Enviado,3945.76,Normal,860.43,Normal,21.81,Sillas Smart 3,8,Muebles,Sillas,Altura
C0055,Pedro Espinoza,2021-03-20,994,Corporativo,86,Web,Norte,Coquimbo,2024-12-14,ORD-2024-00585,2023-12-09,Estándar,Media,Enviado,359.31,Normal,107.4,Normal,29.89,Etiquetas Eco 6,2,Oficina,Etiquetas,Vector
C0055,Pedro Espinoza,2021-03-20,994,Corporativo,86,Web,Norte,Coquimbo,2024-12-14,ORD-2024-00585,2023-12-09,Estándar,Baja,Enviado,483.89,Normal,144.67,Normal,29.9,Mesas Smart 1,6,Muebles,Mesas,Orion
C0055,Pedro Espinoza,2021-03-20,994,Corporativo,86,Web,Norte,Coquimbo,2024-12-14,ORD-2024-00585,2023-12-09,Estándar,Alta,Enviado,3390.4,Normal,905.05,Normal,26.69,Accesorios Nova 10,5,Tecnología,Accesorios,Andes
C0056,Matías Morales,2024-05-26,41,Corporativo,59,Web,Centro,Metropolitana,2025-01-02,ORD-2024-00586,2024-07-06,Primera Clase,Media,Completado,275.38,Normal,98.44,Normal,35.75,Almacenamiento Eco 6,3,Muebles,Almacenamiento,Patagonia
C0111,Carlos Flores,2024-08-19,25,Consumidor,44,App,Sur,Biobío,2024-11-02,ORD-2024-00587,2024-09-13,Mismo Día,Baja,Completado,5099.85,Normal,1963.01,Normal,38.49,Sillas Plus 4,7,Muebles,Sillas,Orion
C0111,Carlos Flores,2024-08-19,25,Consumidor,44,App,Sur,Biobío,2024-11-02,ORD-2024-00587,2024-09-13,Mismo Día,Crítica,Completado,3796.95,Normal,1360.35,Normal,35.83,Papelería Plus 10,5,Oficina,Papelería,Orion
C0111,Carlos Flores,2024-08-19,25,Consumidor,44,App,Sur,Biobío,2024-11-02,ORD-2024-00587,2024-09-13,Mismo Día,Alta,Completado,600.52,Normal,198.47,Normal,33.05,Archivadores Pro 6,1,Oficina,Archivadores,Patagonia
C0122,Daniela Muñoz,2022-07-01,688,Consumidor,46,App,Centro,O'Higgins,2024-10-22,ORD-2024-00588,2024-05-19,Estándar,Baja,Completado,579.11,Normal,239.96,Normal,41.44,Mesas Plus 5,1,Muebles,Mesas,Vector
C0122,Daniela Muñoz,2022-07-01,688,Consumidor,46,App,Centro,O'Higgins,2024-10-22,ORD-2024-00588,2024-05-19,Estándar,Baja,Completado,587.42,Normal,155.83,Normal,26.53,Libreros Pro 7,4,Muebles,Libreros,Nova
C0014,Isidora Flores,2024-08-05,-187,Corporativo,24,Teléfono,Norte,Antofagasta,2024-05-13,ORD-2024-00589,2024-01-31,Segunda Clase,Alta,Completado,38.05,Normal,17.38,Normal,45.68,Archivadores Eco 9,4,Oficina,Archivadores,Orion
C0014,Isidora Flores,2024-08-05,-187,Corporativo,24,Teléfono,Norte,Antofagasta,2024-05-13,ORD-2024-00589,2024-01-31,Segunda Clase,Baja,Completado,2191.63,Normal,1186.57,Normal,54.14,Accesorios Nova 7,7,Tecnología,Accesorios,Alerce
C0249,Ignacio Sepúlveda,2023-10-03,366,Home Office,25,App,Norte,Coquimbo,2024-11-30,ORD-2024-00590,2024-10-03,Segunda Clase,Baja,Enviado,2872.93,Normal,765.46,Normal,26.64,Libreros Pro 8,5,Muebles,Libreros,Lumen
C0249,Ignacio Sepúlveda,2023-10-03,366,Home Office,25,App,Norte,Coquimbo,2024-11-30,ORD-2024-00590,2024-10-03,Segunda Clase,Baja,Enviado,2514.6,Normal,407.9,Normal,16.22,Teléfonos Plus 5,4,Tecnología,Teléfonos,Nova
C0271,Andrés Muñoz,2022-07-31,612,Consumidor,86,Correo,Centro,O'Higgins,2024-01-09,ORD-2024-00591,2024-04-03,Segunda Clase,Baja,Completado,1571.24,Normal,595.26,Normal,37.88,Computadores Pro 8,4,Tecnología,Computadores,Lumen
C0028,Benjamín Muñoz,2024-08-31,-504,Home Office,17,Web,Austral,Magallanes,2024-06-08,ORD-2024-00592,2023-04-15,Estándar,Media,Completado,314.57,Normal,77.48,Normal,24.63,Almacenamiento Eco 3,2,Muebles,Almacenamiento,Orion
C0028,Benjamín Muñoz,2024-08-31,-504,Home Office,17,Web,Austral,Magallanes,2024-06-08,ORD-2024-00592,2023-04-15,Estándar,Media,Completado,494.39,Normal,15.62,Normal,3.16,Sobres Plus 10,1,Oficina,Sobres,Altura
C0028,Benjamín Muñoz,2024-08-31,-504,Home Office,17,Web,Austral,Magallanes,2024-06-08,ORD-2024-00592,2023-04-15,Estándar,Alta,Completado,2767.24,Normal,21.07,Normal,0.76,Mesas Nova 2,7,Muebles,Mesas,Lumen
C0283,Josefa Díaz,2021-02-08,1349,Consumidor,50,Correo,Austral,Magallanes,2024-12-18,ORD-2024-00593,2024-10-19,Mismo Día,Media,Enviado,2522.06,Normal,110.13,Normal,4.37,Teléfonos Eco 9,6,Tecnología,Teléfonos,Andes
C0283,Josefa Díaz,2021-02-08,1349,Consumidor,50,Correo,Austral,Magallanes,2024-12-18,ORD-2024-00593,2024-10-19,Mismo Día,Alta,Enviado,1268.28,Normal,484.0,Normal,38.16,Sillas Smart 3,2,Muebles,Sillas,Altura
C0283,Josefa Díaz,2021-02-08,1349,Consumidor,50,Correo,Austral,Magallanes,2024-12-18,ORD-2024-00593,2024-10-19,Mismo Día,Baja,Enviado,699.04,Normal,218.88,Normal,31.31,Almacenamiento Eco 3,4,Muebles,Almacenamiento,Orion
C0095,Martina Torres,2021-02-05,1494,Corporativo,47,Web,Sur,Biobío,2024-12-10,ORD-2024-00594,2025-03-10,Segunda Clase,Baja,Completado,395.32,Normal,12.79,Normal,3.24,Mesas Nova 2,1,Muebles,Mesas,Lumen
C0095,Martina Torres,2021-02-05,1494,Corporativo,47,Web,Sur,Biobío,2024-12-10,ORD-2024-00594,2025-03-10,Segunda Clase,Baja,Completado,5511.84,Normal,2087.04,Ganancia Atípica,37.86,Almacenamiento Nova 2,8,Muebles,Almacenamiento,Patagonia
C0095,Martina Torres,2021-02-05,1494,Corporativo,47,Web,Sur,Biobío,2024-12-10,ORD-2024-00594,2025-03-10,Segunda Clase,Media,Completado,966.56,Normal,339.92,Normal,35.17,Mesas Smart 9,7,Muebles,Mesas,Andes
C0095,Martina Torres,2021-02-05,1494,Corporativo,47,Web,Sur,Biobío,2024-12-10,ORD-2024-00594,2025-03-10,Segunda Clase,Media,Completado,2543.36,Normal,950.31,Normal,37.36,Archivadores Pro 6,4,Oficina,Archivadores,Patagonia
C0267,Carlos Martínez,2022-05-23,844,Corporativo,22,App,Sur,Los Ríos,2024-05-23,ORD-2024-00595,2024-09-13,Segunda Clase,Crítica,Completado,2454.75,Normal,492.05,Normal,20.04,Etiquetas Flex 8,5,Oficina,Etiquetas,Patagonia
C0061,Diego Sepúlveda,2023-05-31,-5,Consumidor,69,Teléfono,Norte,Tarapacá,2024-09-19,ORD-2024-00596,2023-05-26,Estándar,Alta,Completado,2964.9,Normal,698.7,Normal,23.57,Mesas Nova 2,6,Muebles,Mesas,Lumen
C0061,Diego Sepúlveda,2023-05-31,-5,Consumidor,69,Teléfono,Norte,Tarapacá,2024-09-19,ORD-2024-00596,2023-05-26,Estándar,Baja,Completado,1895.49,Normal,741.5,Normal,39.12,Teléfonos Flex 2,7,Tecnología,Teléfonos,Vector
C0111,Carlos Flores,2024-08-19,-581,Consumidor,44,App,Sur,Biobío,2024-11-02,ORD-2024-00597,2023-01-16,Segunda Clase,Baja,Completado,3086.52,Normal,626.84,Normal,20.31,Etiquetas Nova 4,6,Oficina,Etiquetas,Altura
C0111,Carlos Flores,2024-08-19,-581,Consumidor,44,App,Sur,Biobío,2024-11-02,ORD-2024-00597,2023-01-16,Segunda Clase,Media,Completado,3180.06,Normal,424.46,Normal,13.35,Periféricos Nova 3,4,Tecnología,Periféricos,Altura
C0124,Tomás González,2023-04-16,496,Home Office,38,Web,Sur,Los Ríos,2025-02-23,ORD-2024-00598,2024-08-24,Primera Clase,Media,Enviado,60.32,Normal,25.38,Normal,42.08,Etiquetas Nova 10,1,Oficina,Etiquetas,Orion
C0001,Fernanda Díaz,2023-02-18,-42,Consumidor,55,Web,Norte,Tarapacá,2024-01-08,ORD-2024-00599,2023-01-07,Mismo Día,Baja,Completado,634.56,Normal,83.93,Normal,13.23,Accesorios Plus 8,2,Tecnología,Accesorios,Andes
C0042,Pedro Hernández,2022-09-12,795,Home Office,95,Web,Centro,Metropolitana,2024-12-14,ORD-2024-00600,2024-11-15,Estándar,Baja,Completado,260.21,Normal,53.11,Normal,20.41,Sillas Smart 9,1,Muebles,Sillas,Orion
C0165,Gabriel Silva,2022-10-26,122,Home Office,32,Web,Sur,Los Ríos,2024-10-13,ORD-2024-00601,2023-02-25,Segunda Clase,Alta,Enviado,370.23,Normal,120.26,Normal,32.48,Papelería Pro 3,7,Oficina,Papelería,Altura
C0165,Gabriel Silva,2022-10-26,122,Home Office,32,Web,Sur,Los Ríos,2024-10-13,ORD-2024-00601,2023-02-25,Segunda Clase,Crítica,Enviado,1265.04,Normal,294.81,Normal,23.3,Computadores Eco 9,5,Tecnología,Computadores,Patagonia
C0165,Gabriel Silva,2022-10-26,122,Home Office,32,Web,Sur,Los Ríos,2024-10-13,ORD-2024-00601,2023-02-25,Segunda Clase,Baja,Enviado,3713.83,Normal,1128.51,Normal,30.39,Mesas Smart 7,8,Muebles,Mesas,Patagonia
C0165,Gabriel Silva,2022-10-26,122,Home Office,32,Web,Sur,Los Ríos,2024-10-13,ORD-2024-00601,2023-02-25,Segunda Clase,Crítica,Enviado,4930.56,Normal,2459.12,Ganancia Atípica,49.88,Archivadores Nova 2,8,Oficina,Archivadores,Alerce
C0067,Pedro Araya,2021-04-13,1238,Corporativo,25,App,Norte,Antofagasta,2024-07-21,ORD-2024-00602,2024-09-02,Mismo Día,Baja,Enviado,4341.68,Normal,1907.85,Normal,43.94,Sobres Plus 9,7,Oficina,Sobres,Andes
C0067,Pedro Araya,2021-04-13,1238,Corporativo,25,App,Norte,Antofagasta,2024-07-21,ORD-2024-00602,2024-09-02,Mismo Día,Alta,Enviado,52.85,Normal,27.85,Normal,52.7,Archivadores Eco 9,5,Oficina,Archivadores,Orion
C0067,Pedro Araya,2021-04-13,1238,Corporativo,25,App,Norte,Antofagasta,2024-07-21,ORD-2024-00602,2024-09-02,Mismo Día,Media,Enviado,3278.56,Normal,1466.01,Normal,44.72,Accesorios Flex 9,4,Tecnología,Accesorios,Patagonia
C0067,Pedro Araya,2021-04-13,1238,Corporativo,25,App,Norte,Antofagasta,2024-07-21,ORD-2024-00602,2024-09-02,Mismo Día,Media,Enviado,863.12,Normal,364.6,Normal,42.24,Teléfonos Flex 2,3,Tecnología,Teléfonos,Vector
C0104,Felipe Rojas,2024-07-13,-206,Home Office,29,Web,Norte,Coquimbo,2024-01-17,ORD-2024-00603,2023-12-20,Segunda Clase,Baja,Completado,1480.74,Normal,429.6,Normal,29.01,Papelería Flex 7,2,Oficina,Papelería,Andes
C0104,Felipe Rojas,2024-07-13,-206,Home Office,29,Web,Norte,Coquimbo,2024-01-17,ORD-2024-00603,2023-12-20,Segunda Clase,Media,Completado,549.33,Normal,122.53,Normal,22.31,Sillas Smart 9,2,Muebles,Sillas,Orion
C0263,Catalina Sepúlveda,2022-05-17,914,Corporativo,48,Correo,Centro,Metropolitana,2025-03-20,ORD-2024-00604,2024-11-16,Primera Clase,Alta,Completado,2138.39,Normal,215.79,Normal,10.09,Computadores Plus 5,4,Tecnología,Computadores,Orion
C0158,Catalina Díaz,2024-06-14,-260,Corporativo,45,Correo,Centro,Metropolitana,2024-01-27,ORD-2024-00605,2023-09-28,Primera Clase,Baja,Enviado,3243.62,Normal,1145.22,Normal,35.31,Sobres Flex 1,7,Oficina,Sobres,Lumen
C0158,Catalina Díaz,2024-06-14,-260,Corporativo,45,Correo,Centro,Metropolitana,2024-01-27,ORD-2024-00605,2023-09-28,Primera Clase,Media,Enviado,2711.93,Normal,443.97,Normal,16.37,Mesas Flex 6,5,Muebles,Mesas,Orion
C0232,Catalina López,2022-06-04,420,Corporativo,55,Web,Austral,Aysén,2024-05-20,ORD-2024-00606,2023-07-29,Estándar,Baja,Completado,4218.0,Normal,1943.44,Normal,46.07,Archivadores Plus 5,8,Oficina,Archivadores,Altura
C0232,Catalina López,2022-06-04,420,Corporativo,55,Web,Austral,Aysén,2024-05-20,ORD-2024-00606,2023-07-29,Estándar,Media,Completado,30.18,Normal,12.42,Normal,41.15,Accesorios Smart 2,3,Tecnología,Accesorios,Vector
C0232,Catalina López,2022-06-04,420,Corporativo,55,Web,Austral,Aysén,2024-05-20,ORD-2024-00606,2023-07-29,Estándar,Crítica,Completado,281.05,Normal,136.93,Normal,48.72,Teléfonos Pro 4,4,Tecnología,Teléfonos,Alerce
C0232,Catalina López,2022-06-04,420,Corporativo,55,Web,Austral,Aysén,2024-05-20,ORD-2024-00606,2023-07-29,Estándar,Crítica,Completado,1811.12,Normal,438.35,Normal,24.2,Computadores Pro 2,6,Tecnología,Computadores,Altura
C0120,Fernanda Díaz,2023-11-20,453,Corporativo,94,Web,Centro,Valparaíso,2024-04-29,ORD-2024-00607,2025-02-15,Segunda Clase,Media,Completado,3680.11,Normal,1025.77,Normal,27.87,Libreros Eco 10,6,Muebles,Libreros,Andes
C0120,Fernanda Díaz,2023-11-20,453,Corporativo,94,Web,Centro,Valparaíso,2024-04-29,ORD-2024-00607,2025-02-15,Segunda Clase,Crítica,Completado,3300.08,Normal,1214.08,Normal,36.79,Almacenamiento Smart 4,8,Muebles,Almacenamiento,Lumen
C0207,Paula Fuentes,2024-10-22,37,Corporativo,90,Web,Norte,Tarapacá,2025-01-10,ORD-2024-00608,2024-11-28,Mismo Día,Baja,Completado,1628.06,Normal,836.78,Normal,51.4,Periféricos Smart 1,7,Tecnología,Periféricos,Andes
C0207,Paula Fuentes,2024-10-22,37,Corporativo,90,Web,Norte,Tarapacá,2025-01-10,ORD-2024-00608,2024-11-28,Mismo Día,Baja,Completado,558.26,Normal,35.23,Normal,6.31,Sillas Plus 7,1,Muebles,Sillas,Andes
C0207,Paula Fuentes,2024-10-22,37,Corporativo,90,Web,Norte,Tarapacá,2025-01-10,ORD-2024-00608,2024-11-28,Mismo Día,Alta,Completado,2232.03,Normal,609.06,Normal,27.29,Papelería Smart 5,3,Oficina,Papelería,Alerce
C0207,Paula Fuentes,2024-10-22,37,Corporativo,90,Web,Norte,Tarapacá,2025-01-10,ORD-2024-00608,2024-11-28,Mismo Día,Alta,Completado,1670.43,Normal,540.3,Normal,32.34,Sillas Flex 2,3,Muebles,Sillas,Vector
C0008,Jorge Muñoz,2023-04-02,704,Corporativo,18,Teléfono,Centro,Maule,2024-09-20,ORD-2024-00609,2025-03-06,Estándar,Media,Completado,1482.45,Normal,349.35,Normal,23.57,Mesas Nova 2,3,Muebles,Mesas,Lumen
C0008,Jorge Muñoz,2023-04-02,704,Corporativo,18,Teléfono,Centro,Maule,2024-09-20,ORD-2024-00609,2025-03-06,Estándar,Crítica,Completado,1729.1,Normal,229.61,Normal,13.28,Accesorios Nova 10,3,Tecnología,Accesorios,Andes
C0008,Jorge Muñoz,2023-04-02,704,Corporativo,18,Teléfono,Centro,Maule,2024-09-20,ORD-2024-00609,2025-03-06,Estándar,Alta,Completado,240.34,Normal,34.17,Normal,14.22,Archivadores Smart 7,1,Oficina,Archivadores,Altura
C0280,Constanza González,2022-11-10,68,Corporativo,63,Web,Sur,La Araucanía,2024-06-18,ORD-2024-00610,2023-01-17,Estándar,Alta,Enviado,4687.26,Normal,898.8,Normal,19.18,Papelería Smart 5,7,Oficina,Papelería,Alerce
C0280,Constanza González,2022-11-10,68,Corporativo,63,Web,Sur,La Araucanía,2024-06-18,ORD-2024-00610,2023-01-17,Estándar,Alta,Enviado,142.8,Normal,33.25,Normal,23.28,Papelería Pro 3,3,Oficina,Papelería,Altura
C0263,Catalina Sepúlveda,2022-05-17,795,Corporativo,48,Correo,Centro,Metropolitana,2025-03-20,ORD-2024-00611,2024-07-20,Mismo Día,Media,Completado,423.64,Normal,60.79,Normal,14.35,Etiquetas Nova 4,1,Oficina,Etiquetas,Altura
C0263,Catalina Sepúlveda,2022-05-17,795,Corporativo,48,Correo,Centro,Metropolitana,2025-03-20,ORD-2024-00611,2024-07-20,Mismo Día,Media,Completado,1139.64,Normal,369.76,Normal,32.45,Periféricos Smart 1,7,Tecnología,Periféricos,Andes
C0263,Catalina Sepúlveda,2022-05-17,795,Corporativo,48,Correo,Centro,Metropolitana,2025-03-20,ORD-2024-00611,2024-07-20,Mismo Día,Crítica,Completado,2300.07,Normal,886.26,Normal,38.53,Libreros Eco 10,3,Muebles,Libreros,Andes
C0263,Catalina Sepúlveda,2022-05-17,795,Corporativo,48,Correo,Centro,Metropolitana,2025-03-20,ORD-2024-00611,2024-07-20,Mismo Día,Baja,Completado,6140.4,Normal,3194.73,Ganancia Atípica,52.03,Periféricos Nova 6,7,Tecnología,Periféricos,Patagonia
C0237,Camila Sepúlveda,2021-04-08,1139,Corporativo,44,Teléfono,Norte,Tarapacá,2024-02-24,ORD-2024-00612,2024-05-21,Segunda Clase,Media,Completado,3430.32,Normal,1727.84,Normal,50.37,Libreros Pro 5,8,Muebles,Libreros,Nova
C0237,Camila Sepúlveda,2021-04-08,1139,Corporativo,44,Teléfono,Norte,Tarapacá,2024-02-24,ORD-2024-00612,2024-05-21,Segunda Clase,Baja,Completado,432.66,Normal,-6.28,Normal,-1.45,Sillas Eco 1,4,Muebles,Sillas,Vector
C0237,Camila Sepúlveda,2021-04-08,1139,Corporativo,44,Teléfono,Norte,Tarapacá,2024-02-24,ORD-2024-00612,2024-05-21,Segunda Clase,Media,Completado,2572.14,Normal,934.44,Normal,36.33,Etiquetas Pro 2,6,Oficina,Etiquetas,Vector
C0237,Camila Sepúlveda,2021-04-08,1139,Corporativo,44,Teléfono,Norte,Tarapacá,2024-02-24,ORD-2024-00612,2024-05-21,Segunda Clase,Alta,Completado,2365.86,Normal,749.29,Normal,31.67,Papelería Eco 8,4,Oficina,Papelería,Patagonia
C0016,Diego Araya,2022-02-12,1002,Home Office,57,App,Sur,Biobío,2025-01-20,ORD-2024-00613,2024-11-10,Primera Clase,Media,Completado,174.76,Normal,54.72,Normal,31.31,Almacenamiento Eco 3,1,Muebles,Almacenamiento,Orion
C0016,Diego Araya,2022-02-12,1002,Home Office,57,App,Sur,Biobío,2025-01-20,ORD-2024-00613,2024-11-10,Primera Clase,Alta,Completado,2236.86,Normal,918.77,Normal,41.07,Periféricos Nova 6,3,Tecnología,Periféricos,Patagonia
C0016,Diego Araya,2022-02-12,1002,Home Office,57,App,Sur,Biobío,2025-01-20,ORD-2024-00613,2024-11-10,Primera Clase,Crítica,Completado,2120.04,Normal,50.93,Normal,2.4,Periféricos Nova 3,3,Tecnología,Periféricos,Altura
C0016,Diego Araya,2022-02-12,1002,Home Office,57,App,Sur,Biobío,2025-01-20,ORD-2024-00613,2024-11-10,Primera Clase,Alta,Completado,1217.22,Normal,54.72,Normal,4.5,Computadores Plus 6,3,Tecnología,Computadores,Lumen
C0096,Martina Silva,2024-09-21,24,Corporativo,70,Teléfono,Austral,Aysén,2024-10-05,ORD-2024-00614,2024-10-15,Primera Clase,Baja,Completado,294.31,Normal,124.18,Normal,42.19,Etiquetas Pro 7,4,Oficina,Etiquetas,Orion
C0096,Martina Silva,2024-09-21,24,Corporativo,70,Teléfono,Austral,Aysén,2024-10-05,ORD-2024-00614,2024-10-15,Primera Clase,Alta,Completado,5099.85,Normal,1963.01,Normal,38.49,Sillas Plus 4,7,Muebles,Sillas,Orion
C0096,Martina Silva,2024-09-21,24,Corporativo,70,Teléfono,Austral,Aysén,2024-10-05,ORD-2024-00614,2024-10-15,Primera Clase,Alta,Completado,3390.87,Normal,1160.88,Normal,34.24,Computadores Nova 4,6,Tecnología,Computadores,Vector
C0096,Martina Silva,2024-09-21,24,Corporativo,70,Teléfono,Austral,Aysén,2024-10-05,ORD-2024-00614,2024-10-15,Primera Clase,Media,Completado,724.89,Normal,335.37,Normal,46.26,Sillas Nova 10,3,Muebles,Sillas,Lumen
C0114,Daniela Rojas,2021-03-23,1000,Home Office,51,Correo,Austral,Aysén,2024-01-23,ORD-2024-00615,2023-12-18,Estándar,Crítica,Completado,4099.43,Normal,1141.56,Normal,27.85,Almacenamiento Nova 2,7,Muebles,Almacenamiento,Patagonia
C0266,Javiera Rodríguez,2024-02-25,-151,Home Office,50,Web,Norte,Antofagasta,2024-02-08,ORD-2024-00616,2023-09-27,Estándar,Media,Completado,1922.69,Normal,223.01,Normal,11.6,Archivadores Smart 7,8,Oficina,Archivadores,Altura
C0266,Javiera Rodríguez,2024-02-25,-151,Home Office,50,Web,Norte,Antofagasta,2024-02-08,ORD-2024-00616,2023-09-27,Estándar,Baja,Completado,1605.02,Normal,753.88,Normal,46.97,Accesorios Flex 1,4,Tecnología,Accesorios,Alerce
C0266,Javiera Rodríguez,2024-02-25,-151,Home Office,50,Web,Norte,Antofagasta,2024-02-08,ORD-2024-00616,2023-09-27,Estándar,Crítica,Completado,1218.02,Normal,465.7,Normal,38.23,Sobres Smart 3,2,Oficina,Sobres,Patagonia
C0085,Ana Sepúlveda,2024-10-19,-609,Home Office,60,No Especificado,Sur,Los Ríos,2025-03-23,ORD-2024-00617,2023-02-18,Segunda Clase,Baja,Completado,1929.34,Normal,919.26,Normal,47.65,Teléfonos Flex 2,6,Tecnología,Teléfonos,Vector
C0167,Antonia Espinoza,2023-07-15,105,Consumidor,88,App,Centro,Metropolitana,2025-03-21,ORD-2024-00618,2023-10-28,Segunda Clase,Baja,Completado,2233.06,Normal,155.37,Normal,6.96,Sillas Plus 7,4,Muebles,Sillas,Andes
C0167,Antonia Espinoza,2023-07-15,105,Consumidor,88,App,Centro,Metropolitana,2025-03-21,ORD-2024-00618,2023-10-28,Segunda Clase,Baja,Completado,1139.64,Normal,279.68,Normal,24.54,Periféricos Smart 1,7,Tecnología,Periféricos,Andes
C0009,Isidora Morales,2024-09-04,23,Consumidor,60,Correo,Centro,O'Higgins,2024-02-14,ORD-2024-00619,2024-09-27,Estándar,Baja,Completado,5350.02,Normal,2045.16,Ganancia Atípica,38.23,Accesorios Flex 5,6,Tecnología,Accesorios,Vector
C0269,Javiera Soto,2023-11-21,160,Corporativo,73,Correo,Sur,Los Ríos,2024-01-17,ORD-2024-00620,2024-04-29,Estándar,Media,Enviado,869.89,Normal,222.38,Normal,25.56,Teléfonos Plus 7,4,Tecnología,Teléfonos,Alerce
C0269,Javiera Soto,2023-11-21,160,Corporativo,73,Correo,Sur,Los Ríos,2024-01-17,ORD-2024-00620,2024-04-29,Estándar,Alta,Enviado,3390.1,Normal,796.06,Normal,23.48,Sobres Plus 10,6,Oficina,Sobres,Altura
C0269,Javiera Soto,2023-11-21,160,Corporativo,73,Correo,Sur,Los Ríos,2024-01-17,ORD-2024-00620,2024-04-29,Estándar,Alta,Enviado,2522.81,Normal,409.06,Normal,16.21,Sobres Flex 1,7,Oficina,Sobres,Lumen
C0153,Matías Martínez,2023-02-20,121,Home Office,23,No Especificado,Centro,Metropolitana,2024-06-18,ORD-2024-00621,2023-06-21,Primera Clase,Alta,Completado,3680.11,Normal,681.54,Normal,18.52,Libreros Eco 10,6,Muebles,Libreros,Andes
C0153,Matías Martínez,2023-02-20,121,Home Office,23,No Especificado,Centro,Metropolitana,2024-06-18,ORD-2024-00621,2023-06-21,Primera Clase,Alta,Completado,2893.55,Normal,965.2,Normal,33.36,Etiquetas Eco 1,5,Oficina,Etiquetas,Nova
C0153,Matías Martínez,2023-02-20,121,Home Office,23,No Especificado,Centro,Metropolitana,2024-06-18,ORD-2024-00621,2023-06-21,Primera Clase,Crítica,Completado,97.74,Normal,25.94,Normal,26.54,Almacenamiento Nova 9,2,Muebles,Almacenamiento,Alerce
C0171,Daniela Araya,2023-06-01,-125,Home Office,99,Web,Norte,Coquimbo,2025-01-17,ORD-2024-00622,2023-01-27,Estándar,Media,Completado,2289.05,Normal,548.41,Normal,23.96,Etiquetas Nova 3,5,Oficina,Etiquetas,Alerce
C0171,Daniela Araya,2023-06-01,-125,Home Office,99,Web,Norte,Coquimbo,2025-01-17,ORD-2024-00622,2023-01-27,Estándar,Baja,Completado,2712.32,Normal,724.04,Normal,26.69,Accesorios Nova 10,4,Tecnología,Accesorios,Andes
C0167,Antonia Espinoza,2023-07-15,129,Consumidor,88,App,Centro,Metropolitana,2025-03-21,ORD-2024-00623,2023-11-21,Estándar,Alta,Completado,4136.02,Normal,2256.94,Ganancia Atípica,54.57,Papelería Eco 2,7,Oficina,Papelería,Orion
C0167,Antonia Espinoza,2023-07-15,129,Consumidor,88,App,Centro,Metropolitana,2025-03-21,ORD-2024-00623,2023-11-21,Estándar,Crítica,Completado,948.44,Normal,14.72,Normal,1.55,Periféricos Nova 9,5,Tecnología,Periféricos,Vector
C0074,Constanza Fuentes,2024-04-11,45,Corporativo,83,Web,Sur,La Araucanía,2024-01-31,ORD-2024-00624,2024-05-26,Mismo Día,Baja,Cancelado,2499.48,Normal,1129.69,Normal,45.2,Archivadores Flex 3,5,Oficina,Archivadores,Vector
C0074,Constanza Fuentes,2024-04-11,45,Corporativo,83,Web,Sur,La Araucanía,2024-01-31,ORD-2024-00624,2024-05-26,Mismo Día,Alta,Cancelado,1535.1,Normal,554.82,Normal,36.14,Teléfonos Plus 7,6,Tecnología,Teléfonos,Alerce
C0074,Constanza Fuentes,2024-04-11,45,Corporativo,83,Web,Sur,La Araucanía,2024-01-31,ORD-2024-00624,2024-05-26,Mismo Día,Media,Cancelado,75.39,Normal,37.51,Normal,49.75,Computadores Flex 7,2,Tecnología,Computadores,Alerce
C0074,Constanza Fuentes,2024-04-11,45,Corporativo,83,Web,Sur,La Araucanía,2024-01-31,ORD-2024-00624,2024-05-26,Mismo Día,Baja,Cancelado,1030.58,Normal,326.18,Normal,31.65,Archivadores Flex 1,2,Oficina,Archivadores,Alerce
C0065,Benjamín Rojas,2023-04-29,86,Corporativo,99,App,Sur,Los Ríos,2025-02-17,ORD-2024-00625,2023-07-24,Estándar,Crítica,Completado,527.25,Normal,242.93,Normal,46.07,Archivadores Plus 5,1,Oficina,Archivadores,Altura
C0065,Benjamín Rojas,2023-04-29,86,Corporativo,99,App,Sur,Los Ríos,2025-02-17,ORD-2024-00625,2023-07-24,Estándar,Crítica,Completado,3357.44,Normal,1151.28,Normal,34.29,Periféricos Flex 4,8,Tecnología,Periféricos,Orion
C0065,Benjamín Rojas,2023-04-29,86,Corporativo,99,App,Sur,Los Ríos,2025-02-17,ORD-2024-00625,2023-07-24,Estándar,Crítica,Completado,534.9,Normal,143.26,Normal,26.78,Sillas Eco 5,1,Muebles,Sillas,Lumen
C0065,Benjamín Rojas,2023-04-29,86,Corporativo,99,App,Sur,Los Ríos,2025-02-17,ORD-2024-00625,2023-07-24,Estándar,Media,Completado,241.88,Normal,37.21,Normal,15.38,Libreros Pro 7,2,Muebles,Libreros,Nova
C0180,Jorge Fuentes,2024-06-27,-52,Home Office,87,Web,Sur,Los Ríos,2024-07-02,ORD-2024-00626,2024-05-06,Primera Clase,Baja,Completado,867.36,Normal,231.51,Normal,26.69,Sillas Smart 9,3,Muebles,Sillas,Orion
C0180,Jorge Fuentes,2024-06-27,-52,Home Office,87,Web,Sur,Los Ríos,2024-07-02,ORD-2024-00626,2024-05-06,Primera Clase,Media,Completado,2303.04,Normal,812.44,Normal,35.28,Libreros Smart 6,8,Muebles,Libreros,Lumen
C0053,Nicolás Contreras,2022-11-04,459,Corporativo,18,Teléfono,Norte,Tarapacá,2024-06-16,ORD-2024-00627,2024-02-06,Mismo Día,Media,Completado,1110.72,Normal,284.84,Normal,25.64,Computadores Pro 3,2,Tecnología,Computadores,Patagonia
C0053,Nicolás Contreras,2022-11-04,459,Corporativo,18,Teléfono,Norte,Tarapacá,2024-06-16,ORD-2024-00627,2024-02-06,Mismo Día,Baja,Completado,2063.24,Normal,761.56,Normal,36.91,Mesas Smart 7,4,Muebles,Mesas,Patagonia
C0053,Nicolás Contreras,2022-11-04,459,Corporativo,18,Teléfono,Norte,Tarapacá,2024-06-16,ORD-2024-00627,2024-02-06,Mismo Día,Media,Completado,1670.43,Normal,540.3,Normal,32.34,Sillas Flex 2,3,Muebles,Sillas,Vector
C0053,Nicolás Contreras,2022-11-04,459,Corporativo,18,Teléfono,Norte,Tarapacá,2024-06-16,ORD-2024-00627,2024-02-06,Mismo Día,Crítica,Completado,3690.75,Normal,1700.51,Normal,46.07,Archivadores Plus 5,7,Oficina,Archivadores,Altura
C0168,Gabriel Araya,2023-07-28,465,Corporativo,17,Web,Centro,O'Higgins,2024-06-04,ORD-2024-00628,2024-11-04,Segunda Clase,Media,Completado,593.08,Normal,247.54,Normal,41.74,Periféricos Smart 1,3,Tecnología,Periféricos,Andes
C0168,Gabriel Araya,2023-07-28,465,Corporativo,17,Web,Centro,O'Higgins,2024-06-04,ORD-2024-00628,2024-11-04,Segunda Clase,Alta,Completado,1457.55,Normal,359.99,Normal,24.7,Etiquetas Pro 2,4,Oficina,Etiquetas,Vector
C0137,Javiera Díaz,2021-12-07,817,Corporativo,13,Teléfono,Sur,Los Ríos,2024-07-14,ORD-2024-00629,2024-03-03,Mismo Día,Baja,Completado,3812.76,Normal,1108.11,Normal,29.06,Etiquetas Nova 4,7,Oficina,Etiquetas,Altura
C0137,Javiera Díaz,2021-12-07,817,Corporativo,13,Teléfono,Sur,Los Ríos,2024-07-14,ORD-2024-00629,2024-03-03,Mismo Día,Crítica,Completado,2227.55,Normal,626.88,Normal,28.14,Almacenamiento Smart 4,6,Muebles,Almacenamiento,Lumen
C0060,Sebastián López,2021-12-23,558,Home Office,61,Teléfono,Norte,Antofagasta,2024-08-20,ORD-2024-00630,2023-07-04,Mismo Día,Baja,Enviado,866.27,Normal,147.9,Normal,17.07,Almacenamiento Smart 4,3,Muebles,Almacenamiento,Lumen
C0060,Sebastián López,2021-12-23,558,Home Office,61,Teléfono,Norte,Antofagasta,2024-08-20,ORD-2024-00630,2023-07-04,Mismo Día,Crítica,Enviado,1972.88,Normal,262.51,Normal,13.31,Sillas Smart 3,4,Muebles,Sillas,Altura
C0058,Nicolás Morales,2022-10-05,307,Home Office,48,Web,Norte,Coquimbo,2024-09-18,ORD-2024-00631,2023-08-08,Segunda Clase,Baja,Enviado,767.55,Normal,277.41,Normal,36.14,Teléfonos Plus 7,3,Tecnología,Teléfonos,Alerce
C0058,Nicolás Morales,2022-10-05,307,Home Office,48,Web,Norte,Coquimbo,2024-09-18,ORD-2024-00631,2023-08-08,Segunda Clase,Baja,Enviado,3294.14,Normal,391.08,Normal,11.87,Teléfonos Flex 8,6,Tecnología,Teléfonos,Patagonia
C0281,Benjamín González,2023-08-30,-49,Home Office,93,Teléfono,Centro,Maule,2025-01-21,ORD-2024-00632,2023-07-12,Mismo Día,Alta,Completado,1174.84,Normal,287.37,Normal,24.46,Libreros Pro 7,8,Muebles,Libreros,Nova
C0281,Benjamín González,2023-08-30,-49,Home Office,93,Teléfono,Centro,Maule,2025-01-21,ORD-2024-00632,2023-07-12,Mismo Día,Crítica,Completado,3876.78,Normal,1639.26,Normal,42.28,Papelería Flex 6,6,Oficina,Papelería,Andes
C0281,Benjamín González,2023-08-30,-49,Home Office,93,Teléfono,Centro,Maule,2025-01-21,ORD-2024-00632,2023-07-12,Mismo Día,Alta,Completado,620.24,Normal,272.55,Normal,43.94,Sobres Plus 9,1,Oficina,Sobres,Andes
C0281,Benjamín González,2023-08-30,-49,Home Office,93,Teléfono,Centro,Maule,2025-01-21,ORD-2024-00632,2023-07-12,Mismo Día,Alta,Completado,758.75,Normal,-7.92,Normal,-1.04,Periféricos Nova 9,4,Tecnología,Periféricos,Vector
C0057,Luis Fuentes,2023-12-01,137,Consumidor,56,App,Sur,Los Lagos,2024-09-07,ORD-2024-00633,2024-04-16,Estándar,Baja,Cancelado,134.87,Normal,26.18,Normal,19.41,Papelería Pro 3,3,Oficina,Papelería,Altura
C0057,Luis Fuentes,2023-12-01,137,Consumidor,56,App,Sur,Los Lagos,2024-09-07,ORD-2024-00633,2024-04-16,Estándar,Media,Cancelado,663.91,Normal,-66.37,Normal,-10.0,Periféricos Nova 9,4,Tecnología,Periféricos,Vector
C0030,Sebastián Soto,2023-08-06,409,Corporativo,19,App,Sur,Los Ríos,2024-05-31,ORD-2024-00634,2024-09-18,Mismo Día,Baja,Completado,5566.72,Normal,2183.92,Ganancia Atípica,39.23,Papelería Eco 8,8,Oficina,Papelería,Patagonia
C0030,Sebastián Soto,2023-08-06,409,Corporativo,19,App,Sur,Los Ríos,2024-05-31,ORD-2024-00634,2024-09-18,Mismo Día,Media,Completado,3678.01,Normal,904.33,Normal,24.59,Teléfonos Eco 9,7,Tecnología,Teléfonos,Andes
C0060,Sebastián López,2021-12-23,586,Home Office,61,Teléfono,Norte,Antofagasta,2024-08-20,ORD-2024-00635,2023-08-01,Segunda Clase,Crítica,Completado,600.44,Normal,329.66,Normal,54.9,Almacenamiento Eco 8,2,Muebles,Almacenamiento,Andes
C0054,Catalina Araya,2024-10-23,-529,Corporativo,13,Teléfono,Sur,La Araucanía,2024-08-14,ORD-2024-00636,2023-05-13,Primera Clase,Media,Completado,2683.83,Normal,911.47,Normal,33.96,Sobres Plus 10,4,Oficina,Sobres,Altura
C0054,Catalina Araya,2024-10-23,-529,Corporativo,13,Teléfono,Sur,La Araucanía,2024-08-14,ORD-2024-00636,2023-05-13,Primera Clase,Alta,Completado,4235.43,Normal,1487.5,Normal,35.12,Accesorios Flex 5,5,Tecnología,Accesorios,Vector
C0054,Catalina Araya,2024-10-23,-529,Corporativo,13,Teléfono,Sur,La Araucanía,2024-08-14,ORD-2024-00636,2023-05-13,Primera Clase,Alta,Completado,39.68,Normal,20.98,Normal,52.87,Computadores Flex 7,1,Tecnología,Computadores,Alerce
C0054,Catalina Araya,2024-10-23,-529,Corporativo,13,Teléfono,Sur,La Araucanía,2024-08-14,ORD-2024-00636,2023-05-13,Primera Clase,Alta,Completado,105.24,Normal,28.62,Normal,27.19,Archivadores Smart 10,2,Oficina,Archivadores,Andes
C0091,Valentina Hernández,2023-08-10,-119,Consumidor,53,Correo,Norte,Tarapacá,2025-01-07,ORD-2024-00637,2023-04-13,Segunda Clase,Alta,Completado,2475.06,Normal,910.56,Normal,36.79,Almacenamiento Smart 4,6,Muebles,Almacenamiento,Lumen
C0193,Paula Fuentes,2021-08-24,626,Corporativo,12,Correo,Centro,Valparaíso,2024-10-10,ORD-2024-00638,2023-05-12,Primera Clase,Media,Completado,981.9,Normal,196.82,Normal,20.04,Etiquetas Flex 8,2,Oficina,Etiquetas,Patagonia
C0193,Paula Fuentes,2021-08-24,626,Corporativo,12,Correo,Centro,Valparaíso,2024-10-10,ORD-2024-00638,2023-05-12,Primera Clase,Crítica,Completado,3697.92,Normal,1844.34,Normal,49.88,Archivadores Nova 2,6,Oficina,Archivadores,Alerce
C0193,Paula Fuentes,2021-08-24,626,Corporativo,12,Correo,Centro,Valparaíso,2024-10-10,ORD-2024-00638,2023-05-12,Primera Clase,Crítica,Completado,224.57,Normal,106.1,Normal,47.25,Etiquetas Eco 6,1,Oficina,Etiquetas,Vector
C0193,Paula Fuentes,2021-08-24,626,Corporativo,12,Correo,Centro,Valparaíso,2024-10-10,ORD-2024-00638,2023-05-12,Primera Clase,Alta,Completado,2104.11,Normal,984.93,Normal,46.81,Teléfonos Pro 6,3,Tecnología,Teléfonos,Orion
C0282,Luis Espinoza,2021-12-16,715,Corporativo,28,Correo,Austral,Aysén,2024-03-12,ORD-2024-00639,2023-12-01,Segunda Clase,Crítica,Enviado,839.36,Normal,287.82,Normal,34.29,Periféricos Flex 4,2,Tecnología,Periféricos,Orion
C0028,Benjamín Muñoz,2024-08-31,-176,Home Office,17,Web,Austral,Magallanes,2024-06-08,ORD-2024-00640,2024-03-08,Mismo Día,Baja,Completado,301.85,Normal,76.45,Normal,25.33,Computadores Pro 2,1,Tecnología,Computadores,Altura
C0221,Valentina Hernández,2021-10-29,865,Home Office,21,No Especificado,Norte,Tarapacá,2024-01-05,ORD-2024-00641,2024-03-12,Segunda Clase,Media,Completado,1085.33,Normal,268.92,Normal,24.78,Libreros Pro 8,2,Muebles,Libreros,Lumen
C0221,Valentina Hernández,2021-10-29,865,Home Office,21,No Especificado,Norte,Tarapacá,2024-01-05,ORD-2024-00641,2024-03-12,Segunda Clase,Alta,Completado,213.34,Normal,93.97,Normal,44.05,Etiquetas Eco 6,1,Oficina,Etiquetas,Vector
C0221,Valentina Hernández,2021-10-29,865,Home Office,21,No Especificado,Norte,Tarapacá,2024-01-05,ORD-2024-00641,2024-03-12,Segunda Clase,Alta,Completado,3566.68,Normal,1363.44,Normal,38.23,Accesorios Flex 5,4,Tecnología,Accesorios,Vector
C0208,Fernanda Díaz,2024-10-21,-151,Home Office,46,Correo,Austral,Magallanes,2024-06-29,ORD-2024-00642,2024-05-23,Primera Clase,Alta,Completado,1344.89,Normal,586.84,Normal,43.63,Almacenamiento Plus 10,2,Muebles,Almacenamiento,Patagonia
C0208,Fernanda Díaz,2024-10-21,-151,Home Office,46,Correo,Austral,Magallanes,2024-06-29,ORD-2024-00642,2024-05-23,Primera Clase,Media,Completado,2501.72,Normal,-8.07,Normal,-0.32,Sillas Plus 8,5,Muebles,Sillas,Orion
C0208,Fernanda Díaz,2024-10-21,-151,Home Office,46,Correo,Austral,Magallanes,2024-06-29,ORD-2024-00642,2024-05-23,Primera Clase,Alta,Completado,7066.8,Venta Extraordinaria,1526.96,Normal,21.61,Periféricos Nova 3,8,Tecnología,Periféricos,Altura
C0237,Camila Sepúlveda,2021-04-08,1077,Corporativo,44,Teléfono,Norte,Tarapacá,2024-02-24,ORD-2024-00643,2024-03-20,Estándar,Crítica,Enviado,187.0,Normal,49.9,Normal,26.68,Accesorios Eco 4,7,Tecnología,Accesorios,Orion
C0237,Camila Sepúlveda,2021-04-08,1077,Corporativo,44,Teléfono,Norte,Tarapacá,2024-02-24,ORD-2024-00643,2024-03-20,Estándar,Baja,Enviado,1228.08,Normal,457.64,Normal,37.26,Periféricos Nova 6,2,Tecnología,Periféricos,Patagonia
C0279,Fernanda Araya,2023-12-27,-347,Home Office,100,Correo,Centro,Maule,2024-12-12,ORD-2024-00644,2023-01-14,Segunda Clase,Crítica,Completado,771.2,Normal,307.66,Normal,39.89,Sobres Pro 2,2,Oficina,Sobres,Orion
C0044,Diego Castillo,2022-12-04,228,Consumidor,97,App,Austral,Magallanes,2024-02-11,ORD-2024-00645,2023-07-20,Estándar,Alta,Completado,1409.2,Normal,597.94,Normal,42.43,Sillas Smart 3,2,Muebles,Sillas,Altura
C0044,Diego Castillo,2022-12-04,228,Consumidor,97,App,Austral,Magallanes,2024-02-11,ORD-2024-00645,2023-07-20,Estándar,Crítica,Completado,2442.4,Normal,-77.8,Normal,-3.19,Sillas Plus 7,5,Muebles,Sillas,Andes
C0090,Daniela Fuentes,2024-04-28,-367,Home Office,51,Teléfono,Centro,Maule,2024-09-27,ORD-2024-00646,2023-04-27,Segunda Clase,Crítica,Completado,1316.39,Normal,38.69,Normal,2.94,Mesas Nova 8,7,Muebles,Mesas,Andes
C0090,Daniela Fuentes,2024-04-28,-367,Home Office,51,Teléfono,Centro,Maule,2024-09-27,ORD-2024-00646,2023-04-27,Segunda Clase,Alta,Completado,112.48,Normal,33.24,Normal,29.55,Accesorios Eco 4,4,Tecnología,Accesorios,Orion
C0090,Daniela Fuentes,2024-04-28,-367,Home Office,51,Teléfono,Centro,Maule,2024-09-27,ORD-2024-00646,2023-04-27,Segunda Clase,Crítica,Completado,1527.49,Normal,67.34,Normal,4.41,Computadores Plus 6,4,Tecnología,Computadores,Lumen
C0131,Matías Torres,2023-02-20,397,Home Office,94,Correo,Sur,La Araucanía,2024-10-29,ORD-2024-00647,2024-03-23,Estándar,Baja,Completado,162.65,Normal,48.68,Normal,29.93,Etiquetas Pro 7,3,Oficina,Etiquetas,Orion
C0131,Matías Torres,2023-02-20,397,Home Office,94,Correo,Sur,La Araucanía,2024-10-29,ORD-2024-00647,2024-03-23,Estándar,Alta,Completado,4282.38,Normal,542.93,Normal,12.68,Periféricos Nova 5,7,Tecnología,Periféricos,Orion
C0170,Sofía Rojas,2022-07-18,808,Consumidor,58,No Especificado,Centro,Metropolitana,2025-01-14,ORD-2024-00648,2024-10-03,Estándar,Baja,Enviado,5169.04,Normal,2185.68,Ganancia Atípica,42.28,Papelería Flex 6,8,Oficina,Papelería,Andes
C0170,Sofía Rojas,2022-07-18,808,Consumidor,58,No Especificado,Centro,Metropolitana,2025-01-14,ORD-2024-00648,2024-10-03,Estándar,Baja,Enviado,4124.23,Normal,694.93,Normal,16.85,Accesorios Plus 3,5,Tecnología,Accesorios,Altura
C0170,Sofía Rojas,2022-07-18,808,Consumidor,58,No Especificado,Centro,Metropolitana,2025-01-14,ORD-2024-00648,2024-10-03,Estándar,Baja,Enviado,1122.85,Normal,530.5,Normal,47.25,Etiquetas Eco 6,5,Oficina,Etiquetas,Vector
C0170,Sofía Rojas,2022-07-18,808,Consumidor,58,No Especificado,Centro,Metropolitana,2025-01-14,ORD-2024-00648,2024-10-03,Estándar,Baja,Enviado,463.56,Normal,161.85,Normal,34.91,Sillas Eco 1,3,Muebles,Sillas,Vector
C0153,Matías Martínez,2023-02-20,612,Home Office,23,No Especificado,Centro,Metropolitana,2024-06-18,ORD-2024-00649,2024-10-24,Mismo Día,Crítica,Completado,2363.44,Normal,1289.68,Normal,54.57,Papelería Eco 2,4,Oficina,Papelería,Orion
C0153,Matías Martínez,2023-02-20,612,Home Office,23,No Especificado,Centro,Metropolitana,2024-06-18,ORD-2024-00649,2024-10-24,Mismo Día,Alta,Completado,1113.34,Normal,280.76,Normal,25.22,Papelería Eco 8,2,Oficina,Papelería,Patagonia
C0153,Matías Martínez,2023-02-20,612,Home Office,23,No Especificado,Centro,Metropolitana,2024-06-18,ORD-2024-00649,2024-10-24,Mismo Día,Media,Completado,437.19,Normal,165.49,Normal,37.85,Teléfonos Pro 4,7,Tecnología,Teléfonos,Alerce
C0153,Matías Martínez,2023-02-20,612,Home Office,23,No Especificado,Centro,Metropolitana,2024-06-18,ORD-2024-00649,2024-10-24,Mismo Día,Crítica,Completado,3327.34,Normal,1333.85,Normal,40.09,Computadores Pro 8,8,Tecnología,Computadores,Lumen
C0246,Andrés Hernández,2024-03-21,139,Consumidor,77,App,Sur,Los Lagos,2024-05-04,ORD-2024-00650,2024-08-07,Mismo Día,Crítica,Enviado,2636.25,Normal,1214.65,Normal,46.07,Archivadores Plus 5,5,Oficina,Archivadores,Altura
C0246,Andrés Hernández,2024-03-21,139,Consumidor,77,App,Sur,Los Lagos,2024-05-04,ORD-2024-00650,2024-08-07,Mismo Día,Alta,Enviado,605.2,Normal,212.7,Normal,35.15,Etiquetas Nova 4,1,Oficina,Etiquetas,Altura
C0085,Ana Sepúlveda,2024-10-19,-216,Home Office,60,No Especificado,Sur,Los Ríos,2025-03-23,ORD-2024-00651,2024-03-17,Estándar,Crítica,Completado,2504.72,Normal,1356.08,Normal,54.14,Accesorios Nova 7,8,Tecnología,Accesorios,Alerce
C0085,Ana Sepúlveda,2024-10-19,-216,Home Office,60,No Especificado,Sur,Los Ríos,2025-03-23,ORD-2024-00651,2024-03-17,Estándar,Alta,Completado,1189.8,Normal,364.23,Normal,30.61,Accesorios Plus 8,3,Tecnología,Accesorios,Andes
C0085,Ana Sepúlveda,2024-10-19,-216,Home Office,60,No Especificado,Sur,Los Ríos,2025-03-23,ORD-2024-00651,2024-03-17,Estándar,Crítica,Completado,543.13,Normal,197.11,Normal,36.29,Teléfonos Nova 3,2,Tecnología,Teléfonos,Lumen
C0085,Ana Sepúlveda,2024-10-19,-216,Home Office,60,No Especificado,Sur,Los Ríos,2025-03-23,ORD-2024-00651,2024-03-17,Estándar,Crítica,Completado,2322.57,Normal,867.42,Normal,37.35,Sobres Flex 6,3,Oficina,Sobres,Patagonia
C0012,Sofía Soto,2023-05-15,614,Home Office,59,Web,Norte,Tarapacá,2024-09-01,ORD-2024-00652,2025-01-18,Primera Clase,Alta,Completado,415.17,Normal,152.58,Normal,36.75,Etiquetas Pro 5,2,Oficina,Etiquetas,Lumen
C0274,Paula Araya,2024-02-01,-255,Corporativo,89,Teléfono,Austral,Aysén,2025-02-24,ORD-2024-00653,2023-05-22,Primera Clase,Baja,Completado,2805.07,Normal,731.41,Normal,26.07,Almacenamiento Smart 4,8,Muebles,Almacenamiento,Lumen
C0274,Paula Araya,2024-02-01,-255,Corporativo,89,Teléfono,Austral,Aysén,2025-02-24,ORD-2024-00653,2023-05-22,Primera Clase,Alta,Completado,2300.07,Normal,886.26,Normal,38.53,Libreros Eco 10,3,Muebles,Libreros,Andes
C0277,Fernanda Torres,2023-07-25,-158,Home Office,87,App,Sur,Los Lagos,2024-05-03,ORD-2024-00654,2023-02-17,Estándar,Alta,Completado,1571.04,Normal,-9.08,Normal,-0.58,Etiquetas Flex 8,4,Oficina,Etiquetas,Patagonia
C0277,Fernanda Torres,2023-07-25,-158,Home Office,87,App,Sur,Los Lagos,2024-05-03,ORD-2024-00654,2023-02-17,Estándar,Baja,Completado,766.43,Normal,390.95,Normal,51.01,Almacenamiento Nova 7,7,Muebles,Almacenamiento,Altura
C0081,Felipe González,2024-01-10,149,Home Office,54,Web,Centro,Maule,2024-07-10,ORD-2024-00655,2024-06-07,Segunda Clase,Crítica,Completado,1446.86,Normal,106.45,Normal,7.36,Almacenamiento Nova 2,3,Muebles,Almacenamiento,Patagonia
C0081,Felipe González,2024-01-10,149,Home Office,54,Web,Centro,Maule,2024-07-10,ORD-2024-00655,2024-06-07,Segunda Clase,Alta,Completado,4258.88,Normal,2090.48,Ganancia Atípica,49.09,Almacenamiento Plus 5,8,Muebles,Almacenamiento,Nova
C0081,Felipe González,2024-01-10,149,Home Office,54,Web,Centro,Maule,2024-07-10,ORD-2024-00655,2024-06-07,Segunda Clase,Baja,Completado,1251.36,Normal,588.89,Normal,47.06,Computadores Flex 10,2,Tecnología,Computadores,Alerce
C0081,Felipe González,2024-01-10,149,Home Office,54,Web,Centro,Maule,2024-07-10,ORD-2024-00655,2024-06-07,Segunda Clase,Baja,Completado,3000.83,Normal,1090.18,Normal,36.33,Etiquetas Pro 2,7,Oficina,Etiquetas,Vector
C0254,Isidora Rojas,2022-09-26,662,Consumidor,71,Correo,Sur,Biobío,2024-01-29,ORD-2024-00656,2024-07-19,Segunda Clase,Crítica,Completado,118.82,Normal,26.97,Normal,22.7,Sillas Pro 6,2,Muebles,Sillas,Nova
C0254,Isidora Rojas,2022-09-26,662,Consumidor,71,Correo,Sur,Biobío,2024-01-29,ORD-2024-00656,2024-07-19,Segunda Clase,Crítica,Completado,4036.75,Normal,2022.4,Normal,50.1,Computadores Nova 4,5,Tecnología,Computadores,Vector
C0254,Isidora Rojas,2022-09-26,662,Consumidor,71,Correo,Sur,Biobío,2024-01-29,ORD-2024-00656,2024-07-19,Segunda Clase,Media,Completado,3037.56,Normal,636.28,Normal,20.95,Papelería Plus 10,5,Oficina,Papelería,Orion
C0254,Isidora Rojas,2022-09-26,662,Consumidor,71,Correo,Sur,Biobío,2024-01-29,ORD-2024-00656,2024-07-19,Segunda Clase,Crítica,Completado,2499.48,Normal,1160.7,Normal,46.44,Archivadores Flex 3,5,Oficina,Archivadores,Vector
C0262,Sebastián Castillo,2021-03-04,987,Home Office,90,Correo,Norte,Antofagasta,2024-04-27,ORD-2024-00657,2023-11-16,Primera Clase,Media,Completado,1339.85,Normal,143.56,Normal,10.71,Teléfonos Eco 9,3,Tecnología,Teléfonos,Andes
C0262,Sebastián Castillo,2021-03-04,987,Home Office,90,Correo,Norte,Antofagasta,2024-04-27,ORD-2024-00657,2023-11-16,Primera Clase,Media,Completado,1414.79,Normal,582.82,Normal,41.19,Etiquetas Eco 6,7,Oficina,Etiquetas,Vector
C0262,Sebastián Castillo,2021-03-04,987,Home Office,90,Correo,Norte,Antofagasta,2024-04-27,ORD-2024-00657,2023-11-16,Primera Clase,Media,Completado,1605.02,Normal,760.55,Normal,47.39,Accesorios Flex 1,4,Tecnología,Accesorios,Alerce
C0262,Sebastián Castillo,2021-03-04,987,Home Office,90,Correo,Norte,Antofagasta,2024-04-27,ORD-2024-00657,2023-11-16,Primera Clase,Alta,Completado,39.1,Normal,4.61,Normal,11.79,Almacenamiento Nova 9,1,Muebles,Almacenamiento,Alerce
C0203,Ignacio Araya,2023-08-06,274,Corporativo,67,Web,Centro,Valparaíso,2025-01-25,ORD-2024-00658,2024-05-06,Mismo Día,Baja,Enviado,579.11,Normal,239.96,Normal,41.44,Mesas Plus 5,1,Muebles,Mesas,Vector
C0110,Diego Hernández,2022-04-24,1101,Consumidor,90,Teléfono,Sur,Los Lagos,2024-01-18,ORD-2024-00659,2025-04-29,Segunda Clase,Media,Enviado,718.62,Normal,272.92,Normal,37.98,Etiquetas Eco 6,4,Oficina,Etiquetas,Vector
C0110,Diego Hernández,2022-04-24,1101,Consumidor,90,Teléfono,Sur,Los Lagos,2024-01-18,ORD-2024-00659,2025-04-29,Segunda Clase,Media,Enviado,6127.52,Normal,2881.27,Ganancia Atípica,47.02,Libreros Plus 1,7,Muebles,Libreros,Altura
C0023,Ana Espinoza,2022-04-17,519,Home Office,10,App,Norte,Antofagasta,2024-12-07,ORD-2024-00660,2023-09-18,Primera Clase,Alta,Completado,1900.92,Normal,137.92,Normal,7.26,Sobres Eco 7,3,Oficina,Sobres,Vector
C0155,Constanza Hernández,2022-09-11,619,Home Office,24,Correo,Sur,Biobío,2025-03-09,ORD-2024-00661,2024-05-22,Estándar,Crítica,Completado,3417.26,Normal,1052.3,Normal,30.79,Papelería Plus 10,5,Oficina,Papelería,Orion
C0155,Constanza Hernández,2022-09-11,619,Home Office,24,Correo,Sur,Biobío,2025-03-09,ORD-2024-00661,2024-05-22,Estándar,Crítica,Completado,691.81,Normal,-93.9,Normal,-13.57,Mesas Nova 2,2,Muebles,Mesas,Lumen
C0034,Camila Sepúlveda,2021-04-30,1401,Consumidor,50,No Especificado,Norte,Tarapacá,2024-08-20,ORD-2024-00662,2025-03-01,Estándar,Media,Completado,2522.81,Normal,281.74,Normal,11.17,Sobres Flex 1,7,Oficina,Sobres,Lumen
C0050,Benjamín Soto,2023-04-25,164,Consumidor,32,Web,Sur,La Araucanía,2024-09-15,ORD-2024-00663,2023-10-06,Estándar,Crítica,Completado,2945.7,Normal,590.46,Normal,20.04,Etiquetas Flex 8,6,Oficina,Etiquetas,Patagonia
C0050,Benjamín Soto,2023-04-25,164,Consumidor,32,Web,Sur,La Araucanía,2024-09-15,ORD-2024-00663,2023-10-06,Estándar,Crítica,Completado,2790.87,Normal,848.8,Normal,30.41,Periféricos Flex 4,7,Tecnología,Periféricos,Orion
C0282,Luis Espinoza,2021-12-16,831,Corporativo,28,Correo,Austral,Aysén,2024-03-12,ORD-2024-00664,2024-03-26,Primera Clase,Baja,Completado,3006.77,Normal,682.52,Normal,22.7,Sillas Flex 2,6,Muebles,Sillas,Vector
C0057,Luis Fuentes,2023-12-01,-207,Consumidor,56,App,Sur,Los Lagos,2024-09-07,ORD-2024-00665,2023-05-08,Mismo Día,Baja,Completado,5315.73,Normal,1904.49,Normal,35.83,Papelería Plus 10,7,Oficina,Papelería,Orion
C0057,Luis Fuentes,2023-12-01,-207,Consumidor,56,App,Sur,Los Lagos,2024-09-07,ORD-2024-00665,2023-05-08,Mismo Día,Baja,Completado,1400.58,Normal,447.48,Normal,31.95,Libreros Plus 1,2,Muebles,Libreros,Altura
C0117,Sebastián Torres,2023-08-21,378,Consumidor,62,Teléfono,Centro,Metropolitana,2025-01-21,ORD-2024-00666,2024-09-02,Mismo Día,Media,Completado,494.46,Normal,68.65,Normal,13.88,Sillas Eco 1,4,Muebles,Sillas,Vector
C0117,Sebastián Torres,2023-08-21,378,Consumidor,62,Teléfono,Centro,Metropolitana,2025-01-21,ORD-2024-00666,2024-09-02,Mismo Día,Baja,Completado,1214.91,Normal,357.05,Normal,29.39,Teléfonos Nova 3,5,Tecnología,Teléfonos,Lumen
C0117,Sebastián Torres,2023-08-21,378,Consumidor,62,Teléfono,Centro,Metropolitana,2025-01-21,ORD-2024-00666,2024-09-02,Mismo Día,Alta,Completado,2312.96,Normal,617.36,Normal,26.69,Sillas Smart 9,8,Muebles,Sillas,Orion
C0117,Sebastián Torres,2023-08-21,378,Consumidor,62,Teléfono,Centro,Metropolitana,2025-01-21,ORD-2024-00666,2024-09-02,Mismo Día,Alta,Completado,1634.04,Normal,454.34,Normal,27.8,Etiquetas Nova 4,3,Oficina,Etiquetas,Altura
C0092,Benjamín Morales,2023-09-26,-220,Consumidor,55,App,Centro,Metropolitana,2025-03-03,ORD-2024-00667,2023-02-18,Primera Clase,Crítica,Devuelto,3856.96,Normal,497.24,Normal,12.89,Mesas Flex 6,8,Muebles,Mesas,Orion
C0092,Benjamín Morales,2023-09-26,-220,Consumidor,55,App,Centro,Metropolitana,2025-03-03,ORD-2024-00667,2023-02-18,Primera Clase,Alta,Devuelto,1259.04,Normal,431.73,Normal,34.29,Periféricos Flex 4,3,Tecnología,Periféricos,Orion
C0092,Benjamín Morales,2023-09-26,-220,Consumidor,55,App,Centro,Metropolitana,2025-03-03,ORD-2024-00667,2023-02-18,Primera Clase,Crítica,Devuelto,919.39,Normal,216.05,Normal,23.5,Sillas Eco 1,7,Muebles,Sillas,Vector
C0092,Benjamín Morales,2023-09-26,-220,Consumidor,55,App,Centro,Metropolitana,2025-03-03,ORD-2024-00667,2023-02-18,Primera Clase,Alta,Devuelto,509.98,Normal,37.17,Normal,7.29,Sillas Plus 4,1,Muebles,Sillas,Orion
C0164,Tomás Martínez,2021-08-14,731,Consumidor,26,Web,Sur,Los Lagos,2025-01-05,ORD-2024-00668,2023-08-15,Estándar,Crítica,Enviado,3907.39,Normal,816.77,Normal,20.9,Periféricos Eco 2,6,Tecnología,Periféricos,Vector
C0164,Tomás Martínez,2021-08-14,731,Consumidor,26,Web,Sur,Los Lagos,2025-01-05,ORD-2024-00668,2023-08-15,Estándar,Alta,Enviado,1736.13,Normal,579.12,Normal,33.36,Etiquetas Eco 1,3,Oficina,Etiquetas,Nova
C0149,Sebastián Soto,2021-09-28,515,Consumidor,77,Teléfono,Centro,Maule,2024-08-01,ORD-2024-00669,2023-02-25,Primera Clase,Baja,Completado,70.42,Normal,28.98,Normal,41.15,Accesorios Smart 2,7,Tecnología,Accesorios,Vector
C0090,Daniela Fuentes,2024-04-28,-328,Home Office,51,Teléfono,Centro,Maule,2024-09-27,ORD-2024-00670,2023-06-05,Mismo Día,Baja,Completado,5194.07,Normal,2180.01,Ganancia Atípica,41.97,Periféricos Eco 10,7,Tecnología,Periféricos,Andes
C0090,Daniela Fuentes,2024-04-28,-328,Home Office,51,Teléfono,Centro,Maule,2024-09-27,ORD-2024-00670,2023-06-05,Mismo Día,Alta,Completado,241.63,Normal,111.79,Normal,46.26,Sillas Nova 10,1,Muebles,Sillas,Lumen
C0090,Daniela Fuentes,2024-04-28,-328,Home Office,51,Teléfono,Centro,Maule,2024-09-27,ORD-2024-00670,2023-06-05,Mismo Día,Alta,Completado,1030.58,Normal,326.18,Normal,31.65,Archivadores Flex 1,2,Oficina,Archivadores,Alerce
C0090,Daniela Fuentes,2024-04-28,-328,Home Office,51,Teléfono,Centro,Maule,2024-09-27,ORD-2024-00670,2023-06-05,Mismo Día,Baja,Completado,4675.02,Normal,1384.67,Normal,29.62,Libreros Smart 9,7,Muebles,Libreros,Patagonia
C0056,Matías Morales,2024-05-26,-26,Corporativo,59,Web,Centro,Metropolitana,2025-01-02,ORD-2024-00671,2024-04-30,Mismo Día,Alta,Completado,954.68,Normal,198.38,Normal,20.78,Computadores Plus 6,2,Tecnología,Computadores,Lumen
C0056,Matías Morales,2024-05-26,-26,Corporativo,59,Web,Centro,Metropolitana,2025-01-02,ORD-2024-00671,2024-04-30,Mismo Día,Crítica,Completado,464.23,Normal,139.92,Normal,30.14,Mesas Smart 7,1,Muebles,Mesas,Patagonia
C0135,Benjamín Flores,2022-10-11,250,Corporativo,79,Correo,Sur,Biobío,2024-01-25,ORD-2024-00672,2023-06-18,Estándar,Crítica,Completado,188.48,Normal,94.05,Normal,49.9,Computadores Flex 7,5,Tecnología,Computadores,Alerce
C0176,Tomás Flores,2024-10-04,-409,Corporativo,62,Web,Centro,Metropolitana,2024-10-09,ORD-2024-00673,2023-08-22,Estándar,Media,Enviado,661.67,Normal,269.77,Normal,40.77,Etiquetas Pro 5,3,Oficina,Etiquetas,Lumen
C0176,Tomás Flores,2024-10-04,-409,Corporativo,62,Web,Centro,Metropolitana,2024-10-09,ORD-2024-00673,2023-08-22,Estándar,Media,Enviado,2226.03,Normal,934.29,Normal,41.97,Periféricos Eco 10,3,Tecnología,Periféricos,Andes
C0176,Tomás Flores,2024-10-04,-409,Corporativo,62,Web,Centro,Metropolitana,2024-10-09,ORD-2024-00673,2023-08-22,Estándar,Alta,Enviado,2315.47,Normal,1052.8,Normal,45.47,Libreros Pro 5,6,Muebles,Libreros,Nova
C0025,Jorge Martínez,2023-09-22,-232,Home Office,79,App,Centro,Valparaíso,2024-03-22,ORD-2024-00674,2023-02-02,Primera Clase,Baja,Completado,2076.37,Normal,716.9,Normal,34.53,Sillas Plus 4,3,Muebles,Sillas,Orion
C0025,Jorge Martínez,2023-09-22,-232,Home Office,79,App,Centro,Valparaíso,2024-03-22,ORD-2024-00674,2023-02-02,Primera Clase,Crítica,Completado,1990.72,Normal,458.42,Normal,23.03,Teléfonos Plus 5,3,Tecnología,Teléfonos,Nova
C0025,Jorge Martínez,2023-09-22,-232,Home Office,79,App,Centro,Valparaíso,2024-03-22,ORD-2024-00674,2023-02-02,Primera Clase,Crítica,Completado,2311.84,Normal,1051.44,Normal,45.48,Periféricos Nova 7,8,Tecnología,Periféricos,Orion
C0025,Jorge Martínez,2023-09-22,-232,Home Office,79,App,Centro,Valparaíso,2024-03-22,ORD-2024-00674,2023-02-02,Primera Clase,Media,Completado,888.86,Normal,227.66,Normal,25.61,Archivadores Nova 8,4,Oficina,Archivadores,Lumen
C0251,Andrés Rojas,2024-01-16,-207,Home Office,48,Teléfono,Norte,Antofagasta,2024-02-17,ORD-2024-00675,2023-06-23,Estándar,Baja,Completado,616.32,Normal,307.39,Normal,49.88,Archivadores Nova 2,1,Oficina,Archivadores,Alerce
C0251,Andrés Rojas,2024-01-16,-207,Home Office,48,Teléfono,Norte,Antofagasta,2024-02-17,ORD-2024-00675,2023-06-23,Estándar,Alta,Completado,1996.46,Normal,1035.0,Normal,51.84,Almacenamiento Eco 8,7,Muebles,Almacenamiento,Andes
C0251,Andrés Rojas,2024-01-16,-207,Home Office,48,Teléfono,Norte,Antofagasta,2024-02-17,ORD-2024-00675,2023-06-23,Estándar,Media,Completado,2818.4,Normal,1195.88,Normal,42.43,Sillas Smart 3,4,Muebles,Sillas,Altura
C0167,Antonia Espinoza,2023-07-15,541,Consumidor,88,App,Centro,Metropolitana,2025-03-21,ORD-2024-00676,2025-01-06,Segunda Clase,Baja,Completado,3045.05,Normal,1164.25,Normal,38.23,Sobres Smart 3,5,Oficina,Sobres,Patagonia
C0167,Antonia Espinoza,2023-07-15,541,Consumidor,88,App,Centro,Metropolitana,2025-03-21,ORD-2024-00676,2025-01-06,Segunda Clase,Alta,Completado,575.76,Normal,229.54,Normal,39.87,Libreros Smart 6,2,Muebles,Libreros,Lumen
C0264,Martina Muñoz,2023-06-20,-102,Consumidor,71,Correo,Austral,Aysén,2024-10-17,ORD-2024-00677,2023-03-10,Primera Clase,Media,Completado,1678.72,Normal,374.83,Normal,22.33,Periféricos Flex 4,5,Tecnología,Periféricos,Orion
C0264,Martina Muñoz,2023-06-20,-102,Consumidor,71,Correo,Austral,Aysén,2024-10-17,ORD-2024-00677,2023-03-10,Primera Clase,Media,Completado,1556.88,Normal,818.22,Normal,52.56,Etiquetas Pro 5,6,Oficina,Etiquetas,Lumen
C0264,Martina Muñoz,2023-06-20,-102,Consumidor,71,Correo,Austral,Aysén,2024-10-17,ORD-2024-00677,2023-03-10,Primera Clase,Alta,Completado,470.14,Normal,108.7,Normal,23.12,Mesas Nova 8,2,Muebles,Mesas,Andes
C0124,Tomás González,2023-04-16,554,Home Office,38,Web,Sur,Los Ríos,2025-02-23,ORD-2024-00678,2024-10-21,Primera Clase,Baja,Devuelto,3770.2,Normal,1364.79,Normal,36.2,Etiquetas Nova 3,7,Oficina,Etiquetas,Alerce
C0124,Tomás González,2023-04-16,554,Home Office,38,Web,Sur,Los Ríos,2025-02-23,ORD-2024-00678,2024-10-21,Primera Clase,Media,Devuelto,3116.44,Normal,490.88,Normal,15.75,Periféricos Eco 10,6,Tecnología,Periféricos,Andes
C0124,Tomás González,2023-04-16,554,Home Office,38,Web,Sur,Los Ríos,2025-02-23,ORD-2024-00678,2024-10-21,Primera Clase,Crítica,Devuelto,3927.6,Normal,787.28,Normal,20.04,Etiquetas Flex 8,8,Oficina,Etiquetas,Patagonia
C0124,Tomás González,2023-04-16,554,Home Office,38,Web,Sur,Los Ríos,2025-02-23,ORD-2024-00678,2024-10-21,Primera Clase,Baja,Devuelto,1878.77,Normal,620.5,Normal,33.03,Papelería Eco 8,3,Oficina,Papelería,Patagonia
C0046,Fernanda Pérez,2022-06-21,940,Home Office,66,App,Sur,La Araucanía,2024-12-26,ORD-2024-00679,2025-01-16,Primera Clase,Media,Devuelto,972.23,Normal,316.82,Normal,32.59,Teléfonos Plus 7,4,Tecnología,Teléfonos,Alerce
C0046,Fernanda Pérez,2022-06-21,940,Home Office,66,App,Sur,La Araucanía,2024-12-26,ORD-2024-00679,2025-01-16,Primera Clase,Baja,Devuelto,656.53,Normal,219.47,Normal,33.43,Libreros Pro 7,4,Muebles,Libreros,Nova
C0046,Fernanda Pérez,2022-06-21,940,Home Office,66,App,Sur,La Araucanía,2024-12-26,ORD-2024-00679,2025-01-16,Primera Clase,Media,Devuelto,692.15,Normal,257.76,Normal,37.24,Teléfonos Flex 10,2,Tecnología,Teléfonos,Lumen
C0291,Felipe Contreras,2024-01-09,-158,Consumidor,81,Teléfono,Sur,Los Lagos,2024-10-31,ORD-2024-00680,2023-08-04,Estándar,Baja,Completado,1293.66,Normal,651.42,Normal,50.35,Computadores Pro 2,3,Tecnología,Computadores,Altura
C0291,Felipe Contreras,2024-01-09,-158,Consumidor,81,Teléfono,Sur,Los Lagos,2024-10-31,ORD-2024-00680,2023-08-04,Estándar,Baja,Completado,28.67,Normal,11.11,Normal,38.75,Accesorios Smart 2,3,Tecnología,Accesorios,Vector
C0009,Isidora Morales,2024-09-04,-548,Consumidor,60,Correo,Centro,O'Higgins,2024-02-14,ORD-2024-00681,2023-03-06,Mismo Día,Baja,Completado,521.82,Normal,-66.89,Normal,-12.82,Sobres Eco 7,1,Oficina,Sobres,Vector
C0006,Vicente Rojas,2024-07-24,-10,Home Office,78,App,Norte,Tarapacá,2024-11-08,ORD-2024-00682,2024-07-14,Mismo Día,Alta,Completado,274.53,Normal,114.68,Normal,41.77,Periféricos Nova 7,1,Tecnología,Periféricos,Orion
C0164,Tomás Martínez,2021-08-14,1170,Consumidor,26,Web,Sur,Los Lagos,2025-01-05,ORD-2024-00683,2024-10-27,Estándar,Alta,Completado,6140.4,Normal,3194.73,Ganancia Atípica,52.03,Periféricos Nova 6,7,Tecnología,Periféricos,Patagonia
C0164,Tomás Martínez,2021-08-14,1170,Consumidor,26,Web,Sur,Los Lagos,2025-01-05,ORD-2024-00683,2024-10-27,Estándar,Media,Completado,2224.26,Normal,792.0,Normal,35.61,Mesas Eco 3,6,Muebles,Mesas,Alerce
C0164,Tomás Martínez,2021-08-14,1170,Consumidor,26,Web,Sur,Los Lagos,2025-01-05,ORD-2024-00683,2024-10-27,Estándar,Crítica,Completado,126.03,Normal,-7.92,Normal,-6.28,Archivadores Pro 4,1,Oficina,Archivadores,Alerce
C0164,Tomás Martínez,2021-08-14,1170,Consumidor,26,Web,Sur,Los Lagos,2025-01-05,ORD-2024-00683,2024-10-27,Estándar,Alta,Completado,696.15,Normal,196.29,Normal,28.2,Sobres Nova 8,3,Oficina,Sobres,Alerce
C0169,Sebastián Díaz,2023-06-28,582,Corporativo,20,Web,Norte,Antofagasta,2024-04-18,ORD-2024-00684,2025-01-30,Estándar,Baja,Completado,738.47,Normal,151.94,Normal,20.57,Sobres Pro 5,7,Oficina,Sobres,Alerce
C0169,Sebastián Díaz,2023-06-28,582,Corporativo,20,Web,Norte,Antofagasta,2024-04-18,ORD-2024-00684,2025-01-30,Estándar,Baja,Completado,59.86,Normal,19.27,Normal,32.19,Accesorios Smart 2,7,Tecnología,Accesorios,Vector
C0169,Sebastián Díaz,2023-06-28,582,Corporativo,20,Web,Norte,Antofagasta,2024-04-18,ORD-2024-00684,2025-01-30,Estándar,Baja,Completado,979.05,Normal,264.62,Normal,27.03,Archivadores Flex 1,2,Oficina,Archivadores,Alerce
C0169,Sebastián Díaz,2023-06-28,582,Corporativo,20,Web,Norte,Antofagasta,2024-04-18,ORD-2024-00684,2025-01-30,Estándar,Alta,Completado,4115.36,Normal,1091.39,Normal,26.52,Etiquetas Nova 4,8,Oficina,Etiquetas,Altura
C0241,Fernanda Sepúlveda,2023-07-03,-141,Corporativo,31,Correo,Sur,La Araucanía,2024-05-09,ORD-2024-00685,2023-02-12,Segunda Clase,Crítica,Completado,3198.67,Normal,481.04,Normal,15.04,Almacenamiento Flex 1,4,Muebles,Almacenamiento,Patagonia
C0241,Fernanda Sepúlveda,2023-07-03,-141,Corporativo,31,Correo,Sur,La Araucanía,2024-05-09,ORD-2024-00685,2023-02-12,Segunda Clase,Crítica,Completado,4675.02,Normal,1384.67,Normal,29.62,Libreros Smart 9,7,Muebles,Libreros,Patagonia
C0241,Fernanda Sepúlveda,2023-07-03,-141,Corporativo,31,Correo,Sur,La Araucanía,2024-05-09,ORD-2024-00685,2023-02-12,Segunda Clase,Baja,Completado,549.77,Normal,163.64,Normal,29.77,Etiquetas Eco 1,1,Oficina,Etiquetas,Nova
C0241,Fernanda Sepúlveda,2023-07-03,-141,Corporativo,31,Correo,Sur,La Araucanía,2024-05-09,ORD-2024-00685,2023-02-12,Segunda Clase,Alta,Completado,7002.88,Venta Extraordinaria,3292.88,Ganancia Atípica,47.02,Libreros Plus 1,8,Muebles,Libreros,Altura
C0220,Felipe Rodríguez,2021-07-30,704,Home Office,46,Web,Norte,Coquimbo,2024-12-28,ORD-2024-00686,2023-07-04,Mismo Día,Baja,Completado,1404.48,Normal,477.24,Normal,33.98,Papelería Plus 9,4,Oficina,Papelería,Vector
C0068,Gabriel Hernández,2023-12-24,84,Home Office,66,No Especificado,Centro,Valparaíso,2025-02-22,ORD-2024-00687,2024-03-17,Segunda Clase,Alta,Completado,474.22,Normal,96.4,Normal,20.33,Periféricos Nova 9,2,Tecnología,Periféricos,Vector
C0072,Sofía Pérez,2023-02-24,20,Consumidor,100,App,Centro,Maule,2024-06-25,ORD-2024-00688,2023-03-16,Primera Clase,Media,Completado,1796.26,Normal,306.44,Normal,17.06,Libreros Smart 3,8,Muebles,Libreros,Vector
C0072,Sofía Pérez,2023-02-24,20,Consumidor,100,App,Centro,Maule,2024-06-25,ORD-2024-00688,2023-03-16,Primera Clase,Baja,Completado,2862.44,Normal,1110.13,Normal,38.78,Periféricos Nova 8,7,Tecnología,Periféricos,Andes
C0072,Sofía Pérez,2023-02-24,20,Consumidor,100,App,Centro,Maule,2024-06-25,ORD-2024-00688,2023-03-16,Primera Clase,Crítica,Completado,2070.06,Normal,693.8,Normal,33.52,Libreros Eco 10,3,Muebles,Libreros,Andes
C0072,Sofía Pérez,2023-02-24,20,Consumidor,100,App,Centro,Maule,2024-06-25,ORD-2024-00688,2023-03-16,Primera Clase,Media,Completado,4323.56,Normal,1086.81,Normal,25.14,Teléfonos Flex 8,7,Tecnología,Teléfonos,Patagonia
C0245,Paula Espinoza,2024-05-24,-167,Consumidor,96,App,Centro,Maule,2024-08-23,ORD-2024-00689,2023-12-09,Primera Clase,Alta,Completado,2294.13,Normal,677.85,Normal,29.55,Periféricos Nova 5,3,Tecnología,Periféricos,Orion
C0245,Paula Espinoza,2024-05-24,-167,Consumidor,96,App,Centro,Maule,2024-08-23,ORD-2024-00689,2023-12-09,Primera Clase,Baja,Completado,2957.32,Normal,845.97,Normal,28.61,Papelería Eco 8,5,Oficina,Papelería,Patagonia
C0245,Paula Espinoza,2024-05-24,-167,Consumidor,96,App,Centro,Maule,2024-08-23,ORD-2024-00689,2023-12-09,Primera Clase,Media,Completado,1081.64,Normal,377.65,Normal,34.91,Sillas Eco 1,7,Muebles,Sillas,Vector
C0065,Benjamín Rojas,2023-04-29,257,Corporativo,99,App,Sur,Los Ríos,2025-02-17,ORD-2024-00690,2024-01-11,Estándar,Alta,Completado,5737.49,Normal,2478.22,Ganancia Atípica,43.19,Accesorios Flex 9,7,Tecnología,Accesorios,Patagonia
C0210,Diego López,2024-05-03,-207,Consumidor,49,Web,Austral,Aysén,2024-10-06,ORD-2024-00691,2023-10-09,Segunda Clase,Alta,Completado,2023.09,Normal,782.5,Normal,38.68,Computadores Pro 3,3,Tecnología,Computadores,Patagonia
C0210,Diego López,2024-05-03,-207,Consumidor,49,Web,Austral,Aysén,2024-10-06,ORD-2024-00691,2023-10-09,Segunda Clase,Media,Completado,445.84,Normal,235.34,Normal,52.79,Accesorios Flex 1,1,Tecnología,Accesorios,Alerce
C0210,Diego López,2024-05-03,-207,Consumidor,49,Web,Austral,Aysén,2024-10-06,ORD-2024-00691,2023-10-09,Segunda Clase,Media,Completado,2780.4,Normal,697.1,Normal,25.07,Computadores Plus 1,5,Tecnología,Computadores,Andes
C0210,Diego López,2024-05-03,-207,Consumidor,49,Web,Austral,Aysén,2024-10-06,ORD-2024-00691,2023-10-09,Segunda Clase,Alta,Completado,132.03,Normal,4.34,Normal,3.29,Mesas Eco 4,2,Muebles,Mesas,Altura
C0004,Nicolás Silva,2021-06-13,1060,Corporativo,22,App,Sur,Los Lagos,2024-12-11,ORD-2024-00692,2024-05-08,Estándar,Crítica,Cancelado,2475.06,Normal,910.56,Normal,36.79,Almacenamiento Smart 4,6,Muebles,Almacenamiento,Lumen
C0056,Matías Morales,2024-05-26,324,Corporativo,59,Web,Centro,Metropolitana,2025-01-02,ORD-2024-00693,2025-04-15,Estándar,Media,Completado,5561.6,Normal,3001.76,Ganancia Atípica,53.97,Computadores Flex 10,8,Tecnología,Computadores,Alerce
C0056,Matías Morales,2024-05-26,324,Corporativo,59,Web,Centro,Metropolitana,2025-01-02,ORD-2024-00693,2025-04-15,Estándar,Crítica,Completado,477.34,Normal,99.19,Normal,20.78,Computadores Plus 6,1,Tecnología,Computadores,Lumen
C0056,Matías Morales,2024-05-26,324,Corporativo,59,Web,Centro,Metropolitana,2025-01-02,ORD-2024-00693,2025-04-15,Estándar,Crítica,Completado,688.44,Normal,317.76,Normal,46.16,Almacenamiento Eco 6,6,Muebles,Almacenamiento,Patagonia
C0132,Luis Pérez,2024-04-23,239,Home Office,22,Teléfono,Austral,Aysén,2024-03-30,ORD-2024-00694,2024-12-18,Primera Clase,Media,Completado,3607.1,Normal,1146.91,Normal,31.8,Papelería Plus 10,5,Oficina,Papelería,Orion
C0132,Luis Pérez,2024-04-23,239,Home Office,22,Teléfono,Austral,Aysén,2024-03-30,ORD-2024-00694,2024-12-18,Primera Clase,Media,Completado,3447.04,Normal,665.91,Normal,19.32,Etiquetas Nova 3,8,Oficina,Etiquetas,Alerce
C0132,Luis Pérez,2024-04-23,239,Home Office,22,Teléfono,Austral,Aysén,2024-03-30,ORD-2024-00694,2024-12-18,Primera Clase,Alta,Completado,3063.42,Normal,1046.18,Normal,34.15,Sobres Flex 1,7,Oficina,Sobres,Lumen
C0143,Sebastián Martínez,2022-09-11,595,Corporativo,59,App,Austral,Magallanes,2024-10-02,ORD-2024-00695,2024-04-28,Segunda Clase,Baja,Cancelado,3026.0,Normal,1063.5,Normal,35.15,Etiquetas Nova 4,5,Oficina,Etiquetas,Altura
C0143,Sebastián Martínez,2022-09-11,595,Corporativo,59,App,Austral,Magallanes,2024-10-02,ORD-2024-00695,2024-04-28,Segunda Clase,Alta,Cancelado,3789.6,Normal,1157.15,Normal,30.53,Accesorios Flex 5,5,Tecnología,Accesorios,Vector
C0288,Martina Contreras,2023-09-29,408,Home Office,71,Teléfono,Centro,Metropolitana,2025-03-05,ORD-2024-00696,2024-11-10,Primera Clase,Media,Completado,2450.1,Normal,831.38,Normal,33.93,Mesas Smart 7,5,Muebles,Mesas,Patagonia
C0288,Martina Contreras,2023-09-29,408,Home Office,71,Teléfono,Centro,Metropolitana,2025-03-05,ORD-2024-00696,2024-11-10,Primera Clase,Crítica,Completado,66.02,Normal,2.7,Normal,4.09,Mesas Eco 4,1,Muebles,Mesas,Altura
C0288,Martina Contreras,2023-09-29,408,Home Office,71,Teléfono,Centro,Metropolitana,2025-03-05,ORD-2024-00696,2024-11-10,Primera Clase,Media,Completado,4369.18,Normal,742.89,Normal,17.0,Accesorios Flex 5,7,Tecnología,Accesorios,Vector
C0129,Felipe Rodríguez,2024-02-05,-94,Corporativo,68,Correo,Centro,Maule,2024-06-02,ORD-2024-00697,2023-11-03,Segunda Clase,Baja,Completado,1156.48,Normal,48.74,Normal,4.21,Sillas Smart 9,5,Muebles,Sillas,Orion
C0129,Felipe Rodríguez,2024-02-05,-94,Corporativo,68,Correo,Centro,Maule,2024-06-02,ORD-2024-00697,2023-11-03,Segunda Clase,Crítica,Completado,4227.6,Normal,1793.82,Normal,42.43,Sillas Smart 3,6,Muebles,Sillas,Altura
C0142,Tomás Soto,2023-06-24,547,Consumidor,85,Teléfono,Centro,Maule,2024-04-04,ORD-2024-00698,2024-12-22,Primera Clase,Baja,Completado,270.41,Normal,94.18,Normal,34.83,Mesas Smart 1,3,Muebles,Mesas,Orion
C0142,Tomás Soto,2023-06-24,547,Consumidor,85,Teléfono,Centro,Maule,2024-04-04,ORD-2024-00698,2024-12-22,Primera Clase,Alta,Completado,93.07,Normal,36.78,Normal,39.52,Almacenamiento Nova 7,1,Muebles,Almacenamiento,Altura
C0142,Tomás Soto,2023-06-24,547,Consumidor,85,Teléfono,Centro,Maule,2024-04-04,ORD-2024-00698,2024-12-22,Primera Clase,Alta,Completado,54.65,Normal,17.47,Normal,31.97,Teléfonos Pro 4,1,Tecnología,Teléfonos,Alerce
C0015,Pedro Hernández,2022-06-24,873,Consumidor,74,App,Centro,Maule,2024-04-30,ORD-2024-00699,2024-11-13,Estándar,Baja,Completado,368.34,Normal,100.17,Normal,27.19,Archivadores Smart 10,7,Oficina,Archivadores,Andes
C0015,Pedro Hernández,2022-06-24,873,Consumidor,74,App,Centro,Maule,2024-04-30,ORD-2024-00699,2024-11-13,Estándar,Crítica,Completado,2837.32,Normal,434.14,Normal,15.3,Teléfonos Eco 9,6,Tecnología,Teléfonos,Andes
C0015,Pedro Hernández,2022-06-24,873,Consumidor,74,App,Centro,Maule,2024-04-30,ORD-2024-00699,2024-11-13,Estándar,Media,Completado,4870.88,Normal,1910.93,Normal,39.23,Papelería Eco 8,7,Oficina,Papelería,Patagonia
C0015,Pedro Hernández,2022-06-24,873,Consumidor,74,App,Centro,Maule,2024-04-30,ORD-2024-00699,2024-11-13,Estándar,Alta,Completado,344.98,Normal,123.41,Normal,35.77,Computadores Pro 2,1,Tecnología,Computadores,Altura
C0120,Fernanda Díaz,2023-11-20,-1,Corporativo,94,Web,Centro,Valparaíso,2024-04-29,ORD-2024-00700,2023-11-19,Estándar,Alta,Completado,891.68,Normal,470.68,Normal,52.79,Accesorios Flex 1,2,Tecnología,Accesorios,Alerce
C0120,Fernanda Díaz,2023-11-20,-1,Corporativo,94,Web,Centro,Valparaíso,2024-04-29,ORD-2024-00700,2023-11-19,Estándar,Crítica,Completado,3472.26,Normal,1158.24,Normal,33.36,Etiquetas Eco 1,6,Oficina,Etiquetas,Nova
C0026,Vicente Espinoza,2023-08-27,-158,Home Office,70,App,Centro,Maule,2024-12-17,ORD-2024-00701,2023-03-22,Segunda Clase,Baja,Enviado,3094.86,Normal,1142.34,Normal,36.91,Mesas Smart 7,6,Muebles,Mesas,Patagonia
C0026,Vicente Espinoza,2023-08-27,-158,Home Office,70,App,Centro,Maule,2024-12-17,ORD-2024-00701,2023-03-22,Segunda Clase,Media,Enviado,619.6,Normal,279.92,Normal,45.18,Etiquetas Pro 7,8,Oficina,Etiquetas,Orion
C0026,Vicente Espinoza,2023-08-27,-158,Home Office,70,App,Centro,Maule,2024-12-17,ORD-2024-00701,2023-03-22,Segunda Clase,Baja,Enviado,1603.96,Normal,-100.11,Normal,-6.24,Etiquetas Smart 9,3,Oficina,Etiquetas,Patagonia
C0182,Benjamín Pérez,2024-09-08,109,Home Office,18,Correo,Centro,O'Higgins,2024-09-19,ORD-2024-00702,2024-12-26,Estándar,Media,Completado,250.47,Normal,112.21,Normal,44.8,Accesorios Nova 7,1,Tecnología,Accesorios,Alerce
C0156,Luis Sepúlveda,2021-08-26,1284,Corporativo,40,Web,Centro,O'Higgins,2024-02-17,ORD-2024-00703,2025-03-02,Primera Clase,Alta,Completado,1948.83,Normal,532.75,Normal,27.34,Sobres Smart 3,4,Oficina,Sobres,Patagonia
C0033,Ana López,2023-07-21,-128,Corporativo,64,Teléfono,Norte,Tarapacá,2024-09-01,ORD-2024-00704,2023-03-15,Primera Clase,Media,Cancelado,3910.12,Normal,1010.75,Normal,25.85,Libreros Eco 10,6,Muebles,Libreros,Andes
C0033,Ana López,2023-07-21,-128,Corporativo,64,Teléfono,Norte,Tarapacá,2024-09-01,ORD-2024-00704,2023-03-15,Primera Clase,Alta,Cancelado,3801.85,Normal,479.77,Normal,12.62,Sobres Eco 7,6,Oficina,Sobres,Vector
C0199,Javiera Torres,2024-02-29,-352,Corporativo,97,Correo,Sur,Los Lagos,2025-03-02,ORD-2024-00705,2023-03-14,Estándar,Crítica,Completado,664.16,Normal,253.82,Normal,38.22,Mesas Smart 1,7,Muebles,Mesas,Orion
C0225,Constanza Pérez,2023-08-19,258,Home Office,88,Correo,Sur,Los Ríos,2024-12-07,ORD-2024-00706,2024-05-03,Primera Clase,Alta,Devuelto,2342.02,Normal,1102.83,Normal,47.09,Archivadores Nova 2,4,Oficina,Archivadores,Alerce
C0225,Constanza Pérez,2023-08-19,258,Home Office,88,Correo,Sur,Los Ríos,2024-12-07,ORD-2024-00706,2024-05-03,Primera Clase,Crítica,Devuelto,4229.46,Normal,1688.67,Normal,39.93,Periféricos Eco 10,6,Tecnología,Periféricos,Andes
C0252,Martina Soto,2023-11-08,158,Corporativo,25,App,Centro,Maule,2024-07-13,ORD-2024-00707,2024-04-14,Primera Clase,Baja,Enviado,1178.43,Normal,428.65,Normal,36.37,Computadores Pro 8,3,Tecnología,Computadores,Lumen
C0253,Jorge Torres,2023-01-10,208,Consumidor,69,Teléfono,Centro,Maule,2024-10-09,ORD-2024-00708,2023-08-06,Segunda Clase,Media,Enviado,690.4,Normal,242.8,Normal,35.17,Mesas Smart 9,5,Muebles,Mesas,Andes
C0294,Fernanda Torres,2024-10-27,54,Consumidor,10,App,Sur,Los Ríos,2024-05-19,ORD-2024-00709,2024-12-20,Estándar,Crítica,Completado,527.25,Normal,242.93,Normal,46.07,Archivadores Plus 5,1,Oficina,Archivadores,Altura
C0024,Catalina Muñoz,2021-05-19,956,Consumidor,52,Web,Norte,Coquimbo,2024-08-26,ORD-2024-00710,2023-12-31,Segunda Clase,Crítica,Completado,108.2,Normal,49.72,Normal,45.95,Sobres Pro 4,2,Oficina,Sobres,Vector
C0024,Catalina Muñoz,2021-05-19,956,Consumidor,52,Web,Norte,Coquimbo,2024-08-26,ORD-2024-00710,2023-12-31,Segunda Clase,Alta,Completado,843.36,Normal,244.92,Normal,29.04,Computadores Eco 9,3,Tecnología,Computadores,Patagonia
C0234,Fernanda Soto,2023-08-10,121,Home Office,90,Correo,Norte,Antofagasta,2024-09-14,ORD-2024-00711,2023-12-09,Mismo Día,Crítica,Completado,812.35,Normal,320.47,Normal,39.45,Teléfonos Flex 2,3,Tecnología,Teléfonos,Vector
C0234,Fernanda Soto,2023-08-10,121,Home Office,90,Correo,Norte,Antofagasta,2024-09-14,ORD-2024-00711,2023-12-09,Mismo Día,Media,Completado,3303.26,Normal,1220.33,Normal,36.94,Accesorios Nova 6,4,Tecnología,Accesorios,Andes
C0005,Daniela Rodríguez,2023-01-29,682,Consumidor,36,Teléfono,Austral,Magallanes,2024-04-08,ORD-2024-00712,2024-12-11,Segunda Clase,Media,Completado,1266.32,Normal,517.84,Normal,40.89,Mesas Smart 10,8,Muebles,Mesas,Vector
C0005,Daniela Rodríguez,2023-01-29,682,Consumidor,36,Teléfono,Austral,Magallanes,2024-04-08,ORD-2024-00712,2024-12-11,Segunda Clase,Alta,Completado,3566.72,Normal,1882.72,Normal,52.79,Accesorios Flex 1,8,Tecnología,Accesorios,Alerce
C0005,Daniela Rodríguez,2023-01-29,682,Consumidor,36,Teléfono,Austral,Magallanes,2024-04-08,ORD-2024-00712,2024-12-11,Segunda Clase,Baja,Completado,1399.21,Normal,215.29,Normal,15.39,Etiquetas Flex 8,3,Oficina,Etiquetas,Patagonia
C0093,Valentina Castillo,2022-07-20,358,Home Office,76,Web,Norte,Antofagasta,2025-01-22,ORD-2024-00713,2023-07-13,Segunda Clase,Alta,Completado,1043.64,Normal,-135.2,Normal,-12.95,Sobres Eco 7,2,Oficina,Sobres,Vector
C0093,Valentina Castillo,2022-07-20,358,Home Office,76,Web,Norte,Antofagasta,2025-01-22,ORD-2024-00713,2023-07-13,Segunda Clase,Baja,Completado,279.62,Normal,50.54,Normal,18.07,Almacenamiento Eco 3,2,Muebles,Almacenamiento,Orion
C0093,Valentina Castillo,2022-07-20,358,Home Office,76,Web,Norte,Antofagasta,2025-01-22,ORD-2024-00713,2023-07-13,Segunda Clase,Alta,Completado,2851.45,Normal,1359.65,Normal,47.68,Libreros Pro 5,7,Muebles,Libreros,Nova
C0282,Luis Espinoza,2021-12-16,944,Corporativo,28,Correo,Austral,Aysén,2024-03-12,ORD-2024-00714,2024-07-17,Mismo Día,Baja,Enviado,689.95,Normal,257.93,Normal,37.38,Computadores Pro 2,2,Tecnología,Computadores,Altura
C0282,Luis Espinoza,2021-12-16,944,Corporativo,28,Correo,Austral,Aysén,2024-03-12,ORD-2024-00714,2024-07-17,Mismo Día,Crítica,Enviado,438.0,Normal,72.9,Normal,16.64,Archivadores Flex 1,1,Oficina,Archivadores,Alerce
C0282,Luis Espinoza,2021-12-16,944,Corporativo,28,Correo,Austral,Aysén,2024-03-12,ORD-2024-00714,2024-07-17,Mismo Día,Crítica,Enviado,2671.44,Normal,791.24,Normal,29.62,Libreros Smart 9,4,Muebles,Libreros,Patagonia
C0282,Luis Espinoza,2021-12-16,944,Corporativo,28,Correo,Austral,Aysén,2024-03-12,ORD-2024-00714,2024-07-17,Mismo Día,Alta,Enviado,630.46,Normal,181.15,Normal,28.73,Almacenamiento Eco 8,3,Muebles,Almacenamiento,Andes
C0170,Sofía Rojas,2022-07-18,485,Consumidor,58,No Especificado,Centro,Metropolitana,2025-01-14,ORD-2024-00715,2023-11-15,Segunda Clase,Media,Devuelto,794.4,Normal,352.99,Normal,44.43,Computadores Plus 1,1,Tecnología,Computadores,Andes
C0170,Sofía Rojas,2022-07-18,485,Consumidor,58,No Especificado,Centro,Metropolitana,2025-01-14,ORD-2024-00715,2023-11-15,Segunda Clase,Media,Devuelto,244.35,Normal,64.85,Normal,26.54,Almacenamiento Nova 9,5,Muebles,Almacenamiento,Alerce
C0170,Sofía Rojas,2022-07-18,485,Consumidor,58,No Especificado,Centro,Metropolitana,2025-01-14,ORD-2024-00715,2023-11-15,Segunda Clase,Alta,Devuelto,2058.84,Normal,645.06,Normal,31.33,Teléfonos Flex 8,3,Tecnología,Teléfonos,Patagonia
C0170,Sofía Rojas,2022-07-18,485,Consumidor,58,No Especificado,Centro,Metropolitana,2025-01-14,ORD-2024-00715,2023-11-15,Segunda Clase,Media,Devuelto,6315.84,Venta Extraordinaria,2905.9,Ganancia Atípica,46.01,Periféricos Nova 6,8,Tecnología,Periféricos,Patagonia
C0269,Javiera Soto,2023-11-21,441,Corporativo,73,Correo,Sur,Los Ríos,2024-01-17,ORD-2024-00716,2025-02-04,Segunda Clase,Media,Completado,2221.11,Normal,644.4,Normal,29.01,Papelería Flex 7,3,Oficina,Papelería,Andes
C0026,Vicente Espinoza,2023-08-27,45,Home Office,70,App,Centro,Maule,2024-12-17,ORD-2024-00717,2023-10-11,Segunda Clase,Baja,Completado,903.06,Normal,213.96,Normal,23.69,Libreros Eco 4,6,Muebles,Libreros,Andes
C0026,Vicente Espinoza,2023-08-27,45,Home Office,70,App,Centro,Maule,2024-12-17,ORD-2024-00717,2023-10-11,Segunda Clase,Media,Completado,4124.46,Normal,1125.58,Normal,27.29,Periféricos Eco 2,6,Tecnología,Periféricos,Vector
C0026,Vicente Espinoza,2023-08-27,45,Home Office,70,App,Centro,Maule,2024-12-17,ORD-2024-00717,2023-10-11,Segunda Clase,Baja,Completado,686.06,Normal,271.73,Normal,39.61,Libreros Pro 5,2,Muebles,Libreros,Nova
C0026,Vicente Espinoza,2023-08-27,45,Home Office,70,App,Centro,Maule,2024-12-17,ORD-2024-00717,2023-10-11,Segunda Clase,Baja,Completado,1482.84,Normal,334.21,Normal,22.54,Mesas Eco 3,5,Muebles,Mesas,Alerce
C0177,Javiera Fuentes,2021-04-16,1357,Home Office,86,Teléfono,Centro,O'Higgins,2025-02-01,ORD-2024-00718,2025-01-02,Mismo Día,Media,Cancelado,594.09,Normal,278.39,Normal,46.86,Sillas Pro 6,7,Muebles,Sillas,Nova
C0177,Javiera Fuentes,2021-04-16,1357,Home Office,86,Teléfono,Centro,O'Higgins,2025-02-01,ORD-2024-00718,2025-01-02,Mismo Día,Baja,Cancelado,511.7,Normal,184.94,Normal,36.14,Teléfonos Plus 7,2,Tecnología,Teléfonos,Alerce
C0177,Javiera Fuentes,2021-04-16,1357,Home Office,86,Teléfono,Centro,O'Higgins,2025-02-01,ORD-2024-00718,2025-01-02,Mismo Día,Baja,Cancelado,115.53,Normal,-2.34,Normal,-2.03,Mesas Eco 4,2,Muebles,Mesas,Altura
C0177,Javiera Fuentes,2021-04-16,1357,Home Office,86,Teléfono,Centro,O'Higgins,2025-02-01,ORD-2024-00718,2025-01-02,Mismo Día,Baja,Cancelado,1467.35,Normal,580.43,Normal,39.56,Sobres Flex 1,3,Oficina,Sobres,Lumen
C0135,Benjamín Flores,2022-10-11,335,Corporativo,79,Correo,Sur,Biobío,2024-01-25,ORD-2024-00719,2023-09-11,Primera Clase,Media,Completado,284.64,Normal,108.78,Normal,38.22,Mesas Smart 1,3,Muebles,Mesas,Orion
C0135,Benjamín Flores,2022-10-11,335,Corporativo,79,Correo,Sur,Biobío,2024-01-25,ORD-2024-00719,2023-09-11,Primera Clase,Baja,Completado,3818.57,Normal,1457.82,Normal,38.18,Teléfonos Pro 6,7,Tecnología,Teléfonos,Orion
C0135,Benjamín Flores,2022-10-11,335,Corporativo,79,Correo,Sur,Biobío,2024-01-25,ORD-2024-00719,2023-09-11,Primera Clase,Crítica,Completado,4152.09,Normal,369.29,Normal,8.89,Sillas Plus 7,7,Muebles,Sillas,Andes
C0135,Benjamín Flores,2022-10-11,335,Corporativo,79,Correo,Sur,Biobío,2024-01-25,ORD-2024-00719,2023-09-11,Primera Clase,Baja,Completado,2405.65,Normal,-529.37,Normal,-22.01,Etiquetas Flex 8,7,Oficina,Etiquetas,Patagonia
C0197,Antonia Contreras,2022-12-21,250,Corporativo,40,App,Centro,Metropolitana,2024-06-17,ORD-2024-00720,2023-08-28,Mismo Día,Alta,Completado,1784.7,Normal,386.64,Normal,21.66,Accesorios Plus 8,5,Tecnología,Accesorios,Andes
C0197,Antonia Contreras,2022-12-21,250,Corporativo,40,App,Centro,Metropolitana,2024-06-17,ORD-2024-00720,2023-08-28,Mismo Día,Crítica,Completado,165.98,Normal,-36.17,Normal,-21.79,Periféricos Nova 9,1,Tecnología,Periféricos,Vector
C0197,Antonia Contreras,2022-12-21,250,Corporativo,40,App,Centro,Metropolitana,2024-06-17,ORD-2024-00720,2023-08-28,Mismo Día,Crítica,Completado,2267.36,Normal,366.24,Normal,16.15,Computadores Plus 6,5,Tecnología,Computadores,Lumen
C0177,Javiera Fuentes,2021-04-16,633,Home Office,86,Teléfono,Centro,O'Higgins,2025-02-01,ORD-2024-00721,2023-01-09,Mismo Día,Baja,Completado,1833.1,Normal,222.1,Normal,12.12,Etiquetas Smart 9,3,Oficina,Etiquetas,Patagonia
C0177,Javiera Fuentes,2021-04-16,633,Home Office,86,Teléfono,Centro,O'Higgins,2025-02-01,ORD-2024-00721,2023-01-09,Mismo Día,Crítica,Completado,1692.4,Normal,847.1,Normal,50.05,Teléfonos Flex 2,5,Tecnología,Teléfonos,Vector
C0071,Martina Sepúlveda,2022-07-11,1022,Consumidor,50,Teléfono,Norte,Coquimbo,2024-01-24,ORD-2024-00722,2025-04-28,Segunda Clase,Crítica,Completado,5342.88,Normal,1582.48,Normal,29.62,Libreros Smart 9,8,Muebles,Libreros,Patagonia
C0076,Isidora Silva,2022-03-26,935,Corporativo,65,Teléfono,Norte,Antofagasta,2024-05-26,ORD-2024-00723,2024-10-16,Estándar,Media,Cancelado,1594.78,Normal,489.7,Normal,30.71,Periféricos Flex 4,4,Tecnología,Periféricos,Orion
C0076,Isidora Silva,2022-03-26,935,Corporativo,65,Teléfono,Norte,Antofagasta,2024-05-26,ORD-2024-00723,2024-10-16,Estándar,Media,Cancelado,146.07,Normal,55.45,Normal,37.96,Sobres Pro 4,3,Oficina,Sobres,Vector
C0076,Isidora Silva,2022-03-26,935,Corporativo,65,Teléfono,Norte,Antofagasta,2024-05-26,ORD-2024-00723,2024-10-16,Estándar,Media,Cancelado,593.16,Normal,71.06,Normal,11.98,Sillas Plus 7,1,Muebles,Sillas,Andes
C0076,Isidora Silva,2022-03-26,935,Corporativo,65,Teléfono,Norte,Antofagasta,2024-05-26,ORD-2024-00723,2024-10-16,Estándar,Baja,Cancelado,3437.05,Normal,872.29,Normal,25.38,Periféricos Eco 2,5,Tecnología,Periféricos,Vector
C0124,Tomás González,2023-04-16,-26,Home Office,38,Web,Sur,Los Ríos,2025-02-23,ORD-2024-00724,2023-03-21,Mismo Día,Crítica,Completado,2658.08,Normal,166.01,Normal,6.25,Sillas Plus 8,5,Muebles,Sillas,Orion
C0289,Vicente Martínez,2021-09-07,1172,Corporativo,60,No Especificado,Norte,Coquimbo,2024-06-23,ORD-2024-00725,2024-11-22,Mismo Día,Media,Enviado,3561.76,Normal,1823.4,Normal,51.19,Archivadores Flex 3,6,Oficina,Archivadores,Vector
C0289,Vicente Martínez,2021-09-07,1172,Corporativo,60,No Especificado,Norte,Coquimbo,2024-06-23,ORD-2024-00725,2024-11-22,Mismo Día,Alta,Enviado,2531.13,Normal,-331.93,Normal,-13.11,Mesas Flex 6,6,Muebles,Mesas,Orion
C0289,Vicente Martínez,2021-09-07,1172,Corporativo,60,No Especificado,Norte,Coquimbo,2024-06-23,ORD-2024-00725,2024-11-22,Mismo Día,Baja,Enviado,531.33,Normal,96.43,Normal,18.15,Mesas Smart 1,7,Muebles,Mesas,Orion
C0221,Valentina Hernández,2021-10-29,642,Home Office,21,No Especificado,Norte,Tarapacá,2024-01-05,ORD-2024-00726,2023-08-02,Primera Clase,Alta,Completado,2227.55,Normal,662.26,Normal,29.73,Almacenamiento Smart 4,6,Muebles,Almacenamiento,Lumen
C0095,Martina Torres,2021-02-05,1473,Corporativo,47,Web,Sur,Biobío,2024-12-10,ORD-2024-00727,2025-02-17,Primera Clase,Media,Completado,332.08,Normal,57.1,Normal,17.19,Mesas Smart 1,5,Muebles,Mesas,Orion
C0095,Martina Torres,2021-02-05,1473,Corporativo,47,Web,Sur,Biobío,2024-12-10,ORD-2024-00727,2025-02-17,Primera Clase,Alta,Completado,72.43,Normal,26.24,Normal,36.23,Accesorios Smart 2,8,Tecnología,Accesorios,Vector
C0095,Martina Torres,2021-02-05,1473,Corporativo,47,Web,Sur,Biobío,2024-12-10,ORD-2024-00727,2025-02-17,Primera Clase,Baja,Completado,94.72,Normal,19.44,Normal,20.52,Archivadores Smart 10,2,Oficina,Archivadores,Andes
C0095,Martina Torres,2021-02-05,1473,Corporativo,47,Web,Sur,Biobío,2024-12-10,ORD-2024-00727,2025-02-17,Primera Clase,Alta,Completado,3531.35,Normal,1345.95,Normal,38.11,Sobres Plus 10,5,Oficina,Sobres,Altura
C0279,Fernanda Araya,2023-12-27,237,Home Office,100,Correo,Centro,Maule,2024-12-12,ORD-2024-00728,2024-08-20,Estándar,Baja,Cancelado,256.97,Normal,109.59,Normal,42.65,Sobres Pro 4,5,Oficina,Sobres,Vector
C0279,Fernanda Araya,2023-12-27,237,Home Office,100,Correo,Centro,Maule,2024-12-12,ORD-2024-00728,2024-08-20,Estándar,Crítica,Cancelado,1563.22,Normal,292.98,Normal,18.74,Mesas Nova 8,7,Muebles,Mesas,Andes
C0279,Fernanda Araya,2023-12-27,237,Home Office,100,Correo,Centro,Maule,2024-12-12,ORD-2024-00728,2024-08-20,Estándar,Baja,Cancelado,562.24,Normal,163.28,Normal,29.04,Computadores Eco 9,2,Tecnología,Computadores,Patagonia
C0254,Isidora Rojas,2022-09-26,640,Consumidor,71,Correo,Sur,Biobío,2024-01-29,ORD-2024-00729,2024-06-27,Estándar,Alta,Completado,1440.32,Normal,426.72,Normal,29.63,Archivadores Pro 4,8,Oficina,Archivadores,Alerce
C0254,Isidora Rojas,2022-09-26,640,Consumidor,71,Correo,Sur,Biobío,2024-01-29,ORD-2024-00729,2024-06-27,Estándar,Alta,Completado,440.38,Normal,139.94,Normal,31.78,Sillas Eco 1,3,Muebles,Sillas,Vector
C0254,Isidora Rojas,2022-09-26,640,Consumidor,71,Correo,Sur,Biobío,2024-01-29,ORD-2024-00729,2024-06-27,Estándar,Crítica,Completado,1265.4,Normal,363.19,Normal,28.7,Archivadores Plus 5,3,Oficina,Archivadores,Altura
C0133,Antonia Hernández,2021-10-23,708,Consumidor,93,Correo,Sur,Los Ríos,2024-12-13,ORD-2024-00730,2023-10-01,Mismo Día,Baja,Enviado,602.04,Normal,142.64,Normal,23.69,Libreros Eco 4,4,Muebles,Libreros,Andes
C0271,Andrés Muñoz,2022-07-31,574,Consumidor,86,Correo,Centro,O'Higgins,2024-01-09,ORD-2024-00731,2024-02-25,Mismo Día,Crítica,Completado,1432.76,Normal,263.03,Normal,18.36,Teléfonos Plus 7,7,Tecnología,Teléfonos,Alerce
C0271,Andrés Muñoz,2022-07-31,574,Consumidor,86,Correo,Centro,O'Higgins,2024-01-09,ORD-2024-00731,2024-02-25,Mismo Día,Alta,Completado,2138.39,Normal,241.79,Normal,11.31,Computadores Plus 5,4,Tecnología,Computadores,Orion
C0271,Andrés Muñoz,2022-07-31,574,Consumidor,86,Correo,Centro,O'Higgins,2024-01-09,ORD-2024-00731,2024-02-25,Mismo Día,Alta,Completado,745.46,Normal,175.97,Normal,23.61,Sobres Eco 7,1,Oficina,Sobres,Vector
C0271,Andrés Muñoz,2022-07-31,574,Consumidor,86,Correo,Centro,O'Higgins,2024-01-09,ORD-2024-00731,2024-02-25,Mismo Día,Baja,Completado,544.91,Normal,135.18,Normal,24.81,Etiquetas Pro 5,3,Oficina,Etiquetas,Lumen
C0013,Daniela Araya,2024-02-08,-27,Corporativo,97,Web,Centro,O'Higgins,2024-05-07,ORD-2024-00732,2024-01-12,Estándar,Media,Completado,487.31,Normal,-42.32,Normal,-8.68,Sobres Nova 8,3,Oficina,Sobres,Alerce
C0066,Paula Silva,2024-09-05,-546,Consumidor,23,Web,Centro,Valparaíso,2025-01-05,ORD-2024-00733,2023-03-09,Segunda Clase,Baja,Completado,133.57,Normal,33.2,Normal,24.86,Accesorios Eco 4,5,Tecnología,Accesorios,Orion
C0066,Paula Silva,2024-09-05,-546,Consumidor,23,Web,Centro,Valparaíso,2025-01-05,ORD-2024-00733,2023-03-09,Segunda Clase,Baja,Completado,33.82,Normal,13.73,Normal,40.6,Archivadores Eco 9,4,Oficina,Archivadores,Orion
C0066,Paula Silva,2024-09-05,-546,Consumidor,23,Web,Centro,Valparaíso,2025-01-05,ORD-2024-00733,2023-03-09,Segunda Clase,Media,Completado,451.53,Normal,106.98,Normal,23.69,Libreros Eco 4,3,Muebles,Libreros,Andes
C0066,Paula Silva,2024-09-05,-546,Consumidor,23,Web,Centro,Valparaíso,2025-01-05,ORD-2024-00733,2023-03-09,Segunda Clase,Crítica,Completado,1474.51,Normal,181.04,Normal,12.28,Sillas Smart 9,6,Muebles,Sillas,Orion
C0091,Valentina Hernández,2023-08-10,517,Consumidor,53,Correo,Norte,Tarapacá,2025-01-07,ORD-2024-00734,2025-01-08,Mismo Día,Alta,Completado,1363.99,Normal,144.17,Normal,10.57,Sillas Eco 5,3,Muebles,Sillas,Lumen
C0091,Valentina Hernández,2023-08-10,517,Consumidor,53,Correo,Norte,Tarapacá,2025-01-07,ORD-2024-00734,2025-01-08,Mismo Día,Media,Completado,853.37,Normal,385.8,Normal,45.21,Etiquetas Eco 6,4,Oficina,Etiquetas,Vector
C0227,Diego Díaz,2022-05-04,474,Consumidor,91,Correo,Sur,Los Ríos,2024-09-06,ORD-2024-00735,2023-08-21,Segunda Clase,Media,Enviado,5303.51,Normal,1105.88,Normal,20.85,Sillas Plus 7,8,Muebles,Sillas,Andes
C0227,Diego Díaz,2022-05-04,474,Consumidor,91,Correo,Sur,Los Ríos,2024-09-06,ORD-2024-00735,2023-08-21,Segunda Clase,Alta,Enviado,818.72,Normal,171.19,Normal,20.91,Teléfonos Plus 7,4,Tecnología,Teléfonos,Alerce
C0227,Diego Díaz,2022-05-04,474,Consumidor,91,Correo,Sur,Los Ríos,2024-09-06,ORD-2024-00735,2023-08-21,Segunda Clase,Baja,Enviado,5706.69,Normal,1533.25,Normal,26.87,Accesorios Flex 5,8,Tecnología,Accesorios,Vector
C0283,Josefa Díaz,2021-02-08,1162,Consumidor,50,Correo,Austral,Magallanes,2024-12-18,ORD-2024-00736,2024-04-15,Mismo Día,Baja,Completado,666.64,Normal,174.72,Normal,26.21,Archivadores Nova 8,3,Oficina,Archivadores,Lumen
C0008,Jorge Muñoz,2023-04-02,412,Corporativo,18,Teléfono,Centro,Maule,2024-09-20,ORD-2024-00737,2024-05-18,Segunda Clase,Crítica,Completado,721.41,Normal,-3.55,Normal,-0.49,Archivadores Flex 1,2,Oficina,Archivadores,Alerce
C0008,Jorge Muñoz,2023-04-02,412,Corporativo,18,Teléfono,Centro,Maule,2024-09-20,ORD-2024-00737,2024-05-18,Segunda Clase,Crítica,Completado,2791.08,Normal,1017.98,Normal,36.47,Sobres Plus 9,5,Oficina,Sobres,Andes
C0103,Fernanda Soto,2022-06-02,545,Consumidor,24,Correo,Austral,Aysén,2025-01-26,ORD-2024-00738,2023-11-29,Segunda Clase,Alta,Completado,1576.29,Normal,387.57,Normal,24.59,Teléfonos Eco 9,3,Tecnología,Teléfonos,Andes
C0103,Fernanda Soto,2022-06-02,545,Consumidor,24,Correo,Austral,Aysén,2025-01-26,ORD-2024-00738,2023-11-29,Segunda Clase,Media,Completado,2252.54,Normal,165.53,Normal,7.35,Periféricos Nova 3,3,Tecnología,Periféricos,Altura
C0095,Martina Torres,2021-02-05,877,Corporativo,47,Web,Sur,Biobío,2024-12-10,ORD-2024-00739,2023-07-02,Mismo Día,Media,Completado,2772.78,Normal,1327.86,Normal,47.89,Computadores Pro 8,6,Tecnología,Computadores,Lumen
C0095,Martina Torres,2021-02-05,877,Corporativo,47,Web,Sur,Biobío,2024-12-10,ORD-2024-00739,2023-07-02,Mismo Día,Baja,Completado,588.62,Normal,254.31,Normal,43.2,Etiquetas Pro 7,8,Oficina,Etiquetas,Orion
C0095,Martina Torres,2021-02-05,877,Corporativo,47,Web,Sur,Biobío,2024-12-10,ORD-2024-00739,2023-07-02,Mismo Día,Crítica,Completado,601.07,Normal,133.78,Normal,22.26,Libreros Smart 9,1,Muebles,Libreros,Patagonia
C0142,Tomás Soto,2023-06-24,-67,Consumidor,85,Teléfono,Centro,Maule,2024-04-04,ORD-2024-00740,2023-04-18,Segunda Clase,Baja,Completado,17.97,Normal,8.41,Normal,46.8,Archivadores Eco 9,2,Oficina,Archivadores,Orion
C0142,Tomás Soto,2023-06-24,-67,Consumidor,85,Teléfono,Centro,Maule,2024-04-04,ORD-2024-00740,2023-04-18,Segunda Clase,Baja,Completado,1967.84,Normal,571.48,Normal,29.04,Computadores Eco 9,7,Tecnología,Computadores,Patagonia
C0142,Tomás Soto,2023-06-24,-67,Consumidor,85,Teléfono,Centro,Maule,2024-04-04,ORD-2024-00740,2023-04-18,Segunda Clase,Crítica,Completado,1439.4,Normal,604.27,Normal,41.98,Libreros Smart 6,5,Muebles,Libreros,Lumen
C0188,Nicolás Sepúlveda,2022-03-28,674,Consumidor,86,Correo,Centro,O'Higgins,2024-06-09,ORD-2024-00741,2024-01-31,Estándar,Baja,Enviado,1766.7,Normal,381.74,Normal,21.61,Periféricos Nova 3,2,Tecnología,Periféricos,Altura
C0188,Nicolás Sepúlveda,2022-03-28,674,Consumidor,86,Correo,Centro,O'Higgins,2024-06-09,ORD-2024-00741,2024-01-31,Estándar,Alta,Enviado,1000.69,Normal,-16.62,Normal,-1.66,Sillas Plus 8,2,Muebles,Sillas,Orion
C0188,Nicolás Sepúlveda,2022-03-28,674,Consumidor,86,Correo,Centro,O'Higgins,2024-06-09,ORD-2024-00741,2024-01-31,Estándar,Alta,Enviado,1152.74,Normal,172.43,Normal,14.96,Accesorios Nova 10,2,Tecnología,Accesorios,Andes
C0009,Isidora Morales,2024-09-04,-29,Consumidor,60,Correo,Centro,O'Higgins,2024-02-14,ORD-2024-00742,2024-08-06,Segunda Clase,Baja,Completado,1598.48,Normal,118.32,Normal,7.4,Mesas Nova 8,8,Muebles,Mesas,Andes
C0009,Isidora Morales,2024-09-04,-29,Consumidor,60,Correo,Centro,O'Higgins,2024-02-14,ORD-2024-00742,2024-08-06,Segunda Clase,Media,Completado,465.68,Normal,230.21,Normal,49.44,Libreros Plus 2,1,Muebles,Libreros,Vector
C0009,Isidora Morales,2024-09-04,-29,Consumidor,60,Correo,Centro,O'Higgins,2024-02-14,ORD-2024-00742,2024-08-06,Segunda Clase,Crítica,Completado,1807.95,Normal,482.97,Normal,26.71,Mesas Flex 6,3,Muebles,Mesas,Orion
C0050,Benjamín Soto,2023-04-25,25,Consumidor,32,Web,Sur,La Araucanía,2024-09-15,ORD-2024-00743,2023-05-20,Estándar,Crítica,Completado,1495.42,Normal,38.06,Normal,2.55,Archivadores Smart 7,7,Oficina,Archivadores,Altura
C0050,Benjamín Soto,2023-04-25,25,Consumidor,32,Web,Sur,La Araucanía,2024-09-15,ORD-2024-00743,2023-05-20,Estándar,Media,Completado,345.9,Normal,-14.93,Normal,-4.32,Mesas Nova 2,1,Muebles,Mesas,Lumen
C0219,Sebastián Soto,2024-05-23,-6,Consumidor,42,App,Sur,Los Ríos,2024-04-28,ORD-2024-00744,2024-05-17,Mismo Día,Crítica,Completado,579.94,Normal,28.03,Normal,4.83,Mesas Smart 9,6,Muebles,Mesas,Andes
C0181,Pedro Martínez,2022-09-25,340,Home Office,54,Teléfono,Centro,Valparaíso,2024-05-13,ORD-2024-00745,2023-08-31,Primera Clase,Media,Completado,480.35,Normal,217.79,Normal,45.34,Almacenamiento Eco 8,2,Muebles,Almacenamiento,Andes
C0016,Diego Araya,2022-02-12,847,Home Office,57,App,Sur,Biobío,2025-01-20,ORD-2024-00746,2024-06-08,Primera Clase,Baja,Completado,2337.9,Normal,1189.8,Normal,50.89,Teléfonos Pro 6,3,Tecnología,Teléfonos,Orion
C0016,Diego Araya,2022-02-12,847,Home Office,57,App,Sur,Biobío,2025-01-20,ORD-2024-00746,2024-06-08,Primera Clase,Crítica,Completado,72.14,Normal,27.11,Normal,37.58,Sillas Pro 6,1,Muebles,Sillas,Nova
C0140,Ignacio López,2024-10-31,-380,Home Office,73,App,Centro,Maule,2024-07-28,ORD-2024-00747,2023-10-17,Primera Clase,Crítica,Enviado,616.32,Normal,307.39,Normal,49.88,Archivadores Nova 2,1,Oficina,Archivadores,Alerce
C0203,Ignacio Araya,2023-08-06,96,Corporativo,67,Web,Centro,Valparaíso,2025-01-25,ORD-2024-00748,2023-11-10,Mismo Día,Baja,Enviado,2310.06,Normal,56.4,Normal,2.44,Almacenamiento Smart 4,8,Muebles,Almacenamiento,Lumen
C0203,Ignacio Araya,2023-08-06,96,Corporativo,67,Web,Centro,Valparaíso,2025-01-25,ORD-2024-00748,2023-11-10,Mismo Día,Crítica,Enviado,264.06,Normal,10.03,Normal,3.8,Mesas Eco 4,4,Muebles,Mesas,Altura
C0203,Ignacio Araya,2023-08-06,96,Corporativo,67,Web,Centro,Valparaíso,2025-01-25,ORD-2024-00748,2023-11-10,Mismo Día,Baja,Enviado,316.01,Normal,79.17,Normal,25.05,Papelería Plus 9,1,Oficina,Papelería,Vector
C0012,Sofía Soto,2023-05-15,282,Home Office,59,Web,Norte,Tarapacá,2024-09-01,ORD-2024-00749,2024-02-21,Estándar,Crítica,Completado,5352.97,Normal,1581.65,Normal,29.55,Periféricos Nova 5,7,Tecnología,Periféricos,Orion
C0012,Sofía Soto,2023-05-15,282,Home Office,59,Web,Norte,Tarapacá,2024-09-01,ORD-2024-00749,2024-02-21,Estándar,Crítica,Completado,937.94,Normal,238.69,Normal,25.45,Teléfonos Plus 1,2,Tecnología,Teléfonos,Lumen
C0012,Sofía Soto,2023-05-15,282,Home Office,59,Web,Norte,Tarapacá,2024-09-01,ORD-2024-00749,2024-02-21,Estándar,Alta,Completado,1602.38,Normal,420.7,Normal,26.25,Computadores Eco 9,6,Tecnología,Computadores,Patagonia
C0012,Sofía Soto,2023-05-15,282,Home Office,59,Web,Norte,Tarapacá,2024-09-01,ORD-2024-00749,2024-02-21,Estándar,Alta,Completado,917.92,Normal,423.68,Normal,46.16,Almacenamiento Eco 6,8,Muebles,Almacenamiento,Patagonia
C0057,Luis Fuentes,2023-12-01,-169,Consumidor,56,App,Sur,Los Lagos,2024-09-07,ORD-2024-00750,2023-06-15,Mismo Día,Alta,Completado,2979.34,Normal,754.46,Normal,25.32,Teléfonos Plus 1,6,Tecnología,Teléfonos,Lumen
C0057,Luis Fuentes,2023-12-01,-169,Consumidor,56,App,Sur,Los Lagos,2024-09-07,ORD-2024-00750,2023-06-15,Mismo Día,Crítica,Completado,290.78,Normal,30.8,Normal,10.59,Almacenamiento Nova 9,7,Muebles,Almacenamiento,Alerce
C0223,Jorge López,2023-02-07,216,Consumidor,13,App,Sur,Biobío,2024-07-10,ORD-2024-00751,2023-09-11,Primera Clase,Alta,Enviado,3710.05,Normal,1557.15,Normal,41.97,Periféricos Eco 10,5,Tecnología,Periféricos,Andes
C0223,Jorge López,2023-02-07,216,Consumidor,13,App,Sur,Biobío,2024-07-10,ORD-2024-00751,2023-09-11,Primera Clase,Media,Enviado,78.19,Normal,5.85,Normal,7.48,Almacenamiento Nova 9,2,Muebles,Almacenamiento,Alerce
C0125,Carlos Pérez,2022-08-21,855,Corporativo,63,Teléfono,Centro,O'Higgins,2024-05-01,ORD-2024-00752,2024-12-23,Primera Clase,Alta,Completado,2604.78,Normal,549.48,Normal,21.1,Accesorios Plus 3,3,Tecnología,Accesorios,Altura
C0125,Carlos Pérez,2022-08-21,855,Corporativo,63,Teléfono,Centro,O'Higgins,2024-05-01,ORD-2024-00752,2024-12-23,Primera Clase,Crítica,Completado,3001.53,Normal,1511.86,Normal,50.37,Libreros Pro 5,7,Muebles,Libreros,Nova
C0125,Carlos Pérez,2022-08-21,855,Corporativo,63,Teléfono,Centro,O'Higgins,2024-05-01,ORD-2024-00752,2024-12-23,Primera Clase,Media,Completado,2249.53,Normal,1123.67,Normal,49.95,Archivadores Flex 3,4,Oficina,Archivadores,Vector
C0054,Catalina Araya,2024-10-23,-653,Corporativo,13,Teléfono,Sur,La Araucanía,2024-08-14,ORD-2024-00753,2023-01-09,Segunda Clase,Alta,Completado,163.74,Normal,4.07,Normal,2.49,Archivadores Nova 8,1,Oficina,Archivadores,Lumen
C0054,Catalina Araya,2024-10-23,-653,Corporativo,13,Teléfono,Sur,La Araucanía,2024-08-14,ORD-2024-00753,2023-01-09,Segunda Clase,Crítica,Completado,3054.84,Normal,496.09,Normal,16.24,Computadores Plus 5,5,Tecnología,Computadores,Orion
C0054,Catalina Araya,2024-10-23,-653,Corporativo,13,Teléfono,Sur,La Araucanía,2024-08-14,ORD-2024-00753,2023-01-09,Segunda Clase,Baja,Completado,1615.8,Normal,584.91,Normal,36.2,Etiquetas Nova 3,3,Oficina,Etiquetas,Alerce
C0054,Catalina Araya,2024-10-23,-653,Corporativo,13,Teléfono,Sur,La Araucanía,2024-08-14,ORD-2024-00753,2023-01-09,Segunda Clase,Alta,Completado,3911.76,Normal,1289.47,Normal,32.96,Accesorios Nova 6,5,Tecnología,Accesorios,Andes
C0196,Fernanda Silva,2021-12-11,451,Corporativo,75,Web,Centro,Valparaíso,2024-03-19,ORD-2024-00754,2023-03-07,Estándar,Baja,Completado,3152.58,Normal,775.14,Normal,24.59,Teléfonos Eco 9,6,Tecnología,Teléfonos,Andes
C0105,Diego Rojas,2021-08-31,1239,Consumidor,87,Correo,Austral,Magallanes,2024-12-04,ORD-2024-00755,2025-01-21,Primera Clase,Crítica,Enviado,3894.92,Normal,741.77,Normal,19.04,Computadores Plus 5,6,Tecnología,Computadores,Orion
C0105,Diego Rojas,2021-08-31,1239,Consumidor,87,Correo,Austral,Magallanes,2024-12-04,ORD-2024-00755,2025-01-21,Primera Clase,Media,Enviado,3120.88,Normal,1647.38,Normal,52.79,Accesorios Flex 1,7,Tecnología,Accesorios,Alerce
C0105,Diego Rojas,2021-08-31,1239,Consumidor,87,Correo,Austral,Magallanes,2024-12-04,ORD-2024-00755,2025-01-21,Primera Clase,Media,Enviado,3666.81,Normal,1361.86,Normal,37.14,Accesorios Flex 9,5,Tecnología,Accesorios,Patagonia
C0105,Diego Rojas,2021-08-31,1239,Consumidor,87,Correo,Austral,Magallanes,2024-12-04,ORD-2024-00755,2025-01-21,Primera Clase,Baja,Enviado,2014.46,Normal,382.43,Normal,18.98,Periféricos Flex 4,6,Tecnología,Periféricos,Orion
C0038,Nicolás Espinoza,2023-12-07,-112,Home Office,43,Teléfono,Sur,Biobío,2025-01-22,ORD-2024-00756,2023-08-17,Segunda Clase,Media,Completado,5345.97,Normal,1708.35,Normal,31.96,Computadores Plus 5,7,Tecnología,Computadores,Orion
C0038,Nicolás Espinoza,2023-12-07,-112,Home Office,43,Teléfono,Sur,Biobío,2025-01-22,ORD-2024-00756,2023-08-17,Segunda Clase,Alta,Completado,3388.35,Normal,1198.66,Normal,35.38,Accesorios Flex 5,4,Tecnología,Accesorios,Vector
C0094,Jorge Fuentes,2024-02-12,-136,Corporativo,98,App,Norte,Antofagasta,2024-06-01,ORD-2024-00757,2023-09-29,Segunda Clase,Baja,Completado,3451.39,Normal,1191.75,Normal,34.53,Archivadores Nova 2,7,Oficina,Archivadores,Alerce
C0094,Jorge Fuentes,2024-02-12,-136,Corporativo,98,App,Norte,Antofagasta,2024-06-01,ORD-2024-00757,2023-09-29,Segunda Clase,Alta,Completado,5350.02,Normal,2045.16,Ganancia Atípica,38.23,Accesorios Flex 5,6,Tecnología,Accesorios,Vector
C0094,Jorge Fuentes,2024-02-12,-136,Corporativo,98,App,Norte,Antofagasta,2024-06-01,ORD-2024-00757,2023-09-29,Segunda Clase,Baja,Completado,289.12,Normal,77.17,Normal,26.69,Sillas Smart 9,1,Muebles,Sillas,Orion
C0094,Jorge Fuentes,2024-02-12,-136,Corporativo,98,App,Norte,Antofagasta,2024-06-01,ORD-2024-00757,2023-09-29,Segunda Clase,Baja,Completado,296.18,Normal,-9.26,Normal,-3.13,Papelería Pro 3,8,Oficina,Papelería,Altura
C0239,Martina Torres,2023-11-30,-64,Corporativo,20,Teléfono,Norte,Tarapacá,2024-05-03,ORD-2024-00758,2023-09-27,Primera Clase,Alta,Completado,4171.2,Normal,2251.32,Ganancia Atípica,53.97,Computadores Flex 10,6,Tecnología,Computadores,Alerce
C0239,Martina Torres,2023-11-30,-64,Corporativo,20,Teléfono,Norte,Tarapacá,2024-05-03,ORD-2024-00758,2023-09-27,Primera Clase,Alta,Completado,3445.7,Normal,1149.2,Normal,33.35,Mesas Plus 5,7,Muebles,Mesas,Vector
C0082,María Muñoz,2022-05-22,427,Consumidor,12,App,Centro,Maule,2024-08-17,ORD-2024-00759,2023-07-23,Segunda Clase,Baja,Completado,2214.06,Normal,174.19,Normal,7.87,Accesorios Plus 3,3,Tecnología,Accesorios,Altura
C0082,María Muñoz,2022-05-22,427,Consumidor,12,App,Centro,Maule,2024-08-17,ORD-2024-00759,2023-07-23,Segunda Clase,Media,Completado,1848.52,Normal,885.24,Normal,47.89,Computadores Pro 8,4,Tecnología,Computadores,Lumen
C0102,Sofía Torres,2021-01-26,964,Consumidor,70,No Especificado,Centro,Metropolitana,2025-03-24,ORD-2024-00760,2023-09-17,Estándar,Baja,Completado,3935.23,Normal,729.64,Normal,18.54,Etiquetas Eco 1,8,Oficina,Etiquetas,Nova
C0102,Sofía Torres,2021-01-26,964,Consumidor,70,No Especificado,Centro,Metropolitana,2025-03-24,ORD-2024-00760,2023-09-17,Estándar,Alta,Completado,3610.67,Normal,1332.73,Normal,36.91,Mesas Smart 7,7,Muebles,Mesas,Patagonia
C0102,Sofía Torres,2021-01-26,964,Consumidor,70,No Especificado,Centro,Metropolitana,2025-03-24,ORD-2024-00760,2023-09-17,Estándar,Baja,Completado,1522.13,Normal,255.41,Normal,16.78,Archivadores Smart 7,6,Oficina,Archivadores,Altura
C0102,Sofía Torres,2021-01-26,964,Consumidor,70,No Especificado,Centro,Metropolitana,2025-03-24,ORD-2024-00760,2023-09-17,Estándar,Baja,Completado,3371.82,Normal,1465.25,Normal,43.46,Computadores Pro 3,5,Tecnología,Computadores,Patagonia
C0089,Sofía Fuentes,2023-12-05,-102,Consumidor,88,Teléfono,Norte,Tarapacá,2024-10-02,ORD-2024-00761,2023-08-25,Mismo Día,Media,Enviado,101.23,Normal,21.02,Normal,20.76,Accesorios Eco 4,4,Tecnología,Accesorios,Orion
C0089,Sofía Fuentes,2023-12-05,-102,Consumidor,88,Teléfono,Norte,Tarapacá,2024-10-02,ORD-2024-00761,2023-08-25,Mismo Día,Baja,Enviado,2347.06,Normal,784.97,Normal,33.44,Accesorios Nova 6,3,Tecnología,Accesorios,Andes
C0047,Ana Díaz,2021-11-02,890,Consumidor,57,Web,Centro,O'Higgins,2024-02-09,ORD-2024-00762,2024-04-10,Segunda Clase,Crítica,Completado,3654.06,Normal,1397.1,Normal,38.23,Sobres Smart 3,6,Oficina,Sobres,Patagonia
C0133,Antonia Hernández,2021-10-23,1111,Consumidor,93,Correo,Sur,Los Ríos,2024-12-13,ORD-2024-00763,2024-11-07,Estándar,Crítica,Enviado,359.65,Normal,65.73,Normal,18.28,Papelería Pro 3,8,Oficina,Papelería,Altura
C0133,Antonia Hernández,2021-10-23,1111,Consumidor,93,Correo,Sur,Los Ríos,2024-12-13,ORD-2024-00763,2024-11-07,Estándar,Alta,Enviado,210.79,Normal,107.09,Normal,50.8,Teléfonos Pro 4,3,Tecnología,Teléfonos,Alerce
C0133,Antonia Hernández,2021-10-23,1111,Consumidor,93,Correo,Sur,Los Ríos,2024-12-13,ORD-2024-00763,2024-11-07,Estándar,Crítica,Enviado,1654.41,Normal,678.75,Normal,41.03,Papelería Eco 2,4,Oficina,Papelería,Orion
C0133,Antonia Hernández,2021-10-23,1111,Consumidor,93,Correo,Sur,Los Ríos,2024-12-13,ORD-2024-00763,2024-11-07,Estándar,Baja,Enviado,2092.17,Normal,567.89,Normal,27.14,Papelería Smart 1,3,Oficina,Papelería,Altura
C0093,Valentina Castillo,2022-07-20,324,Home Office,76,Web,Norte,Antofagasta,2025-01-22,ORD-2024-00764,2023-06-09,Primera Clase,Media,Enviado,1052.6,Normal,210.54,Normal,20.0,Archivadores Nova 8,5,Oficina,Archivadores,Lumen
C0093,Valentina Castillo,2022-07-20,324,Home Office,76,Web,Norte,Antofagasta,2025-01-22,ORD-2024-00764,2023-06-09,Primera Clase,Crítica,Enviado,5499.28,Normal,1432.96,Normal,26.06,Periféricos Eco 2,8,Tecnología,Periféricos,Vector
C0093,Valentina Castillo,2022-07-20,324,Home Office,76,Web,Norte,Antofagasta,2025-01-22,ORD-2024-00764,2023-06-09,Primera Clase,Baja,Enviado,825.02,Normal,303.52,Normal,36.79,Almacenamiento Smart 4,2,Muebles,Almacenamiento,Lumen
C0093,Valentina Castillo,2022-07-20,324,Home Office,76,Web,Norte,Antofagasta,2025-01-22,ORD-2024-00764,2023-06-09,Primera Clase,Baja,Enviado,338.48,Normal,169.42,Normal,50.05,Teléfonos Flex 2,1,Tecnología,Teléfonos,Vector
C0121,Sebastián Muñoz,2023-11-28,382,Consumidor,89,Teléfono,Austral,Aysén,2024-10-21,ORD-2024-00765,2024-12-14,Estándar,Baja,Completado,96.66,Normal,10.59,Normal,10.96,Mesas Smart 9,1,Muebles,Mesas,Andes
C0116,Luis Soto,2023-11-29,280,Corporativo,45,Correo,Centro,Metropolitana,2024-10-03,ORD-2024-00766,2024-09-04,Segunda Clase,Media,Completado,738.15,Normal,219.87,Normal,29.79,Archivadores Plus 5,2,Oficina,Archivadores,Altura
C0116,Luis Soto,2023-11-29,280,Corporativo,45,Correo,Centro,Metropolitana,2024-10-03,ORD-2024-00766,2024-09-04,Segunda Clase,Media,Completado,3362.75,Normal,109.29,Normal,3.25,Teléfonos Eco 9,8,Tecnología,Teléfonos,Andes
C0116,Luis Soto,2023-11-29,280,Corporativo,45,Correo,Centro,Metropolitana,2024-10-03,ORD-2024-00766,2024-09-04,Segunda Clase,Alta,Completado,2248.96,Normal,653.12,Normal,29.04,Computadores Eco 9,8,Tecnología,Computadores,Patagonia
C0149,Sebastián Soto,2021-09-28,613,Consumidor,77,Teléfono,Centro,Maule,2024-08-01,ORD-2024-00767,2023-06-03,Primera Clase,Baja,Completado,763.02,Normal,323.99,Normal,42.46,Almacenamiento Eco 6,7,Muebles,Almacenamiento,Patagonia
C0149,Sebastián Soto,2021-09-28,613,Consumidor,77,Teléfono,Centro,Maule,2024-08-01,ORD-2024-00767,2023-06-03,Primera Clase,Alta,Completado,1334.26,Normal,393.64,Normal,29.5,Papelería Plus 9,4,Oficina,Papelería,Vector
C0149,Sebastián Soto,2021-09-28,613,Consumidor,77,Teléfono,Centro,Maule,2024-08-01,ORD-2024-00767,2023-06-03,Primera Clase,Crítica,Completado,1896.88,Normal,385.6,Normal,20.33,Periféricos Nova 9,8,Tecnología,Periféricos,Vector
C0261,Luis González,2021-04-04,1250,Consumidor,93,Teléfono,Norte,Coquimbo,2024-09-27,ORD-2024-00768,2024-09-05,Mismo Día,Alta,Completado,48.29,Normal,11.48,Normal,23.77,Accesorios Smart 2,6,Tecnología,Accesorios,Vector
C0261,Luis González,2021-04-04,1250,Consumidor,93,Teléfono,Norte,Coquimbo,2024-09-27,ORD-2024-00768,2024-09-05,Mismo Día,Crítica,Completado,3865.06,Normal,859.2,Normal,22.23,Accesorios Nova 10,6,Tecnología,Accesorios,Andes
C0255,Javiera Fuentes,2021-06-01,842,Home Office,50,No Especificado,Sur,Los Ríos,2024-01-05,ORD-2024-00769,2023-09-21,Mismo Día,Media,Completado,3813.12,Normal,1266.4,Normal,33.21,Computadores Plus 1,6,Tecnología,Computadores,Andes
C0255,Javiera Fuentes,2021-06-01,842,Home Office,50,No Especificado,Sur,Los Ríos,2024-01-05,ORD-2024-00769,2023-09-21,Mismo Día,Media,Completado,1316.39,Normal,-88.5,Normal,-6.72,Mesas Nova 8,8,Muebles,Mesas,Andes
C0082,María Muñoz,2022-05-22,591,Consumidor,12,App,Centro,Maule,2024-08-17,ORD-2024-00770,2024-01-03,Mismo Día,Media,Completado,1576.29,Normal,387.57,Normal,24.59,Teléfonos Eco 9,3,Tecnología,Teléfonos,Andes
C0078,Ignacio Flores,2023-03-18,530,Consumidor,20,Web,Austral,Magallanes,2024-03-10,ORD-2024-00771,2024-08-29,Mismo Día,Crítica,Cancelado,2521.39,Normal,1005.15,Normal,39.86,Teléfonos Flex 10,6,Tecnología,Teléfonos,Lumen
C0120,Fernanda Díaz,2023-11-20,123,Corporativo,94,Web,Centro,Valparaíso,2024-04-29,ORD-2024-00772,2024-03-22,Segunda Clase,Crítica,Completado,3966.85,Normal,1991.4,Normal,50.2,Computadores Pro 3,5,Tecnología,Computadores,Patagonia
C0120,Fernanda Díaz,2023-11-20,123,Corporativo,94,Web,Centro,Valparaíso,2024-04-29,ORD-2024-00772,2024-03-22,Segunda Clase,Baja,Completado,3661.63,Normal,659.11,Normal,18.0,Accesorios Nova 10,6,Tecnología,Accesorios,Andes
C0120,Fernanda Díaz,2023-11-20,123,Corporativo,94,Web,Centro,Valparaíso,2024-04-29,ORD-2024-00772,2024-03-22,Segunda Clase,Baja,Completado,317.34,Normal,103.08,Normal,32.48,Papelería Pro 3,6,Oficina,Papelería,Altura
C0120,Fernanda Díaz,2023-11-20,123,Corporativo,94,Web,Centro,Valparaíso,2024-04-29,ORD-2024-00772,2024-03-22,Segunda Clase,Media,Completado,281.12,Normal,81.64,Normal,29.04,Computadores Eco 9,1,Tecnología,Computadores,Patagonia
C0081,Felipe González,2024-01-10,-309,Home Office,54,Web,Centro,Maule,2024-07-10,ORD-2024-00773,2023-03-07,Segunda Clase,Baja,Completado,983.81,Normal,195.16,Normal,19.84,Etiquetas Eco 1,2,Oficina,Etiquetas,Nova
C0081,Felipe González,2024-01-10,-309,Home Office,54,Web,Centro,Maule,2024-07-10,ORD-2024-00773,2023-03-07,Segunda Clase,Crítica,Completado,3697.92,Normal,1844.34,Normal,49.88,Archivadores Nova 2,6,Oficina,Archivadores,Alerce
C0275,Carlos López,2022-11-26,547,Corporativo,28,Teléfono,Centro,Maule,2024-02-09,ORD-2024-00774,2024-05-26,Estándar,Alta,Completado,335.74,Normal,66.38,Normal,19.77,Periféricos Flex 4,1,Tecnología,Periféricos,Orion
C0275,Carlos López,2022-11-26,547,Corporativo,28,Teléfono,Centro,Maule,2024-02-09,ORD-2024-00774,2024-05-26,Estándar,Crítica,Completado,801.12,Normal,174.15,Normal,21.74,Archivadores Smart 7,3,Oficina,Archivadores,Altura
C0275,Carlos López,2022-11-26,547,Corporativo,28,Teléfono,Centro,Maule,2024-02-09,ORD-2024-00774,2024-05-26,Estándar,Crítica,Completado,4442.87,Normal,1176.83,Normal,26.49,Computadores Pro 3,8,Tecnología,Computadores,Patagonia
C0126,Jorge Hernández,2021-10-24,755,Home Office,34,Correo,Centro,Valparaíso,2025-03-24,ORD-2024-00775,2023-11-18,Primera Clase,Media,Completado,3532.45,Normal,1549.85,Normal,43.87,Archivadores Pro 6,5,Oficina,Archivadores,Patagonia
C0126,Jorge Hernández,2021-10-24,755,Home Office,34,Correo,Centro,Valparaíso,2025-03-24,ORD-2024-00775,2023-11-18,Primera Clase,Media,Completado,2310.65,Normal,1106.55,Normal,47.89,Computadores Pro 8,5,Tecnología,Computadores,Lumen
C0126,Jorge Hernández,2021-10-24,755,Home Office,34,Correo,Centro,Valparaíso,2025-03-24,ORD-2024-00775,2023-11-18,Primera Clase,Media,Completado,4314.24,Normal,2151.73,Ganancia Atípica,49.88,Archivadores Nova 2,7,Oficina,Archivadores,Alerce
C0126,Jorge Hernández,2021-10-24,755,Home Office,34,Correo,Centro,Valparaíso,2025-03-24,ORD-2024-00775,2023-11-18,Primera Clase,Baja,Completado,726.62,Normal,317.6,Normal,43.71,Computadores Nova 4,1,Tecnología,Computadores,Vector
C0146,Javiera Silva,2022-12-23,176,Home Office,91,App,Austral,Aysén,2024-03-14,ORD-2024-00776,2023-06-17,Estándar,Crítica,Enviado,719.7,Normal,370.06,Normal,51.42,Libreros Smart 6,2,Muebles,Libreros,Lumen
C0146,Javiera Silva,2022-12-23,176,Home Office,91,App,Austral,Aysén,2024-03-14,ORD-2024-00776,2023-06-17,Estándar,Baja,Enviado,3114.66,Normal,1388.73,Normal,44.59,Teléfonos Flex 10,7,Tecnología,Teléfonos,Lumen
C0146,Javiera Silva,2022-12-23,176,Home Office,91,App,Austral,Aysén,2024-03-14,ORD-2024-00776,2023-06-17,Estándar,Baja,Enviado,2097.94,Normal,1060.45,Normal,50.55,Papelería Flex 4,3,Oficina,Papelería,Altura
C0146,Javiera Silva,2022-12-23,176,Home Office,91,App,Austral,Aysén,2024-03-14,ORD-2024-00776,2023-06-17,Estándar,Baja,Enviado,1269.12,Normal,178.23,Normal,14.04,Accesorios Plus 8,4,Tecnología,Accesorios,Andes
C0087,Tomás Fuentes,2023-01-29,695,Home Office,74,Web,Sur,Los Ríos,2025-03-16,ORD-2024-00777,2024-12-24,Segunda Clase,Baja,Cancelado,5078.67,Normal,1401.17,Normal,27.59,Computadores Plus 5,7,Tecnología,Computadores,Orion
C0087,Tomás Fuentes,2023-01-29,695,Home Office,74,Web,Sur,Los Ríos,2025-03-16,ORD-2024-00777,2024-12-24,Segunda Clase,Alta,Cancelado,473.29,Normal,86.23,Normal,18.22,Sillas Flex 2,1,Muebles,Sillas,Vector
C0087,Tomás Fuentes,2023-01-29,695,Home Office,74,Web,Sur,Los Ríos,2025-03-16,ORD-2024-00777,2024-12-24,Segunda Clase,Media,Cancelado,2894.36,Normal,868.56,Normal,30.01,Periféricos Eco 2,4,Tecnología,Periféricos,Vector
C0214,Javiera Flores,2023-12-15,481,Home Office,94,Web,Norte,Antofagasta,2025-03-05,ORD-2024-00778,2025-04-09,Mismo Día,Media,Completado,5084.16,Normal,1332.45,Normal,26.21,Computadores Plus 1,8,Tecnología,Computadores,Andes
C0214,Javiera Flores,2023-12-15,481,Home Office,94,Web,Norte,Antofagasta,2025-03-05,ORD-2024-00778,2025-04-09,Mismo Día,Media,Completado,2538.78,Normal,914.46,Normal,36.02,Computadores Pro 3,4,Tecnología,Computadores,Patagonia
C0214,Javiera Flores,2023-12-15,481,Home Office,94,Web,Norte,Antofagasta,2025-03-05,ORD-2024-00778,2025-04-09,Mismo Día,Baja,Completado,2957.63,Normal,912.73,Normal,30.86,Computadores Pro 8,8,Tecnología,Computadores,Lumen
C0214,Javiera Flores,2023-12-15,481,Home Office,94,Web,Norte,Antofagasta,2025-03-05,ORD-2024-00778,2025-04-09,Mismo Día,Crítica,Completado,2572.74,Normal,1295.88,Normal,50.37,Libreros Pro 5,6,Muebles,Libreros,Nova
C0091,Valentina Hernández,2023-08-10,186,Consumidor,53,Correo,Norte,Tarapacá,2025-01-07,ORD-2024-00779,2024-02-12,Estándar,Media,Completado,2291.13,Normal,732.15,Normal,31.96,Computadores Plus 5,3,Tecnología,Computadores,Orion
C0079,Benjamín Hernández,2021-04-13,729,Consumidor,58,Teléfono,Austral,Magallanes,2024-11-24,ORD-2024-00780,2023-04-12,Segunda Clase,Baja,Completado,221.61,Normal,41.12,Normal,18.56,Mesas Smart 10,2,Muebles,Mesas,Vector
C0079,Benjamín Hernández,2021-04-13,729,Consumidor,58,Teléfono,Austral,Magallanes,2024-11-24,ORD-2024-00780,2023-04-12,Segunda Clase,Baja,Completado,2767.24,Normal,-200.11,Normal,-7.23,Mesas Nova 2,8,Muebles,Mesas,Lumen
C0217,Gabriel Hernández,2023-12-30,410,Consumidor,49,App,Austral,Magallanes,2024-01-04,ORD-2024-00781,2025-02-12,Segunda Clase,Media,Enviado,286.52,Normal,110.19,Normal,38.46,Etiquetas Nova 10,5,Oficina,Etiquetas,Orion
C0240,Sebastián Castillo,2024-01-23,234,Consumidor,51,Teléfono,Centro,Metropolitana,2024-11-13,ORD-2024-00782,2024-09-13,Estándar,Crítica,Completado,1916.5,Normal,845.08,Normal,44.09,Almacenamiento Plus 5,4,Muebles,Almacenamiento,Nova
C0240,Sebastián Castillo,2024-01-23,234,Consumidor,51,Teléfono,Centro,Metropolitana,2024-11-13,ORD-2024-00782,2024-09-13,Estándar,Crítica,Completado,793.37,Normal,398.28,Normal,50.2,Computadores Pro 3,1,Tecnología,Computadores,Patagonia
C0240,Sebastián Castillo,2024-01-23,234,Consumidor,51,Teléfono,Centro,Metropolitana,2024-11-13,ORD-2024-00782,2024-09-13,Estándar,Alta,Completado,3502.41,Normal,16.65,Normal,0.48,Sillas Plus 8,7,Muebles,Sillas,Orion
C0240,Sebastián Castillo,2024-01-23,234,Consumidor,51,Teléfono,Centro,Metropolitana,2024-11-13,ORD-2024-00782,2024-09-13,Estándar,Media,Completado,825.02,Normal,303.52,Normal,36.79,Almacenamiento Smart 4,2,Muebles,Almacenamiento,Lumen
C0158,Catalina Díaz,2024-06-14,101,Corporativo,45,Correo,Centro,Metropolitana,2024-01-27,ORD-2024-00783,2024-09-23,Segunda Clase,Baja,Enviado,1124.48,Normal,112.66,Normal,10.02,Computadores Eco 9,5,Tecnología,Computadores,Patagonia
C0158,Catalina Díaz,2024-06-14,101,Corporativo,45,Correo,Centro,Metropolitana,2024-01-27,ORD-2024-00783,2024-09-23,Segunda Clase,Baja,Enviado,1684.15,Normal,338.97,Normal,20.13,Archivadores Nova 8,8,Oficina,Archivadores,Lumen
C0158,Catalina Díaz,2024-06-14,101,Corporativo,45,Correo,Centro,Metropolitana,2024-01-27,ORD-2024-00783,2024-09-23,Segunda Clase,Crítica,Enviado,1805.33,Normal,288.81,Normal,16.0,Mesas Smart 7,5,Muebles,Mesas,Patagonia
C0217,Gabriel Hernández,2023-12-30,241,Consumidor,49,App,Austral,Magallanes,2024-01-04,ORD-2024-00784,2024-08-27,Mismo Día,Crítica,Completado,482.29,Normal,70.14,Normal,14.54,Almacenamiento Nova 2,1,Muebles,Almacenamiento,Patagonia
C0131,Matías Torres,2023-02-20,522,Home Office,94,Correo,Sur,La Araucanía,2024-10-29,ORD-2024-00785,2024-07-26,Primera Clase,Crítica,Enviado,2441.09,Normal,494.84,Normal,20.27,Accesorios Nova 10,4,Tecnología,Accesorios,Andes
C0131,Matías Torres,2023-02-20,522,Home Office,94,Correo,Sur,La Araucanía,2024-10-29,ORD-2024-00785,2024-07-26,Primera Clase,Alta,Enviado,2532.57,Normal,-7.93,Normal,-0.31,Periféricos Eco 2,5,Tecnología,Periféricos,Vector
C0131,Matías Torres,2023-02-20,522,Home Office,94,Correo,Sur,La Araucanía,2024-10-29,ORD-2024-00785,2024-07-26,Primera Clase,Alta,Enviado,277.76,Normal,146.86,Normal,52.87,Computadores Flex 7,7,Tecnología,Computadores,Alerce
C0300,Camila Díaz,2021-11-29,944,Corporativo,92,Correo,Sur,Los Lagos,2024-12-04,ORD-2024-00786,2024-06-30,Segunda Clase,Baja,Completado,517.66,Normal,124.51,Normal,24.05,Sobres Smart 3,1,Oficina,Sobres,Patagonia
C0300,Camila Díaz,2021-11-29,944,Corporativo,92,Correo,Sur,Los Lagos,2024-12-04,ORD-2024-00786,2024-06-30,Segunda Clase,Crítica,Completado,77.45,Normal,34.99,Normal,45.18,Etiquetas Pro 7,1,Oficina,Etiquetas,Orion
C0300,Camila Díaz,2021-11-29,944,Corporativo,92,Correo,Sur,Los Lagos,2024-12-04,ORD-2024-00786,2024-06-30,Segunda Clase,Baja,Completado,4867.97,Normal,1315.27,Normal,27.02,Accesorios Nova 6,7,Tecnología,Accesorios,Andes
C0300,Camila Díaz,2021-11-29,944,Corporativo,92,Correo,Sur,Los Lagos,2024-12-04,ORD-2024-00786,2024-06-30,Segunda Clase,Alta,Completado,2344.3,Normal,285.39,Normal,12.17,Accesorios Plus 3,3,Tecnología,Accesorios,Altura
C0184,Fernanda Soto,2022-10-01,624,Corporativo,82,Teléfono,Norte,Coquimbo,2025-02-15,ORD-2024-00787,2024-06-16,Segunda Clase,Media,Completado,5073.12,Normal,1790.48,Normal,35.29,Sillas Smart 3,8,Muebles,Sillas,Altura
C0243,Nicolás López,2023-11-17,-52,Corporativo,13,App,Austral,Magallanes,2024-07-22,ORD-2024-00788,2023-09-26,Primera Clase,Baja,Devuelto,21.13,Normal,2.32,Normal,10.98,Accesorios Smart 2,3,Tecnología,Accesorios,Vector
C0243,Nicolás López,2023-11-17,-52,Corporativo,13,App,Austral,Magallanes,2024-07-22,ORD-2024-00788,2023-09-26,Primera Clase,Alta,Devuelto,297.44,Normal,156.7,Normal,52.68,Accesorios Nova 7,1,Tecnología,Accesorios,Alerce
C0200,Fernanda Pérez,2021-05-20,1369,Corporativo,66,Correo,Centro,Metropolitana,2024-09-12,ORD-2024-00789,2025-02-17,Estándar,Media,Completado,736.06,Normal,226.65,Normal,30.79,Periféricos Nova 8,2,Tecnología,Periféricos,Andes
C0200,Fernanda Pérez,2021-05-20,1369,Corporativo,66,Correo,Centro,Metropolitana,2024-09-12,ORD-2024-00789,2025-02-17,Estándar,Baja,Completado,1616.9,Normal,674.03,Normal,41.69,Etiquetas Eco 6,8,Oficina,Etiquetas,Vector
C0200,Fernanda Pérez,2021-05-20,1369,Corporativo,66,Correo,Centro,Metropolitana,2024-09-12,ORD-2024-00789,2025-02-17,Estándar,Crítica,Completado,3430.32,Normal,1727.84,Normal,50.37,Libreros Pro 5,8,Muebles,Libreros,Nova
C0200,Fernanda Pérez,2021-05-20,1369,Corporativo,66,Correo,Centro,Metropolitana,2024-09-12,ORD-2024-00789,2025-02-17,Estándar,Media,Completado,5560.8,Normal,2470.93,Ganancia Atípica,44.43,Computadores Plus 1,7,Tecnología,Computadores,Andes
C0219,Sebastián Soto,2024-05-23,-127,Consumidor,42,App,Sur,Los Ríos,2024-04-28,ORD-2024-00790,2024-01-17,Primera Clase,Alta,Completado,204.68,Normal,41.63,Normal,20.34,Teléfonos Plus 7,1,Tecnología,Teléfonos,Alerce
C0219,Sebastián Soto,2024-05-23,-127,Consumidor,42,App,Sur,Los Ríos,2024-04-28,ORD-2024-00790,2024-01-17,Primera Clase,Baja,Completado,3445.7,Normal,1153.18,Normal,33.47,Mesas Plus 5,7,Muebles,Mesas,Vector
C0219,Sebastián Soto,2024-05-23,-127,Consumidor,42,App,Sur,Los Ríos,2024-04-28,ORD-2024-00790,2024-01-17,Primera Clase,Alta,Completado,867.36,Normal,231.51,Normal,26.69,Sillas Smart 9,3,Muebles,Sillas,Orion
C0224,Constanza Morales,2021-10-09,938,Consumidor,46,Web,Norte,Antofagasta,2024-11-12,ORD-2024-00791,2024-05-04,Segunda Clase,Alta,Enviado,662.4,Normal,292.05,Normal,44.09,Teléfonos Pro 6,1,Tecnología,Teléfonos,Orion
C0224,Constanza Morales,2021-10-09,938,Consumidor,46,Web,Norte,Antofagasta,2024-11-12,ORD-2024-00791,2024-05-04,Segunda Clase,Crítica,Enviado,464.23,Normal,138.83,Normal,29.91,Mesas Smart 7,1,Muebles,Mesas,Patagonia
C0200,Fernanda Pérez,2021-05-20,901,Corporativo,66,Correo,Centro,Metropolitana,2024-09-12,ORD-2024-00792,2023-11-07,Segunda Clase,Media,Completado,1670.43,Normal,540.3,Normal,32.34,Sillas Flex 2,3,Muebles,Sillas,Vector
C0200,Fernanda Pérez,2021-05-20,901,Corporativo,66,Correo,Centro,Metropolitana,2024-09-12,ORD-2024-00792,2023-11-07,Segunda Clase,Baja,Completado,2270.72,Normal,469.69,Normal,20.68,Libreros Smart 9,4,Muebles,Libreros,Patagonia
C0200,Fernanda Pérez,2021-05-20,901,Corporativo,66,Correo,Centro,Metropolitana,2024-09-12,ORD-2024-00792,2023-11-07,Segunda Clase,Media,Completado,2916.69,Normal,513.31,Normal,17.6,Teléfonos Flex 8,5,Tecnología,Teléfonos,Patagonia
C0200,Fernanda Pérez,2021-05-20,901,Corporativo,66,Correo,Centro,Metropolitana,2024-09-12,ORD-2024-00792,2023-11-07,Segunda Clase,Media,Completado,234.21,Normal,126.3,Normal,53.93,Teléfonos Pro 4,3,Tecnología,Teléfonos,Alerce
C0202,Luis Muñoz,2022-08-11,273,Corporativo,92,Web,Sur,Los Ríos,2024-06-21,ORD-2024-00793,2023-05-11,Estándar,Crítica,Cancelado,488.42,Normal,149.75,Normal,30.66,Periféricos Smart 1,3,Tecnología,Periféricos,Andes
C0202,Luis Muñoz,2022-08-11,273,Corporativo,92,Web,Sur,Los Ríos,2024-06-21,ORD-2024-00793,2023-05-11,Estándar,Alta,Cancelado,50.21,Normal,25.08,Normal,49.95,Archivadores Eco 9,5,Oficina,Archivadores,Orion
C0202,Luis Muñoz,2022-08-11,273,Corporativo,92,Web,Sur,Los Ríos,2024-06-21,ORD-2024-00793,2023-05-11,Estándar,Alta,Cancelado,3143.23,Normal,1362.66,Normal,43.35,Archivadores Nova 2,6,Oficina,Archivadores,Alerce
C0202,Luis Muñoz,2022-08-11,273,Corporativo,92,Web,Sur,Los Ríos,2024-06-21,ORD-2024-00793,2023-05-11,Estándar,Alta,Cancelado,2587.32,Normal,1302.84,Normal,50.35,Computadores Pro 2,6,Tecnología,Computadores,Altura
C0052,Jorge Contreras,2022-12-18,429,Corporativo,39,Teléfono,Sur,La Araucanía,2024-03-17,ORD-2024-00794,2024-02-20,Primera Clase,Baja,Completado,470.14,Normal,108.7,Normal,23.12,Mesas Nova 8,2,Muebles,Mesas,Andes
C0271,Andrés Muñoz,2022-07-31,806,Consumidor,86,Correo,Centro,O'Higgins,2024-01-09,ORD-2024-00795,2024-10-14,Mismo Día,Alta,Completado,2976.22,Normal,1092.1,Normal,36.69,Libreros Plus 1,4,Muebles,Libreros,Altura
C0271,Andrés Muñoz,2022-07-31,806,Consumidor,86,Correo,Centro,O'Higgins,2024-01-09,ORD-2024-00795,2024-10-14,Mismo Día,Alta,Completado,28.54,Normal,13.62,Normal,47.72,Archivadores Eco 9,3,Oficina,Archivadores,Orion
C0271,Andrés Muñoz,2022-07-31,806,Consumidor,86,Correo,Centro,O'Higgins,2024-01-09,ORD-2024-00795,2024-10-14,Mismo Día,Alta,Completado,5588.0,Normal,1463.2,Normal,26.18,Teléfonos Plus 5,8,Tecnología,Teléfonos,Nova
C0293,Isidora Araya,2024-07-30,-106,Consumidor,16,App,Centro,O'Higgins,2024-01-16,ORD-2024-00796,2024-04-15,Segunda Clase,Crítica,Completado,1124.48,Normal,326.56,Normal,29.04,Computadores Eco 9,4,Tecnología,Computadores,Patagonia
C0043,Carlos Pérez,2021-08-25,1300,Corporativo,80,Web,Austral,Magallanes,2024-11-01,ORD-2024-00797,2025-03-17,Segunda Clase,Baja,Completado,2878.8,Normal,1480.24,Normal,51.42,Libreros Smart 6,8,Muebles,Libreros,Lumen
C0181,Pedro Martínez,2022-09-25,911,Home Office,54,Teléfono,Centro,Valparaíso,2024-05-13,ORD-2024-00798,2025-03-24,Estándar,Baja,Completado,4844.1,Normal,2426.88,Ganancia Atípica,50.1,Computadores Nova 4,6,Tecnología,Computadores,Vector
C0181,Pedro Martínez,2022-09-25,911,Home Office,54,Teléfono,Centro,Valparaíso,2024-05-13,ORD-2024-00798,2025-03-24,Estándar,Media,Completado,2063.24,Normal,471.89,Normal,22.87,Mesas Smart 7,5,Muebles,Mesas,Patagonia
C0181,Pedro Martínez,2022-09-25,911,Home Office,54,Teléfono,Centro,Valparaíso,2024-05-13,ORD-2024-00798,2025-03-24,Estándar,Baja,Completado,3535.37,Normal,1450.52,Normal,41.03,Sobres Plus 9,6,Oficina,Sobres,Andes
C0181,Pedro Martínez,2022-09-25,911,Home Office,54,Teléfono,Centro,Valparaíso,2024-05-13,ORD-2024-00798,2025-03-24,Estándar,Crítica,Completado,485.96,Normal,141.02,Normal,29.02,Teléfonos Nova 3,2,Tecnología,Teléfonos,Lumen
C0097,Sebastián Flores,2022-12-22,309,Corporativo,44,Correo,Centro,Maule,2024-09-29,ORD-2024-00799,2023-10-27,Mismo Día,Baja,Completado,1695.05,Normal,368.75,Normal,21.75,Sobres Plus 10,3,Oficina,Sobres,Altura
C0097,Sebastián Flores,2022-12-22,309,Corporativo,44,Correo,Centro,Maule,2024-09-29,ORD-2024-00799,2023-10-27,Mismo Día,Media,Completado,2819.64,Normal,1078.7,Normal,38.26,Periféricos Eco 10,4,Tecnología,Periféricos,Andes
C0097,Sebastián Flores,2022-12-22,309,Corporativo,44,Correo,Centro,Maule,2024-09-29,ORD-2024-00799,2023-10-27,Mismo Día,Crítica,Completado,458.96,Normal,144.13,Normal,31.4,Almacenamiento Eco 6,5,Muebles,Almacenamiento,Patagonia
C0097,Sebastián Flores,2022-12-22,309,Corporativo,44,Correo,Centro,Maule,2024-09-29,ORD-2024-00799,2023-10-27,Mismo Día,Baja,Completado,2518.08,Normal,863.46,Normal,34.29,Periféricos Flex 4,6,Tecnología,Periféricos,Orion
C0019,Matías Torres,2023-12-27,-246,Consumidor,26,App,Austral,Aysén,2024-10-20,ORD-2024-00800,2023-04-25,Mismo Día,Baja,Completado,2270.72,Normal,444.42,Normal,19.57,Libreros Smart 9,4,Muebles,Libreros,Patagonia
C0277,Fernanda Torres,2023-07-25,403,Home Office,87,App,Sur,Los Lagos,2024-05-03,ORD-2025-00801,2024-08-31,Primera Clase,Crítica,Completado,1087.34,Normal,432.37,Normal,39.76,Sillas Nova 10,5,Muebles,Sillas,Lumen
C0277,Fernanda Torres,2023-07-25,403,Home Office,87,App,Sur,Los Lagos,2024-05-03,ORD-2025-00801,2024-08-31,Primera Clase,Alta,Completado,2235.91,Normal,735.83,Normal,32.91,Almacenamiento Plus 5,6,Muebles,Almacenamiento,Nova
C0277,Fernanda Torres,2023-07-25,403,Home Office,87,App,Sur,Los Lagos,2024-05-03,ORD-2025-00801,2024-08-31,Primera Clase,Alta,Completado,1527.08,Normal,564.75,Normal,36.98,Etiquetas Eco 6,8,Oficina,Etiquetas,Vector
C0267,Carlos Martínez,2022-05-23,352,Corporativo,22,App,Sur,Los Ríos,2024-05-23,ORD-2025-00802,2023-05-10,Estándar,Baja,Enviado,3797.25,Normal,-329.77,Normal,-8.68,Accesorios Nova 10,8,Tecnología,Accesorios,Andes
C0267,Carlos Martínez,2022-05-23,352,Corporativo,22,App,Sur,Los Ríos,2024-05-23,ORD-2025-00802,2023-05-10,Estándar,Media,Enviado,700.6,Normal,330.37,Normal,47.16,Etiquetas Pro 5,3,Oficina,Etiquetas,Lumen
C0232,Catalina López,2022-06-04,294,Corporativo,55,Web,Austral,Aysén,2024-05-20,ORD-2025-00803,2023-03-25,Primera Clase,Media,Enviado,1089.36,Normal,290.09,Normal,26.63,Etiquetas Nova 4,2,Oficina,Etiquetas,Altura
C0232,Catalina López,2022-06-04,294,Corporativo,55,Web,Austral,Aysén,2024-05-20,ORD-2025-00803,2023-03-25,Primera Clase,Crítica,Enviado,4632.88,Normal,1919.68,Normal,41.44,Mesas Plus 5,8,Muebles,Mesas,Vector
C0232,Catalina López,2022-06-04,294,Corporativo,55,Web,Austral,Aysén,2024-05-20,ORD-2025-00803,2023-03-25,Primera Clase,Media,Enviado,345.54,Normal,127.48,Normal,36.89,Libreros Pro 7,2,Muebles,Libreros,Nova
C0016,Diego Araya,2022-02-12,537,Home Office,57,App,Sur,Biobío,2025-01-20,ORD-2025-00804,2023-08-03,Estándar,Baja,Enviado,1155.03,Normal,45.84,Normal,3.97,Almacenamiento Smart 4,4,Muebles,Almacenamiento,Lumen
C0141,Daniela Martínez,2022-06-07,552,Corporativo,69,Web,Norte,Tarapacá,2024-06-02,ORD-2025-00805,2023-12-11,Segunda Clase,Media,Completado,4126.48,Normal,1523.12,Normal,36.91,Mesas Smart 7,8,Muebles,Mesas,Patagonia
C0287,Felipe Contreras,2022-07-26,594,Consumidor,38,Teléfono,Norte,Coquimbo,2024-08-11,ORD-2025-00806,2024-03-11,Primera Clase,Baja,Completado,494.54,Normal,58.92,Normal,11.91,Archivadores Pro 6,1,Oficina,Archivadores,Patagonia
C0287,Felipe Contreras,2022-07-26,594,Consumidor,38,Teléfono,Norte,Coquimbo,2024-08-11,ORD-2025-00806,2024-03-11,Primera Clase,Crítica,Completado,60.25,Normal,30.72,Normal,50.99,Archivadores Eco 9,6,Oficina,Archivadores,Orion
C0287,Felipe Contreras,2022-07-26,594,Consumidor,38,Teléfono,Norte,Coquimbo,2024-08-11,ORD-2025-00806,2024-03-11,Primera Clase,Baja,Completado,1736.52,Normal,366.32,Normal,21.1,Accesorios Plus 3,2,Tecnología,Accesorios,Altura
C0006,Vicente Rojas,2024-07-24,-316,Home Office,78,App,Norte,Tarapacá,2024-11-08,ORD-2025-00807,2023-09-12,Mismo Día,Crítica,Enviado,269.74,Normal,62.69,Normal,23.24,Papelería Pro 3,6,Oficina,Papelería,Altura
C0006,Vicente Rojas,2024-07-24,-316,Home Office,78,App,Norte,Tarapacá,2024-11-08,ORD-2025-00807,2023-09-12,Mismo Día,Baja,Enviado,738.89,Normal,199.73,Normal,27.03,Accesorios Nova 6,1,Tecnología,Accesorios,Andes
C0258,Fernanda Silva,2023-11-29,402,Corporativo,20,Teléfono,Centro,Maule,2024-11-26,ORD-2025-00808,2025-01-04,Segunda Clase,Alta,Completado,4684.03,Normal,2222.41,Ganancia Atípica,47.45,Archivadores Nova 2,8,Oficina,Archivadores,Alerce
C0258,Fernanda Silva,2023-11-29,402,Corporativo,20,Teléfono,Centro,Maule,2024-11-26,ORD-2025-00808,2025-01-04,Segunda Clase,Crítica,Completado,5367.65,Normal,1884.67,Normal,35.11,Sobres Plus 10,8,Oficina,Sobres,Altura
C0072,Sofía Pérez,2023-02-24,396,Consumidor,100,App,Centro,Maule,2024-06-25,ORD-2025-00809,2024-03-26,Mismo Día,Baja,Completado,226.18,Normal,112.55,Normal,49.76,Computadores Flex 7,6,Tecnología,Computadores,Alerce
C0072,Sofía Pérez,2023-02-24,396,Consumidor,100,App,Centro,Maule,2024-06-25,ORD-2025-00809,2024-03-26,Mismo Día,Crítica,Completado,438.0,Normal,84.42,Normal,19.27,Archivadores Flex 1,1,Oficina,Archivadores,Alerce
C0047,Ana Díaz,2021-11-02,800,Consumidor,57,Web,Centro,O'Higgins,2024-02-09,ORD-2025-00810,2024-01-11,Segunda Clase,Crítica,Completado,2883.22,Normal,861.43,Normal,29.88,Sobres Flex 1,7,Oficina,Sobres,Lumen
C0047,Ana Díaz,2021-11-02,800,Consumidor,57,Web,Centro,O'Higgins,2024-02-09,ORD-2025-00810,2024-01-11,Segunda Clase,Baja,Completado,445.64,Normal,90.34,Normal,20.27,Almacenamiento Eco 3,3,Muebles,Almacenamiento,Orion
C0047,Ana Díaz,2021-11-02,800,Consumidor,57,Web,Centro,O'Higgins,2024-02-09,ORD-2025-00810,2024-01-11,Segunda Clase,Baja,Completado,1800.92,Normal,604.92,Normal,33.59,Teléfonos Nova 3,7,Tecnología,Teléfonos,Lumen
C0069,Constanza Flores,2021-11-22,925,Corporativo,67,Correo,Norte,Antofagasta,2025-01-16,ORD-2025-00811,2024-06-04,Estándar,Alta,Completado,4293.46,Normal,1033.28,Normal,24.07,Libreros Eco 10,7,Muebles,Libreros,Andes
C0069,Constanza Flores,2021-11-22,925,Corporativo,67,Correo,Norte,Antofagasta,2025-01-16,ORD-2025-00811,2024-06-04,Estándar,Baja,Completado,835.38,Normal,180.89,Normal,21.65,Sobres Nova 8,4,Oficina,Sobres,Alerce
C0194,Gabriel Castillo,2023-01-12,815,Corporativo,65,Web,Sur,Los Lagos,2024-10-23,ORD-2025-00812,2025-04-06,Estándar,Alta,Completado,1893.15,Normal,381.58,Normal,20.16,Sillas Flex 2,4,Muebles,Sillas,Vector
C0194,Gabriel Castillo,2023-01-12,815,Corporativo,65,Web,Sur,Los Lagos,2024-10-23,ORD-2025-00812,2025-04-06,Estándar,Baja,Completado,1853.55,Normal,660.0,Normal,35.61,Mesas Eco 3,5,Muebles,Mesas,Alerce
C0194,Gabriel Castillo,2023-01-12,815,Corporativo,65,Web,Sur,Los Lagos,2024-10-23,ORD-2025-00812,2025-04-06,Estándar,Media,Completado,3566.68,Normal,1363.44,Normal,38.23,Accesorios Flex 5,4,Tecnología,Accesorios,Vector
C0194,Gabriel Castillo,2023-01-12,815,Corporativo,65,Web,Sur,Los Lagos,2024-10-23,ORD-2025-00812,2025-04-06,Estándar,Media,Completado,50.3,Normal,20.7,Normal,41.15,Accesorios Smart 2,5,Tecnología,Accesorios,Vector
C0217,Gabriel Hernández,2023-12-30,-226,Consumidor,49,App,Austral,Magallanes,2024-01-04,ORD-2025-00813,2023-05-18,Primera Clase,Media,Completado,262.35,Normal,82.8,Normal,31.56,Mesas Smart 9,2,Muebles,Mesas,Andes
C0217,Gabriel Hernández,2023-12-30,-226,Consumidor,49,App,Austral,Magallanes,2024-01-04,ORD-2025-00813,2023-05-18,Primera Clase,Baja,Completado,496.19,Normal,144.77,Normal,29.18,Sobres Plus 9,1,Oficina,Sobres,Andes
C0217,Gabriel Hernández,2023-12-30,-226,Consumidor,49,App,Austral,Magallanes,2024-01-04,ORD-2025-00813,2023-05-18,Primera Clase,Baja,Completado,528.13,Normal,53.36,Normal,10.1,Mesas Eco 4,8,Muebles,Mesas,Altura
C0292,Carlos Castillo,2024-04-16,-294,Home Office,41,App,Centro,Maule,2025-01-31,ORD-2025-00814,2023-06-27,Primera Clase,Alta,Enviado,994.12,Normal,153.62,Normal,15.45,Archivadores Nova 8,5,Oficina,Archivadores,Lumen
C0292,Carlos Castillo,2024-04-16,-294,Home Office,41,App,Centro,Maule,2025-01-31,ORD-2025-00814,2023-06-27,Primera Clase,Crítica,Enviado,2374.9,Normal,306.19,Normal,12.89,Teléfonos Plus 5,4,Tecnología,Teléfonos,Nova
C0292,Carlos Castillo,2024-04-16,-294,Home Office,41,App,Centro,Maule,2025-01-31,ORD-2025-00814,2023-06-27,Primera Clase,Media,Enviado,5490.24,Normal,1720.16,Normal,31.33,Teléfonos Flex 8,8,Tecnología,Teléfonos,Patagonia
C0292,Carlos Castillo,2024-04-16,-294,Home Office,41,App,Centro,Maule,2025-01-31,ORD-2025-00814,2023-06-27,Primera Clase,Crítica,Enviado,6077.82,Normal,1282.12,Normal,21.1,Accesorios Plus 3,7,Tecnología,Accesorios,Altura
C0139,Antonia Fuentes,2024-10-28,128,Home Office,31,App,Centro,O'Higgins,2024-12-22,ORD-2025-00815,2025-03-05,Primera Clase,Crítica,Completado,3258.8,Normal,1553.01,Normal,47.66,Libreros Pro 5,8,Muebles,Libreros,Nova
C0184,Fernanda Soto,2022-10-01,616,Corporativo,82,Teléfono,Norte,Coquimbo,2025-02-15,ORD-2025-00816,2024-06-08,Primera Clase,Baja,Completado,211.56,Normal,34.66,Normal,16.38,Mesas Nova 8,1,Muebles,Mesas,Andes
C0184,Fernanda Soto,2022-10-01,616,Corporativo,82,Teléfono,Norte,Coquimbo,2025-02-15,ORD-2025-00816,2024-06-08,Primera Clase,Alta,Completado,300.22,Normal,164.83,Normal,54.9,Almacenamiento Eco 8,1,Muebles,Almacenamiento,Andes
C0184,Fernanda Soto,2022-10-01,616,Corporativo,82,Teléfono,Norte,Coquimbo,2025-02-15,ORD-2025-00816,2024-06-08,Primera Clase,Media,Completado,5345.97,Normal,1708.35,Normal,31.96,Computadores Plus 5,7,Tecnología,Computadores,Orion
C0184,Fernanda Soto,2022-10-01,616,Corporativo,82,Teléfono,Norte,Coquimbo,2025-02-15,ORD-2025-00816,2024-06-08,Primera Clase,Media,Completado,241.94,Normal,70.11,Normal,28.98,Mesas Smart 1,3,Muebles,Mesas,Orion
C0021,Martina Contreras,2022-10-01,360,Home Office,95,Correo,Sur,Los Ríos,2024-07-03,ORD-2025-00817,2023-09-26,Segunda Clase,Baja,Completado,2624.45,Normal,892.81,Normal,34.02,Archivadores Flex 3,6,Oficina,Archivadores,Vector
C0138,Gabriel Muñoz,2023-01-05,772,Corporativo,65,Teléfono,Austral,Magallanes,2024-09-25,ORD-2025-00818,2025-02-15,Mismo Día,Media,Completado,1143.44,Normal,448.4,Normal,39.22,Teléfonos Nova 3,4,Tecnología,Teléfonos,Lumen
C0138,Gabriel Muñoz,2023-01-05,772,Corporativo,65,Teléfono,Austral,Magallanes,2024-09-25,ORD-2025-00818,2025-02-15,Mismo Día,Alta,Completado,981.9,Normal,196.82,Normal,20.04,Etiquetas Flex 8,2,Oficina,Etiquetas,Patagonia
C0138,Gabriel Muñoz,2023-01-05,772,Corporativo,65,Teléfono,Austral,Magallanes,2024-09-25,ORD-2025-00818,2025-02-15,Mismo Día,Crítica,Completado,1772.58,Normal,967.26,Normal,54.57,Papelería Eco 2,3,Oficina,Papelería,Orion
C0015,Pedro Hernández,2022-06-24,792,Consumidor,74,App,Centro,Maule,2024-04-30,ORD-2025-00819,2024-08-24,Mismo Día,Crítica,Completado,119.04,Normal,62.94,Normal,52.87,Computadores Flex 7,3,Tecnología,Computadores,Alerce
C0015,Pedro Hernández,2022-06-24,792,Consumidor,74,App,Centro,Maule,2024-04-30,ORD-2025-00819,2024-08-24,Mismo Día,Baja,Completado,2454.75,Normal,492.05,Normal,20.04,Etiquetas Flex 8,5,Oficina,Etiquetas,Patagonia
C0015,Pedro Hernández,2022-06-24,792,Consumidor,74,App,Centro,Maule,2024-04-30,ORD-2025-00819,2024-08-24,Mismo Día,Baja,Completado,1678.72,Normal,575.64,Normal,34.29,Periféricos Flex 4,4,Tecnología,Periféricos,Orion
C0015,Pedro Hernández,2022-06-24,792,Consumidor,74,App,Centro,Maule,2024-04-30,ORD-2025-00819,2024-08-24,Mismo Día,Crítica,Completado,667.86,Normal,197.81,Normal,29.62,Libreros Smart 9,1,Muebles,Libreros,Patagonia
C0270,Ana Rojas,2023-11-02,136,Corporativo,40,Correo,Norte,Tarapacá,2025-03-11,ORD-2025-00820,2024-03-17,Mismo Día,Media,Completado,3756.78,Normal,332.66,Normal,8.85,Libreros Eco 10,7,Muebles,Libreros,Andes
C0270,Ana Rojas,2023-11-02,136,Corporativo,40,Correo,Norte,Tarapacá,2025-03-11,ORD-2025-00820,2024-03-17,Mismo Día,Alta,Completado,1189.8,Normal,364.23,Normal,30.61,Accesorios Plus 8,3,Tecnología,Accesorios,Andes
C0122,Daniela Muñoz,2022-07-01,584,Consumidor,46,App,Centro,O'Higgins,2024-10-22,ORD-2025-00821,2024-02-05,Primera Clase,Crítica,Completado,766.69,Normal,295.42,Normal,38.53,Libreros Eco 10,1,Muebles,Libreros,Andes
C0122,Daniela Muñoz,2022-07-01,584,Consumidor,46,App,Centro,O'Higgins,2024-10-22,ORD-2025-00821,2024-02-05,Primera Clase,Crítica,Completado,1801.32,Normal,988.98,Normal,54.9,Almacenamiento Eco 8,6,Muebles,Almacenamiento,Andes
C0122,Daniela Muñoz,2022-07-01,584,Consumidor,46,App,Centro,O'Higgins,2024-10-22,ORD-2025-00821,2024-02-05,Primera Clase,Baja,Completado,1845.15,Normal,266.5,Normal,14.44,Periféricos Eco 2,3,Tecnología,Periféricos,Vector
C0122,Daniela Muñoz,2022-07-01,584,Consumidor,46,App,Centro,O'Higgins,2024-10-22,ORD-2025-00821,2024-02-05,Primera Clase,Baja,Completado,213.71,Normal,54.71,Normal,25.6,Accesorios Eco 4,8,Tecnología,Accesorios,Orion
C0098,Jorge Díaz,2022-01-30,1106,Home Office,25,Teléfono,Centro,Maule,2025-02-25,ORD-2025-00822,2025-02-09,Estándar,Crítica,Completado,5366.83,Normal,2067.94,Ganancia Atípica,38.53,Libreros Eco 10,7,Muebles,Libreros,Andes
C0098,Jorge Díaz,2022-01-30,1106,Home Office,25,Teléfono,Centro,Maule,2025-02-25,ORD-2025-00822,2025-02-09,Estándar,Media,Completado,86.56,Normal,28.12,Normal,32.49,Sobres Pro 4,2,Oficina,Sobres,Vector
C0062,Nicolás Contreras,2023-08-28,-214,Home Office,94,App,Centro,Maule,2024-08-21,ORD-2025-00823,2023-01-26,Primera Clase,Media,Completado,600.17,Normal,94.29,Normal,15.71,Etiquetas Pro 2,2,Oficina,Etiquetas,Vector
C0062,Nicolás Contreras,2023-08-28,-214,Home Office,94,App,Centro,Maule,2024-08-21,ORD-2025-00823,2023-01-26,Primera Clase,Crítica,Completado,1243.93,Normal,-182.33,Normal,-14.66,Almacenamiento Flex 1,2,Muebles,Almacenamiento,Patagonia
C0062,Nicolás Contreras,2023-08-28,-214,Home Office,94,App,Centro,Maule,2024-08-21,ORD-2025-00823,2023-01-26,Primera Clase,Media,Completado,4195.91,Normal,741.72,Normal,17.68,Periféricos Nova 3,5,Tecnología,Periféricos,Altura
C0062,Nicolás Contreras,2023-08-28,-214,Home Office,94,App,Centro,Maule,2024-08-21,ORD-2025-00823,2023-01-26,Primera Clase,Media,Completado,808.45,Normal,342.0,Normal,42.3,Etiquetas Eco 6,4,Oficina,Etiquetas,Vector
C0095,Martina Torres,2021-02-05,1064,Corporativo,47,Web,Sur,Biobío,2024-12-10,ORD-2025-00824,2024-01-05,Primera Clase,Baja,Completado,3727.3,Normal,879.85,Normal,23.61,Sobres Eco 7,5,Oficina,Sobres,Vector
C0095,Martina Torres,2021-02-05,1064,Corporativo,47,Web,Sur,Biobío,2024-12-10,ORD-2025-00824,2024-01-05,Primera Clase,Crítica,Completado,2395.62,Normal,1014.61,Normal,42.35,Almacenamiento Plus 5,5,Muebles,Almacenamiento,Nova
C0243,Nicolás López,2023-11-17,-136,Corporativo,13,App,Austral,Magallanes,2024-07-22,ORD-2025-00825,2023-07-04,Segunda Clase,Crítica,Completado,293.59,Normal,89.83,Normal,30.6,Sillas Eco 1,2,Muebles,Sillas,Vector
C0243,Nicolás López,2023-11-17,-136,Corporativo,13,App,Austral,Magallanes,2024-07-22,ORD-2025-00825,2023-07-04,Segunda Clase,Alta,Completado,518.99,Normal,32.44,Normal,6.25,Mesas Eco 3,2,Muebles,Mesas,Alerce
C0243,Nicolás López,2023-11-17,-136,Corporativo,13,App,Austral,Magallanes,2024-07-22,ORD-2025-00825,2023-07-04,Segunda Clase,Alta,Completado,624.87,Normal,333.4,Normal,53.36,Archivadores Flex 3,1,Oficina,Archivadores,Vector
C0184,Fernanda Soto,2022-10-01,690,Corporativo,82,Teléfono,Norte,Coquimbo,2025-02-15,ORD-2025-00826,2024-08-21,Estándar,Crítica,Completado,309.04,Normal,107.9,Normal,34.91,Sillas Eco 1,2,Muebles,Sillas,Vector
C0147,Valentina Pérez,2021-07-18,1282,Home Office,49,Web,Austral,Magallanes,2024-08-25,ORD-2025-00827,2025-01-20,Primera Clase,Crítica,Enviado,3000.83,Normal,1090.18,Normal,36.33,Etiquetas Pro 2,7,Oficina,Etiquetas,Vector
C0147,Valentina Pérez,2021-07-18,1282,Home Office,49,Web,Austral,Magallanes,2024-08-25,ORD-2025-00827,2025-01-20,Primera Clase,Alta,Enviado,356.94,Normal,84.73,Normal,23.74,Accesorios Plus 8,1,Tecnología,Accesorios,Andes
C0147,Valentina Pérez,2021-07-18,1282,Home Office,49,Web,Austral,Magallanes,2024-08-25,ORD-2025-00827,2025-01-20,Primera Clase,Baja,Enviado,78.74,Normal,-4.83,Normal,-6.13,Accesorios Eco 4,4,Tecnología,Accesorios,Orion
C0147,Valentina Pérez,2021-07-18,1282,Home Office,49,Web,Austral,Magallanes,2024-08-25,ORD-2025-00827,2025-01-20,Primera Clase,Media,Enviado,349.52,Normal,109.44,Normal,31.31,Almacenamiento Eco 3,2,Muebles,Almacenamiento,Orion
C0044,Diego Castillo,2022-12-04,475,Consumidor,97,App,Austral,Magallanes,2024-02-11,ORD-2025-00828,2024-03-23,Segunda Clase,Alta,Completado,263.33,Normal,84.57,Normal,32.12,Etiquetas Pro 7,4,Oficina,Etiquetas,Orion
C0044,Diego Castillo,2022-12-04,475,Consumidor,97,App,Austral,Magallanes,2024-02-11,ORD-2025-00828,2024-03-23,Segunda Clase,Baja,Completado,3066.76,Normal,780.82,Normal,25.46,Libreros Eco 10,5,Muebles,Libreros,Andes
C0259,Catalina Flores,2021-09-14,635,Corporativo,88,Teléfono,Austral,Magallanes,2024-06-18,ORD-2025-00829,2023-06-11,Mismo Día,Media,Completado,616.32,Normal,307.39,Normal,49.88,Archivadores Nova 2,1,Oficina,Archivadores,Alerce
C0259,Catalina Flores,2021-09-14,635,Corporativo,88,Teléfono,Austral,Magallanes,2024-06-18,ORD-2025-00829,2023-06-11,Mismo Día,Alta,Completado,3818.72,Normal,793.52,Normal,20.78,Computadores Plus 6,8,Tecnología,Computadores,Lumen
C0169,Sebastián Díaz,2023-06-28,-177,Corporativo,20,Web,Norte,Antofagasta,2024-04-18,ORD-2025-00830,2023-01-02,Estándar,Baja,Completado,2894.36,Normal,375.59,Normal,12.98,Periféricos Eco 2,5,Tecnología,Periféricos,Vector
C0169,Sebastián Díaz,2023-06-28,-177,Corporativo,20,Web,Norte,Antofagasta,2024-04-18,ORD-2025-00830,2023-01-02,Estándar,Baja,Completado,48.87,Normal,12.97,Normal,26.54,Almacenamiento Nova 9,1,Muebles,Almacenamiento,Alerce
C0169,Sebastián Díaz,2023-06-28,-177,Corporativo,20,Web,Norte,Antofagasta,2024-04-18,ORD-2025-00830,2023-01-02,Estándar,Baja,Completado,3896.5,Normal,1983.0,Normal,50.89,Teléfonos Pro 6,5,Tecnología,Teléfonos,Orion
C0169,Sebastián Díaz,2023-06-28,-177,Corporativo,20,Web,Norte,Antofagasta,2024-04-18,ORD-2025-00830,2023-01-02,Estándar,Media,Completado,1389.22,Normal,9.61,Normal,0.69,Accesorios Plus 3,2,Tecnología,Accesorios,Altura
C0121,Sebastián Muñoz,2023-11-28,-189,Consumidor,89,Teléfono,Austral,Aysén,2024-10-21,ORD-2025-00831,2023-05-23,Mismo Día,Baja,Cancelado,205.39,Normal,78.44,Normal,38.19,Sillas Nova 10,1,Muebles,Sillas,Lumen
C0281,Benjamín González,2023-08-30,194,Home Office,93,Teléfono,Centro,Maule,2025-01-21,ORD-2025-00832,2024-03-11,Estándar,Baja,Completado,1102.24,Normal,274.96,Normal,24.95,Sobres Nova 8,5,Oficina,Sobres,Alerce
C0050,Benjamín Soto,2023-04-25,626,Consumidor,32,Web,Sur,La Araucanía,2024-09-15,ORD-2025-00833,2025-01-10,Estándar,Alta,Completado,262.68,Normal,57.94,Normal,22.06,Sillas Eco 1,2,Muebles,Sillas,Vector
C0257,Vicente Muñoz,2023-11-28,-187,Consumidor,48,App,Norte,Coquimbo,2024-09-12,ORD-2025-00834,2023-05-25,Segunda Clase,Media,Enviado,2954.3,Normal,1612.1,Normal,54.57,Papelería Eco 2,5,Oficina,Papelería,Orion
C0257,Vicente Muñoz,2023-11-28,-187,Consumidor,48,App,Norte,Coquimbo,2024-09-12,ORD-2025-00834,2023-05-25,Segunda Clase,Baja,Enviado,2004.52,Normal,505.44,Normal,25.22,Sillas Flex 2,4,Muebles,Sillas,Vector
C0229,Jorge Pérez,2023-05-30,180,Corporativo,88,Web,Sur,La Araucanía,2024-10-09,ORD-2025-00835,2023-11-26,Primera Clase,Baja,Completado,2883.22,Normal,803.13,Normal,27.86,Sobres Flex 1,7,Oficina,Sobres,Lumen
C0229,Jorge Pérez,2023-05-30,180,Corporativo,88,Web,Sur,La Araucanía,2024-10-09,ORD-2025-00835,2023-11-26,Primera Clase,Baja,Completado,285.86,Normal,112.1,Normal,39.22,Teléfonos Nova 3,1,Tecnología,Teléfonos,Lumen
C0229,Jorge Pérez,2023-05-30,180,Corporativo,88,Web,Sur,La Araucanía,2024-10-09,ORD-2025-00835,2023-11-26,Primera Clase,Media,Completado,1815.6,Normal,638.1,Normal,35.15,Etiquetas Nova 4,3,Oficina,Etiquetas,Altura
C0071,Martina Sepúlveda,2022-07-11,842,Consumidor,50,Teléfono,Norte,Coquimbo,2024-01-24,ORD-2025-00836,2024-10-30,Primera Clase,Alta,Completado,923.09,Normal,319.48,Normal,34.61,Sobres Pro 5,7,Oficina,Sobres,Alerce
C0071,Martina Sepúlveda,2022-07-11,842,Consumidor,50,Teléfono,Norte,Coquimbo,2024-01-24,ORD-2025-00836,2024-10-30,Primera Clase,Alta,Completado,600.31,Normal,199.17,Normal,33.18,Libreros Pro 5,2,Muebles,Libreros,Nova
C0070,Constanza Martínez,2023-09-20,216,Home Office,45,App,Centro,Metropolitana,2024-10-23,ORD-2025-00837,2024-04-23,Segunda Clase,Baja,Completado,2700.96,Normal,840.8,Normal,31.13,Computadores Plus 1,4,Tecnología,Computadores,Andes
C0070,Constanza Martínez,2023-09-20,216,Home Office,45,App,Centro,Metropolitana,2024-10-23,ORD-2025-00837,2024-04-23,Segunda Clase,Baja,Completado,50.3,Normal,20.7,Normal,41.15,Accesorios Smart 2,5,Tecnología,Accesorios,Vector
C0070,Constanza Martínez,2023-09-20,216,Home Office,45,App,Centro,Metropolitana,2024-10-23,ORD-2025-00837,2024-04-23,Segunda Clase,Baja,Completado,26.95,Normal,12.7,Normal,47.12,Archivadores Eco 9,3,Oficina,Archivadores,Orion
C0215,Sofía Castillo,2021-11-12,486,Corporativo,33,App,Norte,Coquimbo,2025-02-22,ORD-2025-00838,2023-03-13,Estándar,Media,Completado,698.5,Normal,182.9,Normal,26.18,Teléfonos Plus 5,1,Tecnología,Teléfonos,Nova
C0215,Sofía Castillo,2021-11-12,486,Corporativo,33,App,Norte,Coquimbo,2025-02-22,ORD-2025-00838,2023-03-13,Estándar,Baja,Completado,253.01,Normal,54.35,Normal,21.48,Computadores Eco 9,1,Tecnología,Computadores,Patagonia
C0215,Sofía Castillo,2021-11-12,486,Corporativo,33,App,Norte,Coquimbo,2025-02-22,ORD-2025-00838,2023-03-13,Estándar,Media,Completado,626.18,Normal,339.02,Normal,54.14,Accesorios Nova 7,2,Tecnología,Accesorios,Alerce
C0215,Sofía Castillo,2021-11-12,486,Corporativo,33,App,Norte,Coquimbo,2025-02-22,ORD-2025-00838,2023-03-13,Estándar,Media,Completado,276.16,Normal,97.12,Normal,35.17,Mesas Smart 9,2,Muebles,Mesas,Andes
C0103,Fernanda Soto,2022-06-02,343,Consumidor,24,Correo,Austral,Aysén,2025-01-26,ORD-2025-00839,2023-05-11,Mismo Día,Alta,Cancelado,1015.44,Normal,508.26,Normal,50.05,Teléfonos Flex 2,3,Tecnología,Teléfonos,Vector
C0103,Fernanda Soto,2022-06-02,343,Consumidor,24,Correo,Austral,Aysén,2025-01-26,ORD-2025-00839,2023-05-11,Mismo Día,Crítica,Cancelado,4007.16,Normal,1186.86,Normal,29.62,Libreros Smart 9,6,Muebles,Libreros,Patagonia
C0103,Fernanda Soto,2022-06-02,343,Consumidor,24,Correo,Austral,Aysén,2025-01-26,ORD-2025-00839,2023-05-11,Mismo Día,Alta,Cancelado,3435.1,Normal,752.19,Normal,21.9,Mesas Flex 6,6,Muebles,Mesas,Orion
C0160,Andrés Flores,2023-01-05,386,Home Office,60,Web,Sur,Los Ríos,2024-11-05,ORD-2025-00840,2024-01-26,Segunda Clase,Baja,Completado,1124.48,Normal,90.51,Normal,8.05,Computadores Eco 9,5,Tecnología,Computadores,Patagonia
C0160,Andrés Flores,2023-01-05,386,Home Office,60,Web,Sur,Los Ríos,2024-11-05,ORD-2025-00840,2024-01-26,Segunda Clase,Alta,Completado,132.72,Normal,63.25,Normal,47.66,Teléfonos Pro 4,2,Tecnología,Teléfonos,Alerce
C0160,Andrés Flores,2023-01-05,386,Home Office,60,Web,Sur,Los Ríos,2024-11-05,ORD-2025-00840,2024-01-26,Segunda Clase,Media,Completado,541.84,Normal,82.63,Normal,15.25,Libreros Eco 4,4,Muebles,Libreros,Andes
C0160,Andrés Flores,2023-01-05,386,Home Office,60,Web,Sur,Los Ríos,2024-11-05,ORD-2025-00840,2024-01-26,Segunda Clase,Crítica,Completado,1426.91,Normal,317.96,Normal,22.28,Periféricos Flex 4,4,Tecnología,Periféricos,Orion
C0043,Carlos Pérez,2021-08-25,996,Corporativo,80,Web,Austral,Magallanes,2024-11-01,ORD-2025-00841,2024-05-17,Primera Clase,Media,Completado,1483.63,Normal,251.3,Normal,16.94,Archivadores Pro 6,3,Oficina,Archivadores,Patagonia
C0202,Luis Muñoz,2022-08-11,606,Corporativo,92,Web,Sur,Los Ríos,2024-06-21,ORD-2025-00842,2024-04-08,Mismo Día,Crítica,Enviado,1334.85,Normal,570.95,Normal,42.77,Teléfonos Flex 10,3,Tecnología,Teléfonos,Lumen
C0202,Luis Muñoz,2022-08-11,606,Corporativo,92,Web,Sur,Los Ríos,2024-06-21,ORD-2025-00842,2024-04-08,Mismo Día,Alta,Enviado,265.09,Normal,59.93,Normal,22.61,Sobres Pro 4,7,Oficina,Sobres,Vector
C0202,Luis Muñoz,2022-08-11,606,Corporativo,92,Web,Sur,Los Ríos,2024-06-21,ORD-2025-00842,2024-04-08,Mismo Día,Baja,Enviado,1500.41,Normal,144.13,Normal,9.61,Etiquetas Pro 2,5,Oficina,Etiquetas,Vector
C0202,Luis Muñoz,2022-08-11,606,Corporativo,92,Web,Sur,Los Ríos,2024-06-21,ORD-2025-00842,2024-04-08,Mismo Día,Alta,Enviado,2232.03,Normal,609.06,Normal,27.29,Papelería Smart 5,3,Oficina,Papelería,Alerce
C0008,Jorge Muñoz,2023-04-02,-54,Corporativo,18,Teléfono,Centro,Maule,2024-09-20,ORD-2025-00843,2023-02-07,Primera Clase,Alta,Completado,711.33,Normal,144.6,Normal,20.33,Periféricos Nova 9,3,Tecnología,Periféricos,Vector
C0008,Jorge Muñoz,2023-04-02,-54,Corporativo,18,Teléfono,Centro,Maule,2024-09-20,ORD-2025-00843,2023-02-07,Primera Clase,Crítica,Completado,2178.72,Normal,651.94,Normal,29.92,Etiquetas Nova 4,4,Oficina,Etiquetas,Altura
C0008,Jorge Muñoz,2023-04-02,-54,Corporativo,18,Teléfono,Centro,Maule,2024-09-20,ORD-2025-00843,2023-02-07,Primera Clase,Media,Completado,4263.07,Normal,1629.95,Normal,38.23,Sobres Smart 3,7,Oficina,Sobres,Patagonia
C0008,Jorge Muñoz,2023-04-02,-54,Corporativo,18,Teléfono,Centro,Maule,2024-09-20,ORD-2025-00843,2023-02-07,Primera Clase,Alta,Completado,1624.7,Normal,554.54,Normal,34.13,Teléfonos Flex 2,6,Tecnología,Teléfonos,Vector
C0084,Pedro Castillo,2021-08-23,861,Home Office,49,App,Norte,Coquimbo,2024-12-15,ORD-2025-00844,2024-01-01,Mismo Día,Baja,Completado,2693.0,Normal,974.85,Normal,36.2,Etiquetas Nova 3,5,Oficina,Etiquetas,Alerce
C0084,Pedro Castillo,2021-08-23,861,Home Office,49,App,Norte,Coquimbo,2024-12-15,ORD-2025-00844,2024-01-01,Mismo Día,Baja,Completado,4910.59,Normal,1922.4,Normal,39.15,Papelería Flex 6,8,Oficina,Papelería,Andes
C0084,Pedro Castillo,2021-08-23,861,Home Office,49,App,Norte,Coquimbo,2024-12-15,ORD-2025-00844,2024-01-01,Mismo Día,Crítica,Completado,1340.7,Normal,153.01,Normal,11.41,Libreros Pro 8,3,Muebles,Libreros,Lumen
C0120,Fernanda Díaz,2023-11-20,-9,Corporativo,94,Web,Centro,Valparaíso,2024-04-29,ORD-2025-00845,2023-11-11,Segunda Clase,Crítica,Completado,2553.72,Normal,468.71,Normal,18.35,Libreros Pro 8,5,Muebles,Libreros,Lumen
C0208,Fernanda Díaz,2024-10-21,-394,Home Office,46,Correo,Austral,Magallanes,2024-06-29,ORD-2025-00846,2023-09-23,Estándar,Alta,Completado,2607.84,Normal,1041.42,Normal,39.93,Accesorios Nova 6,3,Tecnología,Accesorios,Andes
C0160,Andrés Flores,2023-01-05,196,Home Office,60,Web,Sur,Los Ríos,2024-11-05,ORD-2025-00847,2023-07-20,Segunda Clase,Crítica,Completado,5455.1,Normal,2776.2,Ganancia Atípica,50.89,Teléfonos Pro 6,7,Tecnología,Teléfonos,Orion
C0003,Diego Castillo,2024-03-28,391,Corporativo,100,App,Austral,Magallanes,2024-05-31,ORD-2025-00848,2025-04-23,Mismo Día,Media,Completado,1432.02,Normal,297.57,Normal,20.78,Computadores Plus 6,3,Tecnología,Computadores,Lumen
C0054,Catalina Araya,2024-10-23,-53,Corporativo,13,Teléfono,Sur,La Araucanía,2024-08-14,ORD-2025-00849,2024-08-31,Estándar,Media,Completado,3026.0,Normal,1063.5,Normal,35.15,Etiquetas Nova 4,5,Oficina,Etiquetas,Altura
C0153,Matías Martínez,2023-02-20,436,Home Office,23,No Especificado,Centro,Metropolitana,2024-06-18,ORD-2025-00850,2024-05-01,Mismo Día,Baja,Enviado,734.34,Normal,273.47,Normal,37.24,Almacenamiento Eco 6,8,Muebles,Almacenamiento,Patagonia
C0199,Javiera Torres,2024-02-29,-265,Corporativo,97,Correo,Sur,Los Lagos,2025-03-02,ORD-2025-00851,2023-06-09,Estándar,Alta,Completado,1000.51,Normal,76.57,Normal,7.65,Teléfonos Nova 3,5,Tecnología,Teléfonos,Lumen
C0199,Javiera Torres,2024-02-29,-265,Corporativo,97,Correo,Sur,Los Lagos,2025-03-02,ORD-2025-00851,2023-06-09,Estándar,Baja,Completado,2721.9,Normal,1364.64,Normal,50.14,Sobres Pro 2,6,Oficina,Sobres,Orion
C0199,Javiera Torres,2024-02-29,-265,Corporativo,97,Correo,Sur,Los Lagos,2025-03-02,ORD-2025-00851,2023-06-09,Estándar,Media,Completado,269.82,Normal,125.49,Normal,46.51,Computadores Flex 7,8,Tecnología,Computadores,Alerce
C0062,Nicolás Contreras,2023-08-28,-216,Home Office,94,App,Centro,Maule,2024-08-21,ORD-2025-00852,2023-01-24,Mismo Día,Baja,Completado,1838.26,Normal,415.89,Normal,22.62,Libreros Plus 1,3,Muebles,Libreros,Altura
C0117,Sebastián Torres,2023-08-21,247,Consumidor,62,Teléfono,Centro,Metropolitana,2025-01-21,ORD-2025-00853,2024-04-24,Estándar,Media,Completado,420.96,Normal,114.48,Normal,27.19,Archivadores Smart 10,8,Oficina,Archivadores,Andes
C0197,Antonia Contreras,2022-12-21,268,Corporativo,40,App,Centro,Metropolitana,2024-06-17,ORD-2025-00854,2023-09-15,Segunda Clase,Crítica,Completado,1963.8,Normal,393.64,Normal,20.04,Etiquetas Flex 8,4,Oficina,Etiquetas,Patagonia
C0197,Antonia Contreras,2022-12-21,268,Corporativo,40,App,Centro,Metropolitana,2024-06-17,ORD-2025-00854,2023-09-15,Segunda Clase,Alta,Completado,1377.96,Normal,521.76,Normal,37.86,Almacenamiento Nova 2,2,Muebles,Almacenamiento,Patagonia
C0197,Antonia Contreras,2022-12-21,268,Corporativo,40,App,Centro,Metropolitana,2024-06-17,ORD-2025-00854,2023-09-15,Segunda Clase,Crítica,Completado,755.24,Normal,62.59,Normal,8.29,Almacenamiento Flex 1,1,Muebles,Almacenamiento,Patagonia
C0257,Vicente Muñoz,2023-11-28,-299,Consumidor,48,App,Norte,Coquimbo,2024-09-12,ORD-2025-00855,2023-02-02,Primera Clase,Baja,Completado,3234.91,Normal,1549.17,Normal,47.89,Computadores Pro 8,7,Tecnología,Computadores,Lumen
C0257,Vicente Muñoz,2023-11-28,-299,Consumidor,48,App,Norte,Coquimbo,2024-09-12,ORD-2025-00855,2023-02-02,Primera Clase,Crítica,Completado,75.9,Normal,16.51,Normal,21.75,Mesas Smart 1,1,Muebles,Mesas,Orion
C0283,Josefa Díaz,2021-02-08,1052,Consumidor,50,Correo,Austral,Magallanes,2024-12-18,ORD-2025-00856,2023-12-27,Mismo Día,Baja,Completado,3662.48,Normal,1025.57,Normal,28.0,Etiquetas Nova 3,8,Oficina,Etiquetas,Alerce
C0283,Josefa Díaz,2021-02-08,1052,Consumidor,50,Correo,Austral,Magallanes,2024-12-18,ORD-2025-00856,2023-12-27,Mismo Día,Baja,Completado,4341.54,Normal,1302.84,Normal,30.01,Periféricos Eco 2,6,Tecnología,Periféricos,Vector
C0283,Josefa Díaz,2021-02-08,1052,Consumidor,50,Correo,Austral,Magallanes,2024-12-18,ORD-2025-00856,2023-12-27,Mismo Día,Media,Completado,843.6,Normal,241.67,Normal,28.65,Archivadores Plus 5,2,Oficina,Archivadores,Altura
C0283,Josefa Díaz,2021-02-08,1052,Consumidor,50,Correo,Austral,Magallanes,2024-12-18,ORD-2025-00856,2023-12-27,Mismo Día,Baja,Completado,483.26,Normal,223.58,Normal,46.26,Sillas Nova 10,2,Muebles,Sillas,Lumen
C0112,Luis Soto,2024-05-03,-286,Corporativo,66,Teléfono,Sur,Los Ríos,2024-12-26,ORD-2025-00857,2023-07-22,Segunda Clase,Alta,Enviado,1442.84,Normal,465.84,Normal,32.29,Papelería Plus 10,2,Oficina,Papelería,Orion
C0112,Luis Soto,2024-05-03,-286,Corporativo,66,Teléfono,Sur,Los Ríos,2024-12-26,ORD-2025-00857,2023-07-22,Segunda Clase,Baja,Enviado,3833.45,Normal,1477.1,Normal,38.53,Libreros Eco 10,5,Muebles,Libreros,Andes
C0155,Constanza Hernández,2022-09-11,221,Home Office,24,Correo,Sur,Biobío,2025-03-09,ORD-2025-00858,2023-04-20,Primera Clase,Baja,Enviado,2607.84,Normal,1041.42,Normal,39.93,Accesorios Nova 6,3,Tecnología,Accesorios,Andes
C0155,Constanza Hernández,2022-09-11,221,Home Office,24,Correo,Sur,Biobío,2025-03-09,ORD-2025-00858,2023-04-20,Primera Clase,Crítica,Enviado,1966.02,Normal,233.83,Normal,11.89,Sillas Smart 9,8,Muebles,Sillas,Orion
C0149,Sebastián Soto,2021-09-28,873,Consumidor,77,Teléfono,Centro,Maule,2024-08-01,ORD-2025-00859,2024-02-18,Primera Clase,Baja,Completado,1777.04,Normal,422.06,Normal,23.75,Almacenamiento Flex 1,2,Muebles,Almacenamiento,Patagonia
C0149,Sebastián Soto,2021-09-28,873,Consumidor,77,Teléfono,Centro,Maule,2024-08-01,ORD-2025-00859,2024-02-18,Primera Clase,Crítica,Completado,467.06,Normal,212.29,Normal,45.45,Etiquetas Pro 5,2,Oficina,Etiquetas,Lumen
C0149,Sebastián Soto,2021-09-28,873,Consumidor,77,Teléfono,Centro,Maule,2024-08-01,ORD-2025-00859,2024-02-18,Primera Clase,Crítica,Completado,881.33,Normal,53.18,Normal,6.03,Periféricos Flex 4,3,Tecnología,Periféricos,Orion
C0063,Antonia Castillo,2021-07-11,866,Corporativo,96,App,Sur,Los Lagos,2024-01-30,ORD-2025-00860,2023-11-24,Estándar,Baja,Completado,4335.46,Normal,581.77,Normal,13.42,Sobres Flex 6,8,Oficina,Sobres,Patagonia
C0069,Constanza Flores,2021-11-22,644,Corporativo,67,Correo,Norte,Antofagasta,2025-01-16,ORD-2025-00861,2023-08-28,Primera Clase,Crítica,Completado,3460.73,Normal,1745.24,Normal,50.43,Teléfonos Flex 10,7,Tecnología,Teléfonos,Lumen
C0069,Constanza Flores,2021-11-22,644,Corporativo,67,Correo,Norte,Antofagasta,2025-01-16,ORD-2025-00861,2023-08-28,Primera Clase,Alta,Completado,2542.08,Normal,898.75,Normal,35.35,Computadores Plus 1,4,Tecnología,Computadores,Andes
C0069,Constanza Flores,2021-11-22,644,Corporativo,67,Correo,Norte,Antofagasta,2025-01-16,ORD-2025-00861,2023-08-28,Primera Clase,Alta,Completado,2314.84,Normal,326.68,Normal,14.11,Etiquetas Eco 1,5,Oficina,Etiquetas,Nova
C0144,Jorge López,2023-01-06,427,Home Office,99,Teléfono,Sur,Biobío,2024-05-03,ORD-2025-00862,2024-03-08,Primera Clase,Crítica,Completado,54.65,Normal,21.46,Normal,39.27,Teléfonos Pro 4,1,Tecnología,Teléfonos,Alerce
C0144,Jorge López,2023-01-06,427,Home Office,99,Teléfono,Sur,Biobío,2024-05-03,ORD-2025-00862,2024-03-08,Primera Clase,Crítica,Completado,3740.64,Normal,1330.16,Normal,35.56,Teléfonos Pro 6,6,Tecnología,Teléfonos,Orion
C0144,Jorge López,2023-01-06,427,Home Office,99,Teléfono,Sur,Biobío,2024-05-03,ORD-2025-00862,2024-03-08,Primera Clase,Baja,Completado,1870.01,Normal,-62.95,Normal,-3.37,Libreros Smart 9,4,Muebles,Libreros,Patagonia
C0144,Jorge López,2023-01-06,427,Home Office,99,Teléfono,Sur,Biobío,2024-05-03,ORD-2025-00862,2024-03-08,Primera Clase,Media,Completado,646.98,Normal,185.52,Normal,28.67,Computadores Pro 8,2,Tecnología,Computadores,Lumen
C0272,Tomás González,2023-06-02,-136,Consumidor,43,No Especificado,Centro,Metropolitana,2024-10-27,ORD-2025-00863,2023-01-17,Estándar,Crítica,Completado,1800.92,Normal,471.04,Normal,26.16,Libreros Pro 5,6,Muebles,Libreros,Nova
C0272,Tomás González,2023-06-02,-136,Consumidor,43,No Especificado,Centro,Metropolitana,2024-10-27,ORD-2025-00863,2023-01-17,Estándar,Crítica,Completado,939.27,Normal,508.53,Normal,54.14,Accesorios Nova 7,3,Tecnología,Accesorios,Alerce
C0272,Tomás González,2023-06-02,-136,Consumidor,43,No Especificado,Centro,Metropolitana,2024-10-27,ORD-2025-00863,2023-01-17,Estándar,Media,Completado,4870.88,Normal,1910.93,Normal,39.23,Papelería Eco 8,7,Oficina,Papelería,Patagonia
C0285,Camila Flores,2024-09-18,-98,Corporativo,77,Correo,Sur,La Araucanía,2025-01-16,ORD-2025-00864,2024-06-12,Mismo Día,Media,Completado,64.38,Normal,15.84,Normal,24.6,Accesorios Smart 2,8,Tecnología,Accesorios,Vector
C0285,Camila Flores,2024-09-18,-98,Corporativo,77,Correo,Sur,La Araucanía,2025-01-16,ORD-2025-00864,2024-06-12,Mismo Día,Media,Completado,884.79,Normal,405.6,Normal,45.84,Libreros Plus 2,2,Muebles,Libreros,Vector
C0281,Benjamín González,2023-08-30,169,Home Office,93,Teléfono,Centro,Maule,2025-01-21,ORD-2025-00865,2024-02-15,Segunda Clase,Baja,Completado,4998.96,Normal,2667.2,Ganancia Atípica,53.36,Archivadores Flex 3,8,Oficina,Archivadores,Vector
C0281,Benjamín González,2023-08-30,169,Home Office,93,Teléfono,Centro,Maule,2025-01-21,ORD-2025-00865,2024-02-15,Segunda Clase,Media,Completado,2154.4,Normal,416.58,Normal,19.34,Etiquetas Nova 3,5,Oficina,Etiquetas,Alerce
C0281,Benjamín González,2023-08-30,169,Home Office,93,Teléfono,Centro,Maule,2025-01-21,ORD-2025-00865,2024-02-15,Segunda Clase,Media,Completado,674.36,Normal,265.94,Normal,39.44,Computadores Pro 3,1,Tecnología,Computadores,Patagonia
C0281,Benjamín González,2023-08-30,169,Home Office,93,Teléfono,Centro,Maule,2025-01-21,ORD-2025-00865,2024-02-15,Segunda Clase,Media,Completado,356.73,Normal,73.7,Normal,20.66,Periféricos Flex 4,1,Tecnología,Periféricos,Orion
C0243,Nicolás López,2023-11-17,-116,Corporativo,13,App,Austral,Magallanes,2024-07-22,ORD-2025-00866,2023-07-24,Primera Clase,Alta,Cancelado,2895.55,Normal,1199.8,Normal,41.44,Mesas Plus 5,5,Muebles,Mesas,Vector
C0243,Nicolás López,2023-11-17,-116,Corporativo,13,App,Austral,Magallanes,2024-07-22,ORD-2025-00866,2023-07-24,Primera Clase,Crítica,Cancelado,2965.68,Normal,1056.0,Normal,35.61,Mesas Eco 3,8,Muebles,Mesas,Alerce
C0243,Nicolás López,2023-11-17,-116,Corporativo,13,App,Austral,Magallanes,2024-07-22,ORD-2025-00866,2023-07-24,Primera Clase,Crítica,Cancelado,767.6,Normal,91.79,Normal,11.96,Libreros Eco 4,6,Muebles,Libreros,Andes
C0243,Nicolás López,2023-11-17,-116,Corporativo,13,App,Austral,Magallanes,2024-07-22,ORD-2025-00866,2023-07-24,Primera Clase,Alta,Cancelado,1527.58,Normal,408.94,Normal,26.77,Etiquetas Smart 9,2,Oficina,Etiquetas,Patagonia
C0076,Isidora Silva,2022-03-26,466,Corporativo,65,Teléfono,Norte,Antofagasta,2024-05-26,ORD-2025-00867,2023-07-05,Segunda Clase,Media,Enviado,807.35,Normal,404.48,Normal,50.1,Computadores Nova 4,1,Tecnología,Computadores,Vector
C0076,Isidora Silva,2022-03-26,466,Corporativo,65,Teléfono,Norte,Antofagasta,2024-05-26,ORD-2025-00867,2023-07-05,Segunda Clase,Crítica,Enviado,931.36,Normal,460.42,Normal,49.44,Libreros Plus 2,2,Muebles,Libreros,Vector
C0190,Ana Torres,2023-06-01,515,Home Office,26,App,Sur,Los Lagos,2025-03-18,ORD-2025-00868,2024-10-28,Estándar,Alta,Devuelto,1983.0,Normal,607.05,Normal,30.61,Accesorios Plus 8,5,Tecnología,Accesorios,Andes
C0190,Ana Torres,2023-06-01,515,Home Office,26,App,Sur,Los Lagos,2025-03-18,ORD-2025-00868,2024-10-28,Estándar,Crítica,Devuelto,3143.25,Normal,518.15,Normal,16.48,Teléfonos Plus 5,5,Tecnología,Teléfonos,Nova
C0296,Catalina Muñoz,2024-08-28,-39,Consumidor,78,App,Sur,Biobío,2024-04-26,ORD-2025-00869,2024-07-20,Mismo Día,Media,Cancelado,119.04,Normal,62.94,Normal,52.87,Computadores Flex 7,3,Tecnología,Computadores,Alerce
C0212,Andrés González,2022-09-25,680,Corporativo,37,App,Sur,La Araucanía,2024-11-24,ORD-2025-00870,2024-08-05,Primera Clase,Baja,Completado,6117.68,Normal,1807.6,Normal,29.55,Periféricos Nova 5,8,Tecnología,Periféricos,Orion
C0212,Andrés González,2022-09-25,680,Corporativo,37,App,Sur,La Araucanía,2024-11-24,ORD-2025-00870,2024-08-05,Primera Clase,Baja,Completado,635.11,Normal,186.55,Normal,29.37,Sobres Pro 2,2,Oficina,Sobres,Orion
C0212,Andrés González,2022-09-25,680,Corporativo,37,App,Sur,La Araucanía,2024-11-24,ORD-2025-00870,2024-08-05,Primera Clase,Media,Completado,928.2,Normal,261.72,Normal,28.2,Sobres Nova 8,4,Oficina,Sobres,Alerce
C0212,Andrés González,2022-09-25,680,Corporativo,37,App,Sur,La Araucanía,2024-11-24,ORD-2025-00870,2024-08-05,Primera Clase,Baja,Completado,199.81,Normal,16.48,Normal,8.25,Mesas Nova 8,1,Muebles,Mesas,Andes
C0150,Constanza Soto,2023-09-14,341,Corporativo,53,Teléfono,Sur,La Araucanía,2024-09-28,ORD-2025-00871,2024-08-20,Segunda Clase,Crítica,Enviado,1156.48,Normal,308.68,Normal,26.69,Sillas Smart 9,4,Muebles,Sillas,Orion
C0150,Constanza Soto,2023-09-14,341,Corporativo,53,Teléfono,Sur,La Araucanía,2024-09-28,ORD-2025-00871,2024-08-20,Segunda Clase,Media,Enviado,2780.4,Normal,605.17,Normal,21.77,Computadores Plus 1,5,Tecnología,Computadores,Andes
C0150,Constanza Soto,2023-09-14,341,Corporativo,53,Teléfono,Sur,La Araucanía,2024-09-28,ORD-2025-00871,2024-08-20,Segunda Clase,Baja,Enviado,220.45,Normal,51.7,Normal,23.45,Sobres Nova 8,1,Oficina,Sobres,Alerce
C0204,Ignacio Torres,2021-11-05,1196,Home Office,67,No Especificado,Sur,Biobío,2025-01-05,ORD-2025-00872,2025-02-13,Primera Clase,Media,Enviado,2109.0,Normal,971.72,Normal,46.07,Archivadores Plus 5,4,Oficina,Archivadores,Altura
C0204,Ignacio Torres,2021-11-05,1196,Home Office,67,No Especificado,Sur,Biobío,2025-01-05,ORD-2025-00872,2025-02-13,Primera Clase,Baja,Enviado,1871.28,Normal,555.04,Normal,29.66,Archivadores Nova 8,8,Oficina,Archivadores,Lumen
C0082,María Muñoz,2022-05-22,810,Consumidor,12,App,Centro,Maule,2024-08-17,ORD-2025-00873,2024-08-09,Estándar,Crítica,Completado,951.84,Normal,105.47,Normal,11.08,Accesorios Plus 8,3,Tecnología,Accesorios,Andes
C0082,María Muñoz,2022-05-22,810,Consumidor,12,App,Centro,Maule,2024-08-17,ORD-2025-00873,2024-08-09,Estándar,Media,Completado,569.28,Normal,217.56,Normal,38.22,Mesas Smart 1,6,Muebles,Mesas,Orion
C0082,María Muñoz,2022-05-22,810,Consumidor,12,App,Centro,Maule,2024-08-17,ORD-2025-00873,2024-08-09,Estándar,Crítica,Completado,3776.21,Normal,261.55,Normal,6.93,Almacenamiento Flex 1,5,Muebles,Almacenamiento,Patagonia
C0082,María Muñoz,2022-05-22,810,Consumidor,12,App,Centro,Maule,2024-08-17,ORD-2025-00873,2024-08-09,Estándar,Baja,Completado,2518.08,Normal,863.46,Normal,34.29,Periféricos Flex 4,6,Tecnología,Periféricos,Orion
C0259,Catalina Flores,2021-09-14,1033,Corporativo,88,Teléfono,Austral,Magallanes,2024-06-18,ORD-2025-00874,2024-07-13,Mismo Día,Baja,Completado,763.79,Normal,204.47,Normal,26.77,Etiquetas Smart 9,1,Oficina,Etiquetas,Patagonia
C0259,Catalina Flores,2021-09-14,1033,Corporativo,88,Teléfono,Austral,Magallanes,2024-06-18,ORD-2025-00874,2024-07-13,Mismo Día,Media,Completado,1292.26,Normal,546.42,Normal,42.28,Papelería Flex 6,2,Oficina,Papelería,Andes
C0259,Catalina Flores,2021-09-14,1033,Corporativo,88,Teléfono,Austral,Magallanes,2024-06-18,ORD-2025-00874,2024-07-13,Mismo Día,Alta,Completado,1372.49,Normal,539.95,Normal,39.34,Computadores Nova 4,2,Tecnología,Computadores,Vector
C0259,Catalina Flores,2021-09-14,1033,Corporativo,88,Teléfono,Austral,Magallanes,2024-06-18,ORD-2025-00874,2024-07-13,Mismo Día,Baja,Completado,2436.04,Normal,931.4,Normal,38.23,Sobres Smart 3,4,Oficina,Sobres,Patagonia
C0300,Camila Díaz,2021-11-29,628,Corporativo,92,Correo,Sur,Los Lagos,2024-12-04,ORD-2025-00875,2023-08-19,Segunda Clase,Baja,Completado,793.37,Normal,398.28,Normal,50.2,Computadores Pro 3,1,Tecnología,Computadores,Patagonia
C0300,Camila Díaz,2021-11-29,628,Corporativo,92,Correo,Sur,Los Lagos,2024-12-04,ORD-2025-00875,2023-08-19,Segunda Clase,Alta,Completado,2216.66,Normal,586.74,Normal,26.47,Accesorios Nova 6,3,Tecnología,Accesorios,Andes
C0177,Javiera Fuentes,2021-04-16,685,Home Office,86,Teléfono,Centro,O'Higgins,2025-02-01,ORD-2025-00876,2023-03-02,Primera Clase,Alta,Completado,407.26,Normal,131.26,Normal,32.23,Etiquetas Pro 2,1,Oficina,Etiquetas,Vector
C0177,Javiera Fuentes,2021-04-16,685,Home Office,86,Teléfono,Centro,O'Higgins,2025-02-01,ORD-2025-00876,2023-03-02,Primera Clase,Media,Completado,1334.26,Normal,399.85,Normal,29.97,Papelería Plus 9,4,Oficina,Papelería,Vector
C0177,Javiera Fuentes,2021-04-16,685,Home Office,86,Teléfono,Centro,O'Higgins,2025-02-01,ORD-2025-00876,2023-03-02,Primera Clase,Crítica,Completado,2062.02,Normal,470.98,Normal,22.84,Computadores Plus 5,3,Tecnología,Computadores,Orion
C0084,Pedro Castillo,2021-08-23,1102,Home Office,49,App,Norte,Coquimbo,2024-12-15,ORD-2025-00877,2024-08-29,Segunda Clase,Baja,Completado,348.53,Normal,142.57,Normal,40.91,Etiquetas Pro 7,5,Oficina,Etiquetas,Orion
C0084,Pedro Castillo,2021-08-23,1102,Home Office,49,App,Norte,Coquimbo,2024-12-15,ORD-2025-00877,2024-08-29,Segunda Clase,Media,Completado,2475.89,Normal,569.65,Normal,23.01,Mesas Smart 7,6,Muebles,Mesas,Patagonia
C0029,Fernanda Díaz,2022-01-28,458,Consumidor,78,App,Austral,Aysén,2024-03-01,ORD-2025-00878,2023-05-01,Estándar,Baja,Completado,4006.85,Normal,1483.91,Normal,37.03,Periféricos Eco 10,6,Tecnología,Periféricos,Andes
C0029,Fernanda Díaz,2022-01-28,458,Consumidor,78,App,Austral,Aysén,2024-03-01,ORD-2025-00878,2023-05-01,Estándar,Media,Completado,652.4,Normal,258.8,Normal,39.67,Sillas Nova 10,3,Muebles,Sillas,Lumen
C0029,Fernanda Díaz,2022-01-28,458,Consumidor,78,App,Austral,Aysén,2024-03-01,ORD-2025-00878,2023-05-01,Estándar,Baja,Completado,5264.49,Normal,1338.71,Normal,25.43,Sobres Flex 6,8,Oficina,Sobres,Patagonia
C0029,Fernanda Díaz,2022-01-28,458,Consumidor,78,App,Austral,Aysén,2024-03-01,ORD-2025-00878,2023-05-01,Estándar,Baja,Completado,344.22,Normal,158.88,Normal,46.16,Almacenamiento Eco 6,3,Muebles,Almacenamiento,Patagonia
C0118,Nicolás Díaz,2022-11-07,157,Consumidor,98,Correo,Austral,Magallanes,2024-01-29,ORD-2025-00879,2023-04-13,Mismo Día,Crítica,Completado,5252.16,Normal,2469.66,Ganancia Atípica,47.02,Libreros Plus 1,6,Muebles,Libreros,Altura
C0118,Nicolás Díaz,2022-11-07,157,Consumidor,98,Correo,Austral,Magallanes,2024-01-29,ORD-2025-00879,2023-04-13,Mismo Día,Media,Completado,6183.45,Normal,1336.09,Normal,21.61,Periféricos Nova 3,7,Tecnología,Periféricos,Altura
C0118,Nicolás Díaz,2022-11-07,157,Consumidor,98,Correo,Austral,Magallanes,2024-01-29,ORD-2025-00879,2023-04-13,Mismo Día,Media,Completado,607.51,Normal,143.25,Normal,23.58,Papelería Plus 10,1,Oficina,Papelería,Orion
C0014,Isidora Flores,2024-08-05,-578,Corporativo,24,Teléfono,Norte,Antofagasta,2024-05-13,ORD-2025-00880,2023-01-05,Primera Clase,Baja,Completado,726.47,Normal,192.82,Normal,26.54,Periféricos Nova 5,1,Tecnología,Periféricos,Orion
C0014,Isidora Flores,2024-08-05,-578,Corporativo,24,Teléfono,Norte,Antofagasta,2024-05-13,ORD-2025-00880,2023-01-05,Primera Clase,Alta,Completado,4917.85,Normal,2130.95,Ganancia Atípica,43.33,Accesorios Flex 9,6,Tecnología,Accesorios,Patagonia
C0006,Vicente Rojas,2024-07-24,-245,Home Office,78,App,Norte,Tarapacá,2024-11-08,ORD-2025-00881,2023-11-22,Estándar,Crítica,Completado,452.29,Normal,80.53,Normal,17.8,Papelería Flex 6,1,Oficina,Papelería,Andes
C0006,Vicente Rojas,2024-07-24,-245,Home Office,78,App,Norte,Tarapacá,2024-11-08,ORD-2025-00881,2023-11-22,Estándar,Media,Completado,1595.32,Normal,792.4,Normal,49.67,Papelería Eco 2,3,Oficina,Papelería,Orion
C0192,Luis Fuentes,2023-07-31,498,Consumidor,50,Web,Norte,Tarapacá,2024-01-09,ORD-2025-00882,2024-12-10,Estándar,Baja,Completado,2189.98,Normal,398.0,Normal,18.17,Archivadores Flex 1,5,Oficina,Archivadores,Alerce
C0192,Luis Fuentes,2023-07-31,498,Consumidor,50,Web,Norte,Tarapacá,2024-01-09,ORD-2025-00882,2024-12-10,Estándar,Crítica,Completado,344.22,Normal,158.88,Normal,46.16,Almacenamiento Eco 6,3,Muebles,Almacenamiento,Patagonia
C0253,Jorge Torres,2023-01-10,33,Consumidor,69,Teléfono,Centro,Maule,2024-10-09,ORD-2025-00883,2023-02-12,Segunda Clase,Alta,Completado,640.9,Normal,23.26,Normal,3.63,Archivadores Smart 7,3,Oficina,Archivadores,Altura
C0253,Jorge Torres,2023-01-10,33,Consumidor,69,Teléfono,Centro,Maule,2024-10-09,ORD-2025-00883,2023-02-12,Segunda Clase,Alta,Completado,453.65,Normal,227.44,Normal,50.14,Sobres Pro 2,1,Oficina,Sobres,Orion
C0222,Isidora Rodríguez,2023-04-30,162,Consumidor,60,Web,Centro,Metropolitana,2024-09-15,ORD-2025-00884,2023-10-09,Primera Clase,Crítica,Completado,197.5,Normal,67.34,Normal,34.1,Etiquetas Pro 7,3,Oficina,Etiquetas,Orion
C0222,Isidora Rodríguez,2023-04-30,162,Consumidor,60,Web,Centro,Metropolitana,2024-09-15,ORD-2025-00884,2023-10-09,Primera Clase,Alta,Completado,4803.96,Normal,1505.14,Normal,31.33,Teléfonos Flex 8,7,Tecnología,Teléfonos,Patagonia
C0204,Ignacio Torres,2021-11-05,915,Home Office,67,No Especificado,Sur,Biobío,2025-01-05,ORD-2025-00885,2024-05-08,Primera Clase,Crítica,Enviado,2625.79,Normal,906.24,Normal,34.51,Sobres Flex 1,6,Oficina,Sobres,Lumen
C0204,Ignacio Torres,2021-11-05,915,Home Office,67,No Especificado,Sur,Biobío,2025-01-05,ORD-2025-00885,2024-05-08,Primera Clase,Alta,Enviado,1293.66,Normal,651.42,Normal,50.35,Computadores Pro 2,3,Tecnología,Computadores,Altura
C0005,Daniela Rodríguez,2023-01-29,745,Consumidor,36,Teléfono,Austral,Magallanes,2024-04-08,ORD-2025-00886,2025-02-12,Mismo Día,Alta,Completado,564.17,Normal,39.57,Normal,7.01,Mesas Nova 8,3,Muebles,Mesas,Andes
C0005,Daniela Rodríguez,2023-01-29,745,Consumidor,36,Teléfono,Austral,Magallanes,2024-04-08,ORD-2025-00886,2025-02-12,Mismo Día,Media,Completado,1827.03,Normal,698.55,Normal,38.23,Sobres Smart 3,3,Oficina,Sobres,Patagonia
C0005,Daniela Rodríguez,2023-01-29,745,Consumidor,36,Teléfono,Austral,Magallanes,2024-04-08,ORD-2025-00886,2025-02-12,Mismo Día,Baja,Completado,1221.77,Normal,392.06,Normal,32.09,Etiquetas Pro 2,3,Oficina,Etiquetas,Vector
C0148,Josefa Rodríguez,2021-09-27,1044,Home Office,47,Web,Norte,Antofagasta,2024-10-14,ORD-2025-00887,2024-08-06,Mismo Día,Crítica,Enviado,619.6,Normal,279.92,Normal,45.18,Etiquetas Pro 7,8,Oficina,Etiquetas,Orion
C0148,Josefa Rodríguez,2021-09-27,1044,Home Office,47,Web,Norte,Antofagasta,2024-10-14,ORD-2025-00887,2024-08-06,Mismo Día,Baja,Enviado,1894.82,Normal,798.45,Normal,42.14,Accesorios Flex 1,5,Tecnología,Accesorios,Alerce
C0298,Ana Sepúlveda,2024-05-19,-135,Home Office,52,Web,Centro,Maule,2024-08-09,ORD-2025-00888,2024-01-05,Primera Clase,Baja,Completado,3473.04,Normal,732.64,Normal,21.1,Accesorios Plus 3,4,Tecnología,Accesorios,Altura
C0295,Catalina Torres,2024-08-25,-378,Corporativo,46,App,Austral,Magallanes,2024-08-18,ORD-2025-00889,2023-08-13,Segunda Clase,Media,Completado,1896.88,Normal,385.6,Normal,20.33,Periféricos Nova 9,8,Tecnología,Periféricos,Vector
C0295,Catalina Torres,2024-08-25,-378,Corporativo,46,App,Austral,Magallanes,2024-08-18,ORD-2025-00889,2023-08-13,Segunda Clase,Baja,Completado,289.12,Normal,77.17,Normal,26.69,Sillas Smart 9,1,Muebles,Sillas,Orion
C0271,Andrés Muñoz,2022-07-31,301,Consumidor,86,Correo,Centro,O'Higgins,2024-01-09,ORD-2025-00890,2023-05-28,Mismo Día,Crítica,Completado,4889.5,Normal,1280.3,Normal,26.18,Teléfonos Plus 5,7,Tecnología,Teléfonos,Nova
C0271,Andrés Muñoz,2022-07-31,301,Consumidor,86,Correo,Centro,O'Higgins,2024-01-09,ORD-2025-00890,2023-05-28,Mismo Día,Alta,Completado,1088.76,Normal,433.93,Normal,39.86,Sobres Pro 2,3,Oficina,Sobres,Orion
C0271,Andrés Muñoz,2022-07-31,301,Consumidor,86,Correo,Centro,O'Higgins,2024-01-09,ORD-2025-00890,2023-05-28,Mismo Día,Media,Completado,8.55,Normal,2.8,Normal,32.75,Accesorios Smart 2,1,Tecnología,Accesorios,Vector
C0271,Andrés Muñoz,2022-07-31,301,Consumidor,86,Correo,Centro,O'Higgins,2024-01-09,ORD-2025-00890,2023-05-28,Mismo Día,Crítica,Completado,1909.36,Normal,96.87,Normal,5.07,Computadores Plus 6,5,Tecnología,Computadores,Lumen
C0076,Isidora Silva,2022-03-26,509,Corporativo,65,Teléfono,Norte,Antofagasta,2024-05-26,ORD-2025-00891,2023-08-17,Estándar,Media,Enviado,462.37,Normal,156.53,Normal,33.85,Periféricos Nova 7,2,Tecnología,Periféricos,Orion
C0076,Isidora Silva,2022-03-26,509,Corporativo,65,Teléfono,Norte,Antofagasta,2024-05-26,ORD-2025-00891,2023-08-17,Estándar,Alta,Enviado,986.11,Normal,383.15,Normal,38.85,Archivadores Nova 2,2,Oficina,Archivadores,Alerce
C0076,Isidora Silva,2022-03-26,509,Corporativo,65,Teléfono,Norte,Antofagasta,2024-05-26,ORD-2025-00891,2023-08-17,Estándar,Crítica,Enviado,1955.8,Normal,1.13,Normal,0.06,Teléfonos Plus 5,4,Tecnología,Teléfonos,Nova
C0199,Javiera Torres,2024-02-29,111,Corporativo,97,Correo,Sur,Los Lagos,2025-03-02,ORD-2025-00892,2024-06-19,Estándar,Baja,Completado,1929.1,Normal,591.79,Normal,30.68,Etiquetas Pro 2,5,Oficina,Etiquetas,Vector
C0199,Javiera Torres,2024-02-29,111,Corporativo,97,Correo,Sur,Los Lagos,2025-03-02,ORD-2025-00892,2024-06-19,Estándar,Crítica,Completado,1037.92,Normal,390.31,Normal,37.61,Etiquetas Pro 5,5,Oficina,Etiquetas,Lumen
C0168,Gabriel Araya,2023-07-28,140,Corporativo,17,Web,Centro,O'Higgins,2024-06-04,ORD-2025-00893,2023-12-15,Estándar,Media,Completado,3164.44,Normal,1637.48,Normal,51.75,Almacenamiento Plus 10,4,Muebles,Almacenamiento,Patagonia
C0168,Gabriel Araya,2023-07-28,140,Corporativo,17,Web,Centro,O'Higgins,2024-06-04,ORD-2025-00893,2023-12-15,Estándar,Crítica,Completado,2347.06,Normal,774.34,Normal,32.99,Accesorios Nova 6,3,Tecnología,Accesorios,Andes
C0168,Gabriel Araya,2023-07-28,140,Corporativo,17,Web,Centro,O'Higgins,2024-06-04,ORD-2025-00893,2023-12-15,Estándar,Crítica,Completado,3339.05,Normal,1248.8,Normal,37.4,Periféricos Eco 10,5,Tecnología,Periféricos,Andes
C0168,Gabriel Araya,2023-07-28,140,Corporativo,17,Web,Centro,O'Higgins,2024-06-04,ORD-2025-00893,2023-12-15,Estándar,Alta,Completado,1552.39,Normal,706.74,Normal,45.53,Computadores Pro 2,4,Tecnología,Computadores,Altura
C0101,Ana Flores,2022-07-16,682,Consumidor,16,Web,Norte,Tarapacá,2024-05-21,ORD-2025-00894,2024-05-28,Estándar,Crítica,Completado,1928.01,Normal,763.57,Normal,39.6,Sobres Pro 2,5,Oficina,Sobres,Orion
C0101,Ana Flores,2022-07-16,682,Consumidor,16,Web,Norte,Tarapacá,2024-05-21,ORD-2025-00894,2024-05-28,Estándar,Baja,Completado,1178.28,Normal,-6.34,Normal,-0.54,Etiquetas Flex 8,3,Oficina,Etiquetas,Patagonia
C0101,Ana Flores,2022-07-16,682,Consumidor,16,Web,Norte,Tarapacá,2024-05-21,ORD-2025-00894,2024-05-28,Estándar,Crítica,Completado,7017.6,Venta Extraordinaria,3651.12,Ganancia Atípica,52.03,Periféricos Nova 6,8,Tecnología,Periféricos,Patagonia
C0137,Javiera Díaz,2021-12-07,454,Corporativo,13,Teléfono,Sur,Los Ríos,2024-07-14,ORD-2025-00895,2023-03-06,Segunda Clase,Alta,Completado,3445.93,Normal,256.16,Normal,7.43,Papelería Smart 1,6,Oficina,Papelería,Altura
C0137,Javiera Díaz,2021-12-07,454,Corporativo,13,Teléfono,Sur,Los Ríos,2024-07-14,ORD-2025-00895,2023-03-06,Segunda Clase,Media,Completado,1269.39,Normal,450.51,Normal,35.49,Computadores Pro 3,2,Tecnología,Computadores,Patagonia
C0137,Javiera Díaz,2021-12-07,454,Corporativo,13,Teléfono,Sur,Los Ríos,2024-07-14,ORD-2025-00895,2023-03-06,Segunda Clase,Media,Completado,556.81,Normal,180.1,Normal,32.34,Sillas Flex 2,1,Muebles,Sillas,Vector
C0245,Paula Espinoza,2024-05-24,37,Consumidor,96,App,Centro,Maule,2024-08-23,ORD-2025-00896,2024-06-30,Mismo Día,Alta,Completado,949.05,Normal,392.13,Normal,41.32,Archivadores Plus 5,2,Oficina,Archivadores,Altura
C0245,Paula Espinoza,2024-05-24,37,Consumidor,96,App,Centro,Maule,2024-08-23,ORD-2025-00896,2024-06-30,Mismo Día,Crítica,Completado,2456.16,Normal,961.88,Normal,39.16,Periféricos Nova 6,4,Tecnología,Periféricos,Patagonia
C0245,Paula Espinoza,2024-05-24,37,Consumidor,96,App,Centro,Maule,2024-08-23,ORD-2025-00896,2024-06-30,Mismo Día,Alta,Completado,3751.76,Normal,758.49,Normal,20.22,Teléfonos Plus 1,8,Tecnología,Teléfonos,Lumen
C0245,Paula Espinoza,2024-05-24,37,Consumidor,96,App,Centro,Maule,2024-08-23,ORD-2025-00896,2024-06-30,Mismo Día,Crítica,Completado,646.16,Normal,83.39,Normal,12.91,Sobres Pro 5,7,Oficina,Sobres,Alerce
C0120,Fernanda Díaz,2023-11-20,90,Corporativo,94,Web,Centro,Valparaíso,2024-04-29,ORD-2025-00897,2024-02-18,Estándar,Baja,Cancelado,1035.32,Normal,259.87,Normal,25.1,Sobres Smart 3,2,Oficina,Sobres,Patagonia
C0120,Fernanda Díaz,2023-11-20,90,Corporativo,94,Web,Centro,Valparaíso,2024-04-29,ORD-2025-00897,2024-02-18,Estándar,Media,Cancelado,832.86,Normal,10.81,Normal,1.3,Accesorios Plus 8,3,Tecnología,Accesorios,Andes
C0120,Fernanda Díaz,2023-11-20,90,Corporativo,94,Web,Centro,Valparaíso,2024-04-29,ORD-2025-00897,2024-02-18,Estándar,Alta,Cancelado,825.02,Normal,303.52,Normal,36.79,Almacenamiento Smart 4,2,Muebles,Almacenamiento,Lumen
C0172,Catalina Flores,2022-03-17,331,Home Office,67,Correo,Austral,Magallanes,2024-09-02,ORD-2025-00898,2023-02-11,Mismo Día,Crítica,Enviado,1116.38,Normal,409.91,Normal,36.72,Periféricos Smart 1,6,Tecnología,Periféricos,Andes
C0172,Catalina Flores,2022-03-17,331,Home Office,67,Correo,Austral,Magallanes,2024-09-02,ORD-2025-00898,2023-02-11,Mismo Día,Media,Enviado,5350.02,Normal,2045.16,Ganancia Atípica,38.23,Accesorios Flex 5,6,Tecnología,Accesorios,Vector
C0172,Catalina Flores,2022-03-17,331,Home Office,67,Correo,Austral,Magallanes,2024-09-02,ORD-2025-00898,2023-02-11,Mismo Día,Media,Enviado,2063.24,Normal,417.13,Normal,20.22,Mesas Smart 7,5,Muebles,Mesas,Patagonia
C0109,Martina Castillo,2022-08-20,161,Corporativo,39,Web,Norte,Coquimbo,2024-02-21,ORD-2025-00899,2023-01-28,Segunda Clase,Media,Completado,1750.72,Normal,823.22,Normal,47.02,Libreros Plus 1,2,Muebles,Libreros,Altura
C0109,Martina Castillo,2022-08-20,161,Corporativo,39,Web,Norte,Coquimbo,2024-02-21,ORD-2025-00899,2023-01-28,Segunda Clase,Alta,Completado,404.35,Normal,-50.67,Normal,-12.53,Mesas Eco 4,7,Muebles,Mesas,Altura
C0109,Martina Castillo,2022-08-20,161,Corporativo,39,Web,Norte,Coquimbo,2024-02-21,ORD-2025-00899,2023-01-28,Segunda Clase,Crítica,Completado,105.24,Normal,28.62,Normal,27.19,Archivadores Smart 10,2,Oficina,Archivadores,Andes
C0109,Martina Castillo,2022-08-20,161,Corporativo,39,Web,Norte,Coquimbo,2024-02-21,ORD-2025-00899,2023-01-28,Segunda Clase,Alta,Completado,2141.11,Normal,959.98,Normal,44.84,Libreros Smart 6,7,Muebles,Libreros,Lumen
C0024,Catalina Muñoz,2021-05-19,988,Consumidor,52,Web,Norte,Coquimbo,2024-08-26,ORD-2025-00900,2024-02-01,Segunda Clase,Alta,Completado,4860.1,Normal,1192.84,Normal,24.54,Papelería Plus 10,8,Oficina,Papelería,Orion
C0024,Catalina Muñoz,2021-05-19,988,Consumidor,52,Web,Norte,Coquimbo,2024-08-26,ORD-2025-00900,2024-02-01,Segunda Clase,Alta,Completado,3231.6,Normal,1169.82,Normal,36.2,Etiquetas Nova 3,6,Oficina,Etiquetas,Alerce
C0293,Isidora Araya,2024-07-30,-435,Consumidor,16,App,Centro,O'Higgins,2024-01-16,ORD-2025-00901,2023-05-22,Estándar,Crítica,Completado,374.26,Normal,38.35,Normal,10.25,Archivadores Nova 8,2,Oficina,Archivadores,Lumen
C0293,Isidora Araya,2024-07-30,-435,Consumidor,16,App,Centro,O'Higgins,2024-01-16,ORD-2025-00901,2023-05-22,Estándar,Baja,Completado,157.47,Normal,23.43,Normal,14.88,Accesorios Eco 4,7,Tecnología,Accesorios,Orion
C0293,Isidora Araya,2024-07-30,-435,Consumidor,16,App,Centro,O'Higgins,2024-01-16,ORD-2025-00901,2023-05-22,Estándar,Baja,Completado,6039.46,Normal,2831.57,Ganancia Atípica,46.88,Accesorios Flex 9,7,Tecnología,Accesorios,Patagonia
C0293,Isidora Araya,2024-07-30,-435,Consumidor,16,App,Centro,O'Higgins,2024-01-16,ORD-2025-00901,2023-05-22,Estándar,Baja,Completado,3501.44,Normal,1646.44,Normal,47.02,Libreros Plus 1,4,Muebles,Libreros,Altura
C0291,Felipe Contreras,2024-01-09,462,Consumidor,81,Teléfono,Sur,Los Lagos,2024-10-31,ORD-2025-00902,2025-04-15,Segunda Clase,Crítica,Completado,205.58,Normal,88.78,Normal,43.19,Sobres Pro 4,4,Oficina,Sobres,Vector
C0291,Felipe Contreras,2024-01-09,462,Consumidor,81,Teléfono,Sur,Los Lagos,2024-10-31,ORD-2025-00902,2025-04-15,Segunda Clase,Alta,Completado,421.8,Normal,123.88,Normal,29.37,Archivadores Plus 5,1,Oficina,Archivadores,Altura
C0291,Felipe Contreras,2024-01-09,462,Consumidor,81,Teléfono,Sur,Los Lagos,2024-10-31,ORD-2025-00902,2025-04-15,Segunda Clase,Alta,Completado,244.35,Normal,64.85,Normal,26.54,Almacenamiento Nova 9,5,Muebles,Almacenamiento,Alerce
C0081,Felipe González,2024-01-10,-344,Home Office,54,Web,Centro,Maule,2024-07-10,ORD-2025-00903,2023-01-31,Segunda Clase,Alta,Completado,2784.05,Normal,900.5,Normal,32.34,Sillas Flex 2,5,Muebles,Sillas,Vector
C0081,Felipe González,2024-01-10,-344,Home Office,54,Web,Centro,Maule,2024-07-10,ORD-2025-00903,2023-01-31,Segunda Clase,Crítica,Completado,257.84,Normal,10.58,Normal,4.1,Archivadores Smart 10,7,Oficina,Archivadores,Andes
C0092,Benjamín Morales,2023-09-26,-203,Consumidor,55,App,Centro,Metropolitana,2025-03-03,ORD-2025-00904,2023-03-07,Primera Clase,Media,Completado,2752.96,Normal,578.5,Normal,21.01,Periféricos Nova 5,4,Tecnología,Periféricos,Orion
C0092,Benjamín Morales,2023-09-26,-203,Consumidor,55,App,Centro,Metropolitana,2025-03-03,ORD-2025-00904,2023-03-07,Primera Clase,Baja,Completado,605.2,Normal,212.7,Normal,35.15,Etiquetas Nova 4,1,Oficina,Etiquetas,Altura
C0239,Martina Torres,2023-11-30,409,Corporativo,20,Teléfono,Norte,Tarapacá,2024-05-03,ORD-2025-00905,2025-01-12,Estándar,Alta,Completado,251.23,Normal,71.74,Normal,28.56,Papelería Pro 3,5,Oficina,Papelería,Altura
C0239,Martina Torres,2023-11-30,409,Corporativo,20,Teléfono,Norte,Tarapacá,2024-05-03,ORD-2025-00905,2025-01-12,Estándar,Alta,Completado,54.1,Normal,24.86,Normal,45.95,Sobres Pro 4,1,Oficina,Sobres,Vector
C0239,Martina Torres,2023-11-30,409,Corporativo,20,Teléfono,Norte,Tarapacá,2024-05-03,ORD-2025-00905,2025-01-12,Estándar,Media,Completado,1827.03,Normal,698.55,Normal,38.23,Sobres Smart 3,3,Oficina,Sobres,Patagonia
C0239,Martina Torres,2023-11-30,409,Corporativo,20,Teléfono,Norte,Tarapacá,2024-05-03,ORD-2025-00905,2025-01-12,Estándar,Media,Completado,235.07,Normal,54.35,Normal,23.12,Mesas Nova 8,1,Muebles,Mesas,Andes
C0212,Andrés González,2022-09-25,743,Corporativo,37,App,Sur,La Araucanía,2024-11-24,ORD-2025-00906,2024-10-07,Estándar,Media,Completado,331.39,Normal,74.42,Normal,22.46,Mesas Smart 9,3,Muebles,Mesas,Andes
C0213,Camila Silva,2021-11-14,976,Consumidor,47,Web,Norte,Antofagasta,2024-09-25,ORD-2025-00907,2024-07-17,Primera Clase,Alta,Enviado,267.04,Normal,58.05,Normal,21.74,Archivadores Smart 7,1,Oficina,Archivadores,Altura
C0213,Camila Silva,2021-11-14,976,Consumidor,47,Web,Norte,Antofagasta,2024-09-25,ORD-2025-00907,2024-07-17,Primera Clase,Baja,Enviado,367.0,Normal,-1.39,Normal,-0.38,Almacenamiento Eco 3,3,Muebles,Almacenamiento,Orion
C0213,Camila Silva,2021-11-14,976,Consumidor,47,Web,Norte,Antofagasta,2024-09-25,ORD-2025-00907,2024-07-17,Primera Clase,Baja,Enviado,4746.56,Normal,1267.07,Normal,26.69,Accesorios Nova 10,7,Tecnología,Accesorios,Andes
C0198,Valentina Contreras,2024-05-18,-391,Consumidor,93,App,Centro,Metropolitana,2024-07-13,ORD-2025-00908,2023-04-23,Segunda Clase,Baja,Completado,1915.29,Normal,669.93,Normal,34.98,Libreros Pro 8,3,Muebles,Libreros,Lumen
C0234,Fernanda Soto,2023-08-10,-163,Home Office,90,Correo,Norte,Antofagasta,2024-09-14,ORD-2025-00909,2023-02-28,Mismo Día,Crítica,Completado,4166.7,Normal,2077.91,Ganancia Atípica,49.87,Periféricos Nova 6,5,Tecnología,Periféricos,Patagonia
C0234,Fernanda Soto,2023-08-10,-163,Home Office,90,Correo,Norte,Antofagasta,2024-09-14,ORD-2025-00909,2023-02-28,Mismo Día,Crítica,Completado,2215.24,Normal,708.15,Normal,31.97,Papelería Smart 1,3,Oficina,Papelería,Altura
C0234,Fernanda Soto,2023-08-10,-163,Home Office,90,Correo,Norte,Antofagasta,2024-09-14,ORD-2025-00909,2023-02-28,Mismo Día,Alta,Completado,774.19,Normal,289.14,Normal,37.35,Sobres Flex 6,1,Oficina,Sobres,Patagonia
C0074,Constanza Fuentes,2024-04-11,-161,Corporativo,83,Web,Sur,La Araucanía,2024-01-31,ORD-2025-00910,2023-11-02,Mismo Día,Crítica,Completado,1064.72,Normal,522.62,Normal,49.09,Almacenamiento Plus 5,2,Muebles,Almacenamiento,Nova
C0187,Carlos Rodríguez,2021-08-16,757,Corporativo,96,No Especificado,Centro,O'Higgins,2024-04-14,ORD-2025-00911,2023-09-12,Mismo Día,Alta,Completado,3545.59,Normal,303.88,Normal,8.57,Periféricos Eco 2,7,Tecnología,Periféricos,Vector
C0125,Carlos Pérez,2022-08-21,517,Corporativo,63,Teléfono,Centro,O'Higgins,2024-05-01,ORD-2025-00912,2024-01-20,Primera Clase,Alta,Completado,1236.69,Normal,-209.7,Normal,-16.96,Periféricos Nova 3,2,Tecnología,Periféricos,Altura
C0125,Carlos Pérez,2022-08-21,517,Corporativo,63,Teléfono,Centro,O'Higgins,2024-05-01,ORD-2025-00912,2024-01-20,Primera Clase,Alta,Completado,703.35,Normal,172.25,Normal,24.49,Papelería Flex 7,1,Oficina,Papelería,Andes
C0125,Carlos Pérez,2022-08-21,517,Corporativo,63,Teléfono,Centro,O'Higgins,2024-05-01,ORD-2025-00912,2024-01-20,Primera Clase,Crítica,Completado,1472.85,Normal,295.23,Normal,20.04,Etiquetas Flex 8,3,Oficina,Etiquetas,Patagonia
C0125,Carlos Pérez,2022-08-21,517,Corporativo,63,Teléfono,Centro,O'Higgins,2024-05-01,ORD-2025-00912,2024-01-20,Primera Clase,Crítica,Completado,511.73,Normal,60.41,Normal,11.81,Libreros Eco 4,4,Muebles,Libreros,Andes
C0211,Gabriel Morales,2024-10-04,-487,Consumidor,92,Web,Sur,Biobío,2024-04-04,ORD-2025-00913,2023-06-05,Estándar,Baja,Completado,3873.28,Normal,817.06,Normal,21.09,Etiquetas Nova 4,8,Oficina,Etiquetas,Altura
C0211,Gabriel Morales,2024-10-04,-487,Consumidor,92,Web,Sur,Biobío,2024-04-04,ORD-2025-00913,2023-06-05,Estándar,Crítica,Completado,1381.59,Normal,397.2,Normal,28.75,Teléfonos Plus 7,6,Tecnología,Teléfonos,Alerce
C0211,Gabriel Morales,2024-10-04,-487,Consumidor,92,Web,Sur,Biobío,2024-04-04,ORD-2025-00913,2023-06-05,Estándar,Alta,Completado,2236.38,Normal,527.91,Normal,23.61,Sobres Eco 7,3,Oficina,Sobres,Vector
C0211,Gabriel Morales,2024-10-04,-487,Consumidor,92,Web,Sur,Biobío,2024-04-04,ORD-2025-00913,2023-06-05,Estándar,Crítica,Completado,5651.45,Normal,2831.36,Ganancia Atípica,50.1,Computadores Nova 4,7,Tecnología,Computadores,Vector
C0289,Vicente Martínez,2021-09-07,1115,Corporativo,60,No Especificado,Norte,Coquimbo,2024-06-23,ORD-2025-00914,2024-09-26,Mismo Día,Media,Completado,2697.46,Normal,1140.53,Normal,42.28,Computadores Pro 3,4,Tecnología,Computadores,Patagonia
C0289,Vicente Martínez,2021-09-07,1115,Corporativo,60,No Especificado,Norte,Coquimbo,2024-06-23,ORD-2025-00914,2024-09-26,Mismo Día,Crítica,Completado,436.01,Normal,190.54,Normal,43.7,Almacenamiento Eco 6,4,Muebles,Almacenamiento,Patagonia
C0289,Vicente Martínez,2021-09-07,1115,Corporativo,60,No Especificado,Norte,Coquimbo,2024-06-23,ORD-2025-00914,2024-09-26,Mismo Día,Crítica,Completado,2522.81,Normal,335.02,Normal,13.28,Sobres Flex 1,7,Oficina,Sobres,Lumen
C0289,Vicente Martínez,2021-09-07,1115,Corporativo,60,No Especificado,Norte,Coquimbo,2024-06-23,ORD-2025-00914,2024-09-26,Mismo Día,Crítica,Completado,124.62,Normal,13.26,Normal,10.64,Almacenamiento Nova 9,3,Muebles,Almacenamiento,Alerce
C0007,Daniela López,2024-08-03,-272,Corporativo,97,App,Sur,Los Ríos,2024-07-26,ORD-2025-00915,2023-11-05,Primera Clase,Media,Completado,1629.4,Normal,583.3,Normal,35.8,Teléfonos Nova 3,6,Tecnología,Teléfonos,Lumen
C0007,Daniela López,2024-08-03,-272,Corporativo,97,App,Sur,Los Ríos,2024-07-26,ORD-2025-00915,2023-11-05,Primera Clase,Crítica,Completado,467.82,Normal,138.76,Normal,29.66,Archivadores Nova 8,2,Oficina,Archivadores,Lumen
C0006,Vicente Rojas,2024-07-24,-540,Home Office,78,App,Norte,Tarapacá,2024-11-08,ORD-2025-00916,2023-01-31,Estándar,Baja,Completado,4943.89,Normal,1884.33,Normal,38.11,Sobres Plus 10,7,Oficina,Sobres,Altura
C0006,Vicente Rojas,2024-07-24,-540,Home Office,78,App,Norte,Tarapacá,2024-11-08,ORD-2025-00916,2023-01-31,Estándar,Alta,Completado,2036.28,Normal,656.4,Normal,32.24,Etiquetas Pro 2,5,Oficina,Etiquetas,Vector
C0006,Vicente Rojas,2024-07-24,-540,Home Office,78,App,Norte,Tarapacá,2024-11-08,ORD-2025-00916,2023-01-31,Estándar,Baja,Completado,342.08,Normal,90.11,Normal,26.34,Archivadores Pro 4,2,Oficina,Archivadores,Alerce
C0006,Vicente Rojas,2024-07-24,-540,Home Office,78,App,Norte,Tarapacá,2024-11-08,ORD-2025-00916,2023-01-31,Estándar,Crítica,Completado,269.82,Normal,126.85,Normal,47.01,Computadores Flex 7,8,Tecnología,Computadores,Alerce
C0068,Gabriel Hernández,2023-12-24,-324,Home Office,66,No Especificado,Centro,Valparaíso,2025-02-22,ORD-2025-00917,2023-02-03,Primera Clase,Baja,Completado,711.33,Normal,144.6,Normal,20.33,Periféricos Nova 9,3,Tecnología,Periféricos,Vector
C0068,Gabriel Hernández,2023-12-24,-324,Home Office,66,No Especificado,Centro,Valparaíso,2025-02-22,ORD-2025-00917,2023-02-03,Primera Clase,Media,Completado,2113.8,Normal,896.91,Normal,42.43,Sillas Smart 3,3,Muebles,Sillas,Altura
C0068,Gabriel Hernández,2023-12-24,-324,Home Office,66,No Especificado,Centro,Valparaíso,2025-02-22,ORD-2025-00917,2023-02-03,Primera Clase,Crítica,Completado,2914.2,Normal,1121.72,Normal,38.49,Sillas Plus 4,4,Muebles,Sillas,Orion
C0068,Gabriel Hernández,2023-12-24,-324,Home Office,66,No Especificado,Centro,Valparaíso,2025-02-22,ORD-2025-00917,2023-02-03,Primera Clase,Alta,Completado,4053.77,Normal,1679.72,Normal,41.44,Mesas Plus 5,7,Muebles,Mesas,Vector
C0287,Felipe Contreras,2022-07-26,794,Consumidor,38,Teléfono,Norte,Coquimbo,2024-08-11,ORD-2025-00918,2024-09-27,Primera Clase,Alta,Completado,609.01,Normal,232.85,Normal,38.23,Sobres Smart 3,1,Oficina,Sobres,Patagonia
C0287,Felipe Contreras,2022-07-26,794,Consumidor,38,Teléfono,Norte,Coquimbo,2024-08-11,ORD-2025-00918,2024-09-27,Primera Clase,Crítica,Completado,506.51,Normal,-9.98,Normal,-1.97,Periféricos Eco 2,1,Tecnología,Periféricos,Vector
C0052,Jorge Contreras,2022-12-18,552,Corporativo,39,Teléfono,Sur,La Araucanía,2024-03-17,ORD-2025-00919,2024-06-22,Segunda Clase,Alta,Devuelto,687.41,Normal,135.79,Normal,19.75,Etiquetas Smart 9,1,Oficina,Etiquetas,Patagonia
C0052,Jorge Contreras,2022-12-18,552,Corporativo,39,Teléfono,Sur,La Araucanía,2024-03-17,ORD-2025-00919,2024-06-22,Segunda Clase,Alta,Devuelto,1247.4,Normal,326.55,Normal,26.18,Libreros Smart 3,5,Muebles,Libreros,Vector
C0052,Jorge Contreras,2022-12-18,552,Corporativo,39,Teléfono,Sur,La Araucanía,2024-03-17,ORD-2025-00919,2024-06-22,Segunda Clase,Alta,Devuelto,534.13,Normal,135.37,Normal,25.34,Computadores Eco 9,2,Tecnología,Computadores,Patagonia
C0208,Fernanda Díaz,2024-10-21,-560,Home Office,46,Correo,Austral,Magallanes,2024-06-29,ORD-2025-00920,2023-04-10,Segunda Clase,Media,Completado,508.15,Normal,117.38,Normal,23.1,Sillas Eco 5,1,Muebles,Sillas,Lumen
C0208,Fernanda Díaz,2024-10-21,-560,Home Office,46,Correo,Austral,Magallanes,2024-06-29,ORD-2025-00920,2023-04-10,Segunda Clase,Baja,Completado,2216.66,Normal,598.09,Normal,26.98,Accesorios Nova 6,3,Tecnología,Accesorios,Andes
C0208,Fernanda Díaz,2024-10-21,-560,Home Office,46,Correo,Austral,Magallanes,2024-06-29,ORD-2025-00920,2023-04-10,Segunda Clase,Crítica,Completado,321.27,Normal,91.04,Normal,28.34,Almacenamiento Eco 6,4,Muebles,Almacenamiento,Patagonia
C0208,Fernanda Díaz,2024-10-21,-560,Home Office,46,Correo,Austral,Magallanes,2024-06-29,ORD-2025-00920,2023-04-10,Segunda Clase,Alta,Completado,3818.55,Normal,1220.25,Normal,31.96,Computadores Plus 5,5,Tecnología,Computadores,Orion
C0141,Daniela Martínez,2022-06-07,667,Corporativo,69,Web,Norte,Tarapacá,2024-06-02,ORD-2025-00921,2024-04-04,Primera Clase,Media,Completado,179.97,Normal,14.9,Normal,8.28,Accesorios Eco 4,8,Tecnología,Accesorios,Orion
C0141,Daniela Martínez,2022-06-07,667,Corporativo,69,Web,Norte,Tarapacá,2024-06-02,ORD-2025-00921,2024-04-04,Primera Clase,Crítica,Completado,309.04,Normal,107.9,Normal,34.91,Sillas Eco 1,2,Muebles,Sillas,Vector
C0141,Daniela Martínez,2022-06-07,667,Corporativo,69,Web,Norte,Tarapacá,2024-06-02,ORD-2025-00921,2024-04-04,Primera Clase,Baja,Completado,2224.26,Normal,792.0,Normal,35.61,Mesas Eco 3,6,Muebles,Mesas,Alerce
C0141,Daniela Martínez,2022-06-07,667,Corporativo,69,Web,Norte,Tarapacá,2024-06-02,ORD-2025-00921,2024-04-04,Primera Clase,Alta,Completado,4629.68,Normal,1544.32,Normal,33.36,Etiquetas Eco 1,8,Oficina,Etiquetas,Nova
C0046,Fernanda Pérez,2022-06-21,688,Home Office,66,App,Sur,La Araucanía,2024-12-26,ORD-2025-00922,2024-05-09,Primera Clase,Baja,Enviado,564.39,Normal,243.08,Normal,43.07,Sillas Pro 6,7,Muebles,Sillas,Nova
C0046,Fernanda Pérez,2022-06-21,688,Home Office,66,App,Sur,La Araucanía,2024-12-26,ORD-2025-00922,2024-05-09,Primera Clase,Alta,Enviado,510.37,Normal,239.27,Normal,46.88,Almacenamiento Eco 8,2,Muebles,Almacenamiento,Andes
C0046,Fernanda Pérez,2022-06-21,688,Home Office,66,App,Sur,La Araucanía,2024-12-26,ORD-2025-00922,2024-05-09,Primera Clase,Crítica,Enviado,1069.8,Normal,286.52,Normal,26.78,Sillas Eco 5,2,Muebles,Sillas,Lumen
C0134,Felipe Martínez,2024-06-30,-269,Corporativo,93,Correo,Centro,Maule,2024-10-11,ORD-2025-00923,2023-10-05,Primera Clase,Crítica,Completado,1624.35,Normal,458.01,Normal,28.2,Sobres Nova 8,7,Oficina,Sobres,Alerce
C0002,Valentina Muñoz,2023-07-30,-159,Home Office,58,Web,Austral,Aysén,2024-06-21,ORD-2025-00924,2023-02-21,Estándar,Baja,Enviado,772.6,Normal,269.75,Normal,34.91,Sillas Eco 1,5,Muebles,Sillas,Vector
C0002,Valentina Muñoz,2023-07-30,-159,Home Office,58,Web,Austral,Aysén,2024-06-21,ORD-2025-00924,2023-02-21,Estándar,Baja,Enviado,935.64,Normal,277.52,Normal,29.66,Archivadores Nova 8,4,Oficina,Archivadores,Lumen
C0002,Valentina Muñoz,2023-07-30,-159,Home Office,58,Web,Austral,Aysén,2024-06-21,ORD-2025-00924,2023-02-21,Estándar,Media,Enviado,2226.69,Normal,558.97,Normal,25.1,Papelería Eco 8,4,Oficina,Papelería,Patagonia
C0021,Martina Contreras,2022-10-01,336,Home Office,95,Correo,Sur,Los Ríos,2024-07-03,ORD-2025-00925,2023-09-02,Primera Clase,Alta,Completado,5952.08,Normal,1624.16,Normal,27.29,Papelería Smart 5,8,Oficina,Papelería,Alerce
C0081,Felipe González,2024-01-10,248,Home Office,54,Web,Centro,Maule,2024-07-10,ORD-2025-00926,2024-09-14,Mismo Día,Crítica,Completado,1956.47,Normal,764.71,Normal,39.09,Sobres Flex 1,4,Oficina,Sobres,Lumen
C0081,Felipe González,2024-01-10,248,Home Office,54,Web,Centro,Maule,2024-07-10,ORD-2025-00926,2024-09-14,Mismo Día,Crítica,Completado,1023.4,Normal,369.88,Normal,36.14,Teléfonos Plus 7,4,Tecnología,Teléfonos,Alerce
C0154,Ana Castillo,2022-11-03,328,Home Office,92,App,Sur,Los Ríos,2024-02-10,ORD-2025-00927,2023-09-27,Mismo Día,Baja,Enviado,3430.32,Normal,1727.84,Normal,50.37,Libreros Pro 5,8,Muebles,Libreros,Nova
C0061,Diego Sepúlveda,2023-05-31,463,Consumidor,69,Teléfono,Norte,Tarapacá,2024-09-19,ORD-2025-00928,2024-09-05,Primera Clase,Media,Completado,1048.29,Normal,321.04,Normal,30.63,Teléfonos Plus 1,2,Tecnología,Teléfonos,Lumen
C0061,Diego Sepúlveda,2023-05-31,463,Consumidor,69,Teléfono,Norte,Tarapacá,2024-09-19,ORD-2025-00928,2024-09-05,Primera Clase,Alta,Completado,3389.12,Normal,777.1,Normal,22.93,Etiquetas Nova 4,7,Oficina,Etiquetas,Altura
C0276,Antonia López,2021-03-24,930,Home Office,14,Web,Centro,Valparaíso,2024-03-24,ORD-2025-00929,2023-10-10,Mismo Día,Crítica,Completado,1488.02,Normal,406.04,Normal,27.29,Papelería Smart 5,2,Oficina,Papelería,Alerce
C0276,Antonia López,2021-03-24,930,Home Office,14,Web,Centro,Valparaíso,2024-03-24,ORD-2025-00929,2023-10-10,Mismo Día,Media,Completado,3120.84,Normal,206.98,Normal,6.63,Accesorios Flex 5,5,Tecnología,Accesorios,Vector
C0076,Isidora Silva,2022-03-26,299,Corporativo,65,Teléfono,Norte,Antofagasta,2024-05-26,ORD-2025-00930,2023-01-19,Mismo Día,Baja,Completado,3140.24,Normal,539.14,Normal,17.17,Sillas Plus 7,5,Muebles,Sillas,Andes
C0076,Isidora Silva,2022-03-26,299,Corporativo,65,Teléfono,Norte,Antofagasta,2024-05-26,ORD-2025-00930,2023-01-19,Mismo Día,Baja,Completado,1467.35,Normal,581.65,Normal,39.64,Sobres Flex 1,3,Oficina,Sobres,Lumen
C0076,Isidora Silva,2022-03-26,299,Corporativo,65,Teléfono,Norte,Antofagasta,2024-05-26,ORD-2025-00930,2023-01-19,Mismo Día,Alta,Completado,2862.44,Normal,1110.13,Normal,38.78,Periféricos Nova 8,7,Tecnología,Periféricos,Andes
C0125,Carlos Pérez,2022-08-21,723,Corporativo,63,Teléfono,Centro,O'Higgins,2024-05-01,ORD-2025-00931,2024-08-13,Mismo Día,Crítica,Enviado,2744.99,Normal,1094.15,Normal,39.86,Computadores Nova 4,4,Tecnología,Computadores,Vector
C0125,Carlos Pérez,2022-08-21,723,Corporativo,63,Teléfono,Centro,O'Higgins,2024-05-01,ORD-2025-00931,2024-08-13,Mismo Día,Baja,Enviado,527.2,Normal,189.48,Normal,35.94,Sobres Plus 9,1,Oficina,Sobres,Andes
C0125,Carlos Pérez,2022-08-21,723,Corporativo,63,Teléfono,Centro,O'Higgins,2024-05-01,ORD-2025-00931,2024-08-13,Mismo Día,Alta,Enviado,4803.96,Normal,1505.14,Normal,31.33,Teléfonos Flex 8,7,Tecnología,Teléfonos,Patagonia
C0125,Carlos Pérez,2022-08-21,723,Corporativo,63,Teléfono,Centro,O'Higgins,2024-05-01,ORD-2025-00931,2024-08-13,Mismo Día,Crítica,Enviado,2214.06,Normal,160.93,Normal,7.27,Accesorios Plus 3,3,Tecnología,Accesorios,Altura
C0004,Nicolás Silva,2021-06-13,788,Corporativo,22,App,Sur,Los Lagos,2024-12-11,ORD-2025-00932,2023-08-10,Estándar,Baja,Completado,4867.97,Normal,1340.19,Normal,27.53,Accesorios Nova 6,7,Tecnología,Accesorios,Andes
C0004,Nicolás Silva,2021-06-13,788,Corporativo,22,App,Sur,Los Lagos,2024-12-11,ORD-2025-00932,2023-08-10,Estándar,Baja,Completado,625.43,Normal,140.66,Normal,22.49,Sillas Plus 8,1,Muebles,Sillas,Orion
C0220,Felipe Rodríguez,2021-07-30,792,Home Office,46,Web,Norte,Coquimbo,2024-12-28,ORD-2025-00933,2023-09-30,Segunda Clase,Media,Completado,229.48,Normal,105.92,Normal,46.16,Almacenamiento Eco 6,2,Muebles,Almacenamiento,Patagonia
C0015,Pedro Hernández,2022-06-24,337,Consumidor,74,App,Centro,Maule,2024-04-30,ORD-2025-00934,2023-05-27,Segunda Clase,Alta,Completado,1121.57,Normal,-170.08,Normal,-15.16,Archivadores Smart 7,6,Oficina,Archivadores,Altura
C0015,Pedro Hernández,2022-06-24,337,Consumidor,74,App,Centro,Maule,2024-04-30,ORD-2025-00934,2023-05-27,Segunda Clase,Baja,Completado,1390.4,Normal,750.44,Normal,53.97,Computadores Flex 10,2,Tecnología,Computadores,Alerce
C0015,Pedro Hernández,2022-06-24,337,Consumidor,74,App,Centro,Maule,2024-04-30,ORD-2025-00934,2023-05-27,Segunda Clase,Crítica,Completado,2191.63,Normal,1186.57,Normal,54.14,Accesorios Nova 7,7,Tecnología,Accesorios,Alerce
C0015,Pedro Hernández,2022-06-24,337,Consumidor,74,App,Centro,Maule,2024-04-30,ORD-2025-00934,2023-05-27,Segunda Clase,Alta,Completado,3851.28,Normal,690.5,Normal,17.93,Sillas Eco 5,8,Muebles,Sillas,Lumen
C0140,Ignacio López,2024-10-31,-24,Home Office,73,App,Centro,Maule,2024-07-28,ORD-2025-00935,2024-10-07,Primera Clase,Baja,Completado,1492.26,Normal,362.16,Normal,24.27,Papelería Plus 9,5,Oficina,Papelería,Vector
C0140,Ignacio López,2024-10-31,-24,Home Office,73,App,Centro,Maule,2024-07-28,ORD-2025-00935,2024-10-07,Primera Clase,Crítica,Completado,779.3,Normal,396.6,Normal,50.89,Teléfonos Pro 6,1,Tecnología,Teléfonos,Orion
C0140,Ignacio López,2024-10-31,-24,Home Office,73,App,Centro,Maule,2024-07-28,ORD-2025-00935,2024-10-07,Primera Clase,Alta,Completado,3048.93,Normal,712.99,Normal,23.38,Sillas Eco 5,6,Muebles,Sillas,Lumen
C0170,Sofía Rojas,2022-07-18,574,Consumidor,58,No Especificado,Centro,Metropolitana,2025-01-14,ORD-2025-00936,2024-02-12,Primera Clase,Crítica,Completado,1204.08,Normal,285.28,Normal,23.69,Libreros Eco 4,8,Muebles,Libreros,Andes
C0195,Sebastián Espinoza,2023-12-10,-331,Corporativo,60,Web,Austral,Aysén,2024-08-01,ORD-2025-00937,2023-01-13,Mismo Día,Alta,Completado,5194.07,Normal,2180.01,Ganancia Atípica,41.97,Periféricos Eco 10,7,Tecnología,Periféricos,Andes
C0195,Sebastián Espinoza,2023-12-10,-331,Corporativo,60,Web,Austral,Aysén,2024-08-01,ORD-2025-00937,2023-01-13,Mismo Día,Crítica,Completado,564.17,Normal,-0.66,Normal,-0.12,Mesas Nova 8,3,Muebles,Mesas,Andes
C0009,Isidora Morales,2024-09-04,-478,Consumidor,60,Correo,Centro,O'Higgins,2024-02-14,ORD-2025-00938,2023-05-15,Primera Clase,Media,Completado,2501.72,Normal,562.64,Normal,22.49,Sillas Plus 8,4,Muebles,Sillas,Orion
C0047,Ana Díaz,2021-11-02,858,Consumidor,57,Web,Centro,O'Higgins,2024-02-09,ORD-2025-00939,2024-03-09,Estándar,Alta,Completado,350.63,Normal,99.07,Normal,28.25,Almacenamiento Smart 4,1,Muebles,Almacenamiento,Lumen
C0047,Ana Díaz,2021-11-02,858,Consumidor,57,Web,Centro,O'Higgins,2024-02-09,ORD-2025-00939,2024-03-09,Estándar,Alta,Completado,450.51,Normal,75.1,Normal,16.67,Periféricos Nova 9,2,Tecnología,Periféricos,Vector
C0047,Ana Díaz,2021-11-02,858,Consumidor,57,Web,Centro,O'Higgins,2024-02-09,ORD-2025-00939,2024-03-09,Estándar,Crítica,Completado,5342.47,Normal,2003.11,Normal,37.49,Periféricos Eco 10,8,Tecnología,Periféricos,Andes
C0047,Ana Díaz,2021-11-02,858,Consumidor,57,Web,Centro,O'Higgins,2024-02-09,ORD-2025-00939,2024-03-09,Estándar,Alta,Completado,2392.18,Normal,757.85,Normal,31.68,Periféricos Flex 4,6,Tecnología,Periféricos,Orion
C0240,Sebastián Castillo,2024-01-23,210,Consumidor,51,Teléfono,Centro,Metropolitana,2024-11-13,ORD-2025-00940,2024-08-20,Estándar,Crítica,Completado,2410.6,Normal,182.84,Normal,7.58,Mesas Flex 6,5,Muebles,Mesas,Orion
C0240,Sebastián Castillo,2024-01-23,210,Consumidor,51,Teléfono,Centro,Metropolitana,2024-11-13,ORD-2025-00940,2024-08-20,Estándar,Media,Completado,4932.2,Normal,2092.79,Ganancia Atípica,42.43,Sillas Smart 3,7,Muebles,Sillas,Altura
C0240,Sebastián Castillo,2024-01-23,210,Consumidor,51,Teléfono,Centro,Metropolitana,2024-11-13,ORD-2025-00940,2024-08-20,Estándar,Crítica,Completado,2557.84,Normal,404.43,Normal,15.81,Sobres Smart 3,6,Oficina,Sobres,Patagonia
C0240,Sebastián Castillo,2024-01-23,210,Consumidor,51,Teléfono,Centro,Metropolitana,2024-11-13,ORD-2025-00940,2024-08-20,Estándar,Baja,Completado,80.65,Normal,20.97,Normal,26.0,Mesas Smart 1,1,Muebles,Mesas,Orion
C0096,Martina Silva,2024-09-21,-381,Corporativo,70,Teléfono,Austral,Aysén,2024-10-05,ORD-2025-00941,2023-09-06,Estándar,Media,Enviado,723.59,Normal,217.14,Normal,30.01,Periféricos Eco 2,1,Tecnología,Periféricos,Vector
C0096,Martina Silva,2024-09-21,-381,Corporativo,70,Teléfono,Austral,Aysén,2024-10-05,ORD-2025-00941,2023-09-06,Estándar,Media,Enviado,134.98,Normal,16.27,Normal,12.05,Accesorios Eco 4,6,Tecnología,Accesorios,Orion
C0096,Martina Silva,2024-09-21,-381,Corporativo,70,Teléfono,Austral,Aysén,2024-10-05,ORD-2025-00941,2023-09-06,Estándar,Media,Enviado,1603.79,Normal,123.8,Normal,7.72,Computadores Plus 5,3,Tecnología,Computadores,Orion
C0108,Jorge Soto,2021-06-03,1156,Home Office,10,App,Centro,Metropolitana,2024-04-15,ORD-2025-00942,2024-08-02,Segunda Clase,Crítica,Completado,561.38,Normal,43.39,Normal,7.73,Archivadores Nova 8,3,Oficina,Archivadores,Lumen
C0108,Jorge Soto,2021-06-03,1156,Home Office,10,App,Centro,Metropolitana,2024-04-15,ORD-2025-00942,2024-08-02,Segunda Clase,Crítica,Completado,780.62,Normal,156.38,Normal,20.03,Sillas Smart 9,3,Muebles,Sillas,Orion
C0122,Daniela Muñoz,2022-07-01,820,Consumidor,46,App,Centro,O'Higgins,2024-10-22,ORD-2025-00943,2024-09-28,Estándar,Alta,Completado,2087.52,Normal,818.97,Normal,39.23,Papelería Eco 8,3,Oficina,Papelería,Patagonia
C0122,Daniela Muñoz,2022-07-01,820,Consumidor,46,App,Centro,O'Higgins,2024-10-22,ORD-2025-00943,2024-09-28,Estándar,Media,Completado,351.12,Normal,119.31,Normal,33.98,Papelería Plus 9,1,Oficina,Papelería,Vector
C0117,Sebastián Torres,2023-08-21,547,Consumidor,62,Teléfono,Centro,Metropolitana,2025-01-21,ORD-2025-00944,2025-02-18,Segunda Clase,Baja,Completado,1488.02,Normal,406.04,Normal,27.29,Papelería Smart 5,2,Oficina,Papelería,Alerce
C0117,Sebastián Torres,2023-08-21,547,Consumidor,62,Teléfono,Centro,Metropolitana,2025-01-21,ORD-2025-00944,2025-02-18,Segunda Clase,Baja,Completado,3662.48,Normal,830.74,Normal,22.68,Etiquetas Nova 3,8,Oficina,Etiquetas,Alerce
C0117,Sebastián Torres,2023-08-21,547,Consumidor,62,Teléfono,Centro,Metropolitana,2025-01-21,ORD-2025-00944,2025-02-18,Segunda Clase,Crítica,Completado,2994.55,Normal,1045.28,Normal,34.91,Sillas Smart 3,5,Muebles,Sillas,Altura
C0117,Sebastián Torres,2023-08-21,547,Consumidor,62,Teléfono,Centro,Metropolitana,2025-01-21,ORD-2025-00944,2025-02-18,Segunda Clase,Baja,Completado,2696.88,Normal,507.46,Normal,18.82,Accesorios Plus 8,8,Tecnología,Accesorios,Andes
C0104,Felipe Rojas,2024-07-13,5,Home Office,29,Web,Norte,Coquimbo,2024-01-17,ORD-2025-00945,2024-07-18,Mismo Día,Crítica,Completado,2894.36,Normal,868.56,Normal,30.01,Periféricos Eco 2,4,Tecnología,Periféricos,Vector
C0104,Felipe Rojas,2024-07-13,5,Home Office,29,Web,Norte,Coquimbo,2024-01-17,ORD-2025-00945,2024-07-18,Mismo Día,Crítica,Completado,2461.38,Normal,937.95,Normal,38.11,Papelería Smart 1,3,Oficina,Papelería,Altura
C0104,Felipe Rojas,2024-07-13,5,Home Office,29,Web,Norte,Coquimbo,2024-01-17,ORD-2025-00945,2024-07-18,Mismo Día,Crítica,Completado,601.5,Normal,221.7,Normal,36.86,Mesas Smart 10,4,Muebles,Mesas,Vector
C0260,Antonia Soto,2024-04-04,257,Home Office,31,App,Sur,Los Lagos,2025-03-15,ORD-2025-00946,2024-12-17,Primera Clase,Alta,Completado,224.96,Normal,66.48,Normal,29.55,Accesorios Eco 4,8,Tecnología,Accesorios,Orion
C0260,Antonia Soto,2024-04-04,257,Home Office,31,App,Sur,Los Lagos,2025-03-15,ORD-2025-00946,2024-12-17,Primera Clase,Alta,Completado,1001.89,Normal,397.75,Normal,39.7,Accesorios Nova 7,4,Tecnología,Accesorios,Alerce
C0260,Antonia Soto,2024-04-04,257,Home Office,31,App,Sur,Los Lagos,2025-03-15,ORD-2025-00946,2024-12-17,Primera Clase,Alta,Completado,293.22,Normal,77.82,Normal,26.54,Almacenamiento Nova 9,6,Muebles,Almacenamiento,Alerce
C0260,Antonia Soto,2024-04-04,257,Home Office,31,App,Sur,Los Lagos,2025-03-15,ORD-2025-00946,2024-12-17,Primera Clase,Baja,Completado,3431.4,Normal,1075.1,Normal,31.33,Teléfonos Flex 8,5,Tecnología,Teléfonos,Patagonia
C0243,Nicolás López,2023-11-17,490,Corporativo,13,App,Austral,Magallanes,2024-07-22,ORD-2025-00947,2025-03-21,Mismo Día,Alta,Completado,3627.81,Normal,-226.25,Normal,-6.24,Papelería Flex 7,7,Oficina,Papelería,Andes
C0260,Antonia Soto,2024-04-04,-288,Home Office,31,App,Sur,Los Lagos,2025-03-15,ORD-2025-00948,2023-06-21,Estándar,Media,Completado,232.35,Normal,104.97,Normal,45.18,Etiquetas Pro 7,3,Oficina,Etiquetas,Orion
C0260,Antonia Soto,2024-04-04,-288,Home Office,31,App,Sur,Los Lagos,2025-03-15,ORD-2025-00948,2023-06-21,Estándar,Alta,Completado,3426.68,Normal,939.29,Normal,27.41,Archivadores Flex 1,7,Oficina,Archivadores,Alerce
C0260,Antonia Soto,2024-04-04,-288,Home Office,31,App,Sur,Los Lagos,2025-03-15,ORD-2025-00948,2023-06-21,Estándar,Baja,Completado,3722.42,Normal,1769.57,Normal,47.54,Papelería Eco 2,7,Oficina,Papelería,Orion
C0260,Antonia Soto,2024-04-04,-288,Home Office,31,App,Sur,Los Lagos,2025-03-15,ORD-2025-00948,2023-06-21,Estándar,Crítica,Completado,2080.66,Normal,837.36,Normal,40.24,Periféricos Nova 7,8,Tecnología,Periféricos,Orion
C0107,Matías Díaz,2024-07-05,-445,Consumidor,43,App,Austral,Magallanes,2024-01-09,ORD-2025-00949,2023-04-17,Mismo Día,Crítica,Devuelto,883.71,Normal,94.75,Normal,10.72,Etiquetas Flex 8,2,Oficina,Etiquetas,Patagonia
C0107,Matías Díaz,2024-07-05,-445,Consumidor,43,App,Austral,Magallanes,2024-01-09,ORD-2025-00949,2023-04-17,Mismo Día,Alta,Devuelto,4547.52,Normal,1398.6,Normal,30.76,Accesorios Flex 5,6,Tecnología,Accesorios,Vector
C0107,Matías Díaz,2024-07-05,-445,Consumidor,43,App,Austral,Magallanes,2024-01-09,ORD-2025-00949,2023-04-17,Mismo Día,Crítica,Devuelto,437.96,Normal,223.4,Normal,51.01,Almacenamiento Nova 7,4,Muebles,Almacenamiento,Altura
C0152,Gabriel López,2022-06-26,410,Consumidor,68,Web,Centro,Metropolitana,2024-05-10,ORD-2025-00950,2023-08-10,Primera Clase,Baja,Devuelto,511.7,Normal,184.94,Normal,36.14,Teléfonos Plus 7,2,Tecnología,Teléfonos,Alerce
C0054,Catalina Araya,2024-10-23,-324,Corporativo,13,Teléfono,Sur,La Araucanía,2024-08-14,ORD-2025-00951,2023-12-04,Estándar,Media,Completado,5167.04,Normal,1819.39,Normal,35.21,Computadores Nova 4,8,Tecnología,Computadores,Vector
C0071,Martina Sepúlveda,2022-07-11,371,Consumidor,50,Teléfono,Norte,Coquimbo,2024-01-24,ORD-2025-00952,2023-07-17,Primera Clase,Crítica,Completado,2023.09,Normal,852.43,Normal,42.14,Computadores Pro 3,3,Tecnología,Computadores,Patagonia
C0071,Martina Sepúlveda,2022-07-11,371,Consumidor,50,Teléfono,Norte,Coquimbo,2024-01-24,ORD-2025-00952,2023-07-17,Primera Clase,Media,Completado,5651.92,Normal,2479.76,Ganancia Atípica,43.87,Archivadores Pro 6,8,Oficina,Archivadores,Patagonia
C0071,Martina Sepúlveda,2022-07-11,371,Consumidor,50,Teléfono,Norte,Coquimbo,2024-01-24,ORD-2025-00952,2023-07-17,Primera Clase,Crítica,Completado,2124.56,Normal,418.32,Normal,19.69,Sobres Eco 7,3,Oficina,Sobres,Vector
C0030,Sebastián Soto,2023-08-06,120,Corporativo,19,App,Sur,Los Ríos,2024-05-31,ORD-2025-00953,2023-12-04,Estándar,Alta,Enviado,459.1,Normal,197.5,Normal,43.02,Sillas Nova 10,2,Muebles,Sillas,Lumen
C0295,Catalina Torres,2024-08-25,55,Corporativo,46,App,Austral,Magallanes,2024-08-18,ORD-2025-00954,2024-10-19,Primera Clase,Alta,Enviado,1281.79,Normal,3.92,Normal,0.31,Archivadores Smart 7,6,Oficina,Archivadores,Altura
C0291,Felipe Contreras,2024-01-09,420,Consumidor,81,Teléfono,Sur,Los Lagos,2024-10-31,ORD-2025-00955,2025-03-04,Mismo Día,Baja,Devuelto,189.76,Normal,72.52,Normal,38.22,Mesas Smart 1,2,Muebles,Mesas,Orion
C0291,Felipe Contreras,2024-01-09,420,Consumidor,81,Teléfono,Sur,Los Lagos,2024-10-31,ORD-2025-00955,2025-03-04,Mismo Día,Crítica,Devuelto,990.02,Normal,248.99,Normal,25.15,Almacenamiento Smart 4,3,Muebles,Almacenamiento,Lumen
C0068,Gabriel Hernández,2023-12-24,-350,Home Office,66,No Especificado,Centro,Valparaíso,2025-02-22,ORD-2025-00956,2023-01-08,Mismo Día,Crítica,Cancelado,3684.24,Normal,1054.85,Normal,28.63,Periféricos Nova 6,6,Tecnología,Periféricos,Patagonia
C0068,Gabriel Hernández,2023-12-24,-350,Home Office,66,No Especificado,Centro,Valparaíso,2025-02-22,ORD-2025-00956,2023-01-08,Mismo Día,Alta,Cancelado,2839.73,Normal,501.6,Normal,17.66,Sillas Flex 2,6,Muebles,Sillas,Vector
C0068,Gabriel Hernández,2023-12-24,-350,Home Office,66,No Especificado,Centro,Valparaíso,2025-02-22,ORD-2025-00956,2023-01-08,Mismo Día,Alta,Cancelado,771.82,Normal,251.56,Normal,32.59,Teléfonos Nova 3,3,Tecnología,Teléfonos,Lumen
C0068,Gabriel Hernández,2023-12-24,-350,Home Office,66,No Especificado,Centro,Valparaíso,2025-02-22,ORD-2025-00956,2023-01-08,Mismo Día,Crítica,Cancelado,445.84,Normal,235.34,Normal,52.79,Accesorios Flex 1,1,Tecnología,Accesorios,Alerce
C0173,Fernanda Hernández,2023-05-02,412,Corporativo,50,Web,Centro,Metropolitana,2024-12-22,ORD-2025-00957,2024-06-17,Segunda Clase,Alta,Enviado,135.79,Normal,47.19,Normal,34.75,Sillas Pro 6,2,Muebles,Sillas,Nova
C0167,Antonia Espinoza,2023-07-15,-86,Consumidor,88,App,Centro,Metropolitana,2025-03-21,ORD-2025-00958,2023-04-20,Primera Clase,Media,Enviado,3531.35,Normal,1345.95,Normal,38.11,Sobres Plus 10,5,Oficina,Sobres,Altura
C0167,Antonia Espinoza,2023-07-15,-86,Consumidor,88,App,Centro,Metropolitana,2025-03-21,ORD-2025-00958,2023-04-20,Primera Clase,Media,Enviado,2673.1,Normal,155.17,Normal,5.8,Computadores Plus 6,7,Tecnología,Computadores,Lumen
C0167,Antonia Espinoza,2023-07-15,-86,Consumidor,88,App,Centro,Metropolitana,2025-03-21,ORD-2025-00958,2023-04-20,Primera Clase,Baja,Enviado,2061.99,Normal,-423.07,Normal,-20.52,Etiquetas Flex 8,6,Oficina,Etiquetas,Patagonia
C0167,Antonia Espinoza,2023-07-15,-86,Consumidor,88,App,Centro,Metropolitana,2025-03-21,ORD-2025-00958,2023-04-20,Primera Clase,Baja,Enviado,223.32,Normal,43.03,Normal,19.27,Mesas Nova 8,1,Muebles,Mesas,Andes
C0153,Matías Martínez,2023-02-20,779,Home Office,23,No Especificado,Centro,Metropolitana,2024-06-18,ORD-2025-00959,2025-04-09,Mismo Día,Media,Completado,5215.68,Normal,2082.84,Ganancia Atípica,39.93,Accesorios Nova 6,6,Tecnología,Accesorios,Andes
C0153,Matías Martínez,2023-02-20,779,Home Office,23,No Especificado,Centro,Metropolitana,2024-06-18,ORD-2025-00959,2025-04-09,Mismo Día,Baja,Completado,140.6,Normal,41.55,Normal,29.55,Accesorios Eco 4,5,Tecnología,Accesorios,Orion
C0299,Catalina Flores,2023-10-09,507,Home Office,74,App,Norte,Tarapacá,2024-12-14,ORD-2025-00960,2025-02-27,Mismo Día,Alta,Enviado,3629.2,Normal,1819.52,Normal,50.14,Sobres Pro 2,8,Oficina,Sobres,Orion
C0299,Catalina Flores,2023-10-09,507,Home Office,74,App,Norte,Tarapacá,2024-12-14,ORD-2025-00960,2025-02-27,Mismo Día,Crítica,Enviado,2471.95,Normal,1246.6,Normal,50.43,Teléfonos Flex 10,5,Tecnología,Teléfonos,Lumen
C0299,Catalina Flores,2023-10-09,507,Home Office,74,App,Norte,Tarapacá,2024-12-14,ORD-2025-00960,2025-02-27,Mismo Día,Baja,Enviado,244.35,Normal,64.85,Normal,26.54,Almacenamiento Nova 9,5,Muebles,Almacenamiento,Alerce
C0299,Catalina Flores,2023-10-09,507,Home Office,74,App,Norte,Tarapacá,2024-12-14,ORD-2025-00960,2025-02-27,Mismo Día,Crítica,Enviado,538.19,Normal,154.32,Normal,28.67,Mesas Smart 10,4,Muebles,Mesas,Vector
C0252,Martina Soto,2023-11-08,-5,Corporativo,25,App,Centro,Maule,2024-07-13,ORD-2025-00961,2023-11-03,Primera Clase,Baja,Completado,2062.55,Normal,758.8,Normal,36.79,Almacenamiento Smart 4,5,Muebles,Almacenamiento,Lumen
C0252,Martina Soto,2023-11-08,-5,Corporativo,25,App,Centro,Maule,2024-07-13,ORD-2025-00961,2023-11-03,Primera Clase,Alta,Completado,4803.96,Normal,1505.14,Normal,31.33,Teléfonos Flex 8,7,Tecnología,Teléfonos,Patagonia
C0139,Antonia Fuentes,2024-10-28,-516,Home Office,31,App,Centro,O'Higgins,2024-12-22,ORD-2025-00962,2023-05-31,Segunda Clase,Baja,Enviado,1900.92,Normal,189.69,Normal,9.98,Sobres Eco 7,3,Oficina,Sobres,Vector
C0139,Antonia Fuentes,2024-10-28,-516,Home Office,31,App,Centro,O'Higgins,2024-12-22,ORD-2025-00962,2023-05-31,Segunda Clase,Media,Enviado,569.84,Normal,204.38,Normal,35.87,Mesas Smart 10,4,Muebles,Mesas,Vector
C0139,Antonia Fuentes,2024-10-28,-516,Home Office,31,App,Centro,O'Higgins,2024-12-22,ORD-2025-00962,2023-05-31,Segunda Clase,Crítica,Enviado,1600.82,Normal,218.65,Normal,13.66,Teléfonos Nova 3,8,Tecnología,Teléfonos,Lumen
C0236,Fernanda Sepúlveda,2023-03-27,286,Home Office,42,Correo,Centro,Maule,2025-02-16,ORD-2025-00963,2024-01-07,Estándar,Media,Completado,2636.25,Normal,1214.65,Normal,46.07,Archivadores Plus 5,5,Oficina,Archivadores,Altura
C0236,Fernanda Sepúlveda,2023-03-27,286,Home Office,42,Correo,Centro,Maule,2025-02-16,ORD-2025-00963,2024-01-07,Estándar,Alta,Completado,2356.56,Normal,-44.95,Normal,-1.91,Etiquetas Flex 8,6,Oficina,Etiquetas,Patagonia
C0236,Fernanda Sepúlveda,2023-03-27,286,Home Office,42,Correo,Centro,Maule,2025-02-16,ORD-2025-00963,2024-01-07,Estándar,Media,Completado,546.49,Normal,294.7,Normal,53.93,Teléfonos Pro 4,7,Tecnología,Teléfonos,Alerce
C0236,Fernanda Sepúlveda,2023-03-27,286,Home Office,42,Correo,Centro,Maule,2025-02-16,ORD-2025-00963,2024-01-07,Estándar,Alta,Completado,3018.54,Normal,1519.98,Normal,50.35,Computadores Pro 2,7,Tecnología,Computadores,Altura
C0281,Benjamín González,2023-08-30,144,Home Office,93,Teléfono,Centro,Maule,2025-01-21,ORD-2025-00964,2024-01-21,Mismo Día,Crítica,Completado,1635.68,Normal,634.36,Normal,38.78,Periféricos Nova 8,4,Tecnología,Periféricos,Andes
C0281,Benjamín González,2023-08-30,144,Home Office,93,Teléfono,Centro,Maule,2025-01-21,ORD-2025-00964,2024-01-21,Mismo Día,Media,Completado,610.97,Normal,97.24,Normal,15.92,Computadores Plus 5,1,Tecnología,Computadores,Orion
C0281,Benjamín González,2023-08-30,144,Home Office,93,Teléfono,Centro,Maule,2025-01-21,ORD-2025-00964,2024-01-21,Mismo Día,Baja,Completado,1264.82,Normal,219.24,Normal,17.33,Papelería Smart 5,2,Oficina,Papelería,Alerce
C0281,Benjamín González,2023-08-30,144,Home Office,93,Teléfono,Centro,Maule,2025-01-21,ORD-2025-00964,2024-01-21,Mismo Día,Crítica,Completado,427.38,Normal,141.4,Normal,33.09,Mesas Smart 10,3,Muebles,Mesas,Vector
C0186,Sebastián Torres,2023-06-25,666,Home Office,44,Correo,Austral,Magallanes,2025-03-05,ORD-2025-00965,2025-04-21,Estándar,Media,Completado,488.42,Normal,130.46,Normal,26.71,Periféricos Smart 1,3,Tecnología,Periféricos,Andes
C0186,Sebastián Torres,2023-06-25,666,Home Office,44,Correo,Austral,Magallanes,2025-03-05,ORD-2025-00965,2025-04-21,Estándar,Baja,Completado,5888.96,Normal,3076.48,Ganancia Atípica,52.24,Papelería Flex 4,8,Oficina,Papelería,Altura
C0078,Ignacio Flores,2023-03-18,99,Consumidor,20,Web,Austral,Magallanes,2024-03-10,ORD-2025-00966,2023-06-25,Estándar,Alta,Enviado,540.82,Normal,79.17,Normal,14.64,Sillas Eco 1,5,Muebles,Sillas,Vector
C0078,Ignacio Flores,2023-03-18,99,Consumidor,20,Web,Austral,Magallanes,2024-03-10,ORD-2025-00966,2023-06-25,Estándar,Alta,Enviado,3389.12,Normal,202.1,Normal,5.96,Etiquetas Nova 4,8,Oficina,Etiquetas,Altura
C0078,Ignacio Flores,2023-03-18,99,Consumidor,20,Web,Austral,Magallanes,2024-03-10,ORD-2025-00966,2023-06-25,Estándar,Alta,Enviado,4339.71,Normal,364.71,Normal,8.4,Accesorios Nova 10,8,Tecnología,Accesorios,Andes
C0078,Ignacio Flores,2023-03-18,99,Consumidor,20,Web,Austral,Magallanes,2024-03-10,ORD-2025-00966,2023-06-25,Estándar,Media,Enviado,954.68,Normal,198.38,Normal,20.78,Computadores Plus 6,2,Tecnología,Computadores,Lumen
C0237,Camila Sepúlveda,2021-04-08,1159,Corporativo,44,Teléfono,Norte,Tarapacá,2024-02-24,ORD-2025-00967,2024-06-10,Estándar,Media,Completado,4378.01,Normal,984.62,Normal,22.49,Sillas Plus 8,7,Muebles,Sillas,Orion
C0237,Camila Sepúlveda,2021-04-08,1159,Corporativo,44,Teléfono,Norte,Tarapacá,2024-02-24,ORD-2025-00967,2024-06-10,Estándar,Baja,Completado,1500.77,Normal,459.61,Normal,30.62,Libreros Pro 5,5,Muebles,Libreros,Nova
C0237,Camila Sepúlveda,2021-04-08,1159,Corporativo,44,Teléfono,Norte,Tarapacá,2024-02-24,ORD-2025-00967,2024-06-10,Estándar,Crítica,Completado,1544.58,Normal,645.9,Normal,41.82,Sobres Flex 1,3,Oficina,Sobres,Lumen
C0041,Antonia Martínez,2022-12-16,170,Consumidor,41,Web,Centro,Metropolitana,2025-01-25,ORD-2025-00968,2023-06-04,Segunda Clase,Baja,Completado,4922.76,Normal,1875.9,Normal,38.11,Papelería Smart 1,6,Oficina,Papelería,Altura
C0080,Daniela Morales,2023-02-16,534,Corporativo,63,Teléfono,Austral,Aysén,2024-11-26,ORD-2025-00969,2024-08-03,Mismo Día,Crítica,Completado,1079.55,Normal,555.09,Normal,51.42,Libreros Smart 6,3,Muebles,Libreros,Lumen
C0004,Nicolás Silva,2021-06-13,978,Corporativo,22,App,Sur,Los Lagos,2024-12-11,ORD-2025-00970,2024-02-16,Estándar,Media,Enviado,2504.72,Normal,1356.08,Normal,54.14,Accesorios Nova 7,8,Tecnología,Accesorios,Alerce
C0285,Camila Flores,2024-09-18,-479,Corporativo,77,Correo,Sur,La Araucanía,2025-01-16,ORD-2025-00971,2023-05-28,Segunda Clase,Media,Enviado,2604.03,Normal,-288.99,Normal,-11.1,Papelería Smart 5,5,Oficina,Papelería,Alerce
C0285,Camila Flores,2024-09-18,-479,Corporativo,77,Correo,Sur,La Araucanía,2025-01-16,ORD-2025-00971,2023-05-28,Segunda Clase,Alta,Enviado,3697.92,Normal,1844.34,Normal,49.88,Archivadores Nova 2,6,Oficina,Archivadores,Alerce
C0285,Camila Flores,2024-09-18,-479,Corporativo,77,Correo,Sur,La Araucanía,2025-01-16,ORD-2025-00971,2023-05-28,Segunda Clase,Media,Enviado,918.23,Normal,281.99,Normal,30.71,Mesas Smart 9,7,Muebles,Mesas,Andes
C0285,Camila Flores,2024-09-18,-479,Corporativo,77,Correo,Sur,La Araucanía,2025-01-16,ORD-2025-00971,2023-05-28,Segunda Clase,Crítica,Enviado,3059.91,Normal,626.51,Normal,20.47,Sillas Plus 4,6,Muebles,Sillas,Orion
C0227,Diego Díaz,2022-05-04,483,Consumidor,91,Correo,Sur,Los Ríos,2024-09-06,ORD-2025-00972,2023-08-30,Segunda Clase,Alta,Enviado,4227.6,Normal,1793.82,Normal,42.43,Sillas Smart 3,6,Muebles,Sillas,Altura
C0227,Diego Díaz,2022-05-04,483,Consumidor,91,Correo,Sur,Los Ríos,2024-09-06,ORD-2025-00972,2023-08-30,Segunda Clase,Baja,Enviado,438.44,Normal,124.56,Normal,28.41,Mesas Smart 7,1,Muebles,Mesas,Patagonia
C0227,Diego Díaz,2022-05-04,483,Consumidor,91,Correo,Sur,Los Ríos,2024-09-06,ORD-2025-00972,2023-08-30,Segunda Clase,Alta,Enviado,4852.07,Normal,1529.41,Normal,31.52,Libreros Pro 8,8,Muebles,Libreros,Lumen
C0135,Benjamín Flores,2022-10-11,127,Corporativo,79,Correo,Sur,Biobío,2024-01-25,ORD-2025-00973,2023-02-15,Estándar,Baja,Completado,5936.08,Normal,2491.44,Ganancia Atípica,41.97,Periféricos Eco 10,8,Tecnología,Periféricos,Andes
C0079,Benjamín Hernández,2021-04-13,860,Consumidor,58,Teléfono,Austral,Magallanes,2024-11-24,ORD-2025-00974,2023-08-21,Segunda Clase,Baja,Enviado,3352.8,Normal,152.2,Normal,4.54,Teléfonos Plus 5,6,Tecnología,Teléfonos,Nova
C0079,Benjamín Hernández,2021-04-13,860,Consumidor,58,Teléfono,Austral,Magallanes,2024-11-24,ORD-2025-00974,2023-08-21,Segunda Clase,Crítica,Enviado,494.54,Normal,65.95,Normal,13.34,Archivadores Pro 6,1,Oficina,Archivadores,Patagonia
C0079,Benjamín Hernández,2021-04-13,860,Consumidor,58,Teléfono,Austral,Magallanes,2024-11-24,ORD-2025-00974,2023-08-21,Segunda Clase,Media,Enviado,6328.88,Venta Extraordinaria,3274.96,Ganancia Atípica,51.75,Almacenamiento Plus 10,8,Muebles,Almacenamiento,Patagonia
C0079,Benjamín Hernández,2021-04-13,860,Consumidor,58,Teléfono,Austral,Magallanes,2024-11-24,ORD-2025-00974,2023-08-21,Segunda Clase,Alta,Enviado,3128.4,Normal,1548.36,Normal,49.49,Computadores Flex 10,5,Tecnología,Computadores,Alerce
C0135,Benjamín Flores,2022-10-11,503,Corporativo,79,Correo,Sur,Biobío,2024-01-25,ORD-2025-00975,2024-02-26,Segunda Clase,Baja,Completado,3936.68,Normal,1841.38,Normal,46.77,Archivadores Flex 3,7,Oficina,Archivadores,Vector
C0135,Benjamín Flores,2022-10-11,503,Corporativo,79,Correo,Sur,Biobío,2024-01-25,ORD-2025-00975,2024-02-26,Segunda Clase,Crítica,Completado,2410.6,Normal,643.96,Normal,26.71,Mesas Flex 6,4,Muebles,Mesas,Orion
C0135,Benjamín Flores,2022-10-11,503,Corporativo,79,Correo,Sur,Biobío,2024-01-25,ORD-2025-00975,2024-02-26,Segunda Clase,Alta,Completado,3512.19,Normal,1558.37,Normal,44.37,Computadores Pro 8,8,Tecnología,Computadores,Lumen
C0135,Benjamín Flores,2022-10-11,503,Corporativo,79,Correo,Sur,Biobío,2024-01-25,ORD-2025-00975,2024-02-26,Segunda Clase,Media,Completado,3620.05,Normal,1463.66,Normal,40.43,Almacenamiento Plus 5,8,Muebles,Almacenamiento,Nova
C0076,Isidora Silva,2022-03-26,959,Corporativo,65,Teléfono,Norte,Antofagasta,2024-05-26,ORD-2025-00976,2024-11-09,Segunda Clase,Alta,Devuelto,1166.68,Normal,219.28,Normal,18.8,Teléfonos Flex 8,2,Tecnología,Teléfonos,Patagonia
C0084,Pedro Castillo,2021-08-23,1337,Home Office,49,App,Norte,Coquimbo,2024-12-15,ORD-2025-00977,2025-04-21,Primera Clase,Crítica,Completado,3897.18,Normal,1351.32,Normal,34.67,Papelería Smart 1,5,Oficina,Papelería,Altura
C0084,Pedro Castillo,2021-08-23,1337,Home Office,49,App,Norte,Coquimbo,2024-12-15,ORD-2025-00977,2025-04-21,Primera Clase,Crítica,Completado,213.71,Normal,56.13,Normal,26.26,Accesorios Eco 4,8,Tecnología,Accesorios,Orion
C0084,Pedro Castillo,2021-08-23,1337,Home Office,49,App,Norte,Coquimbo,2024-12-15,ORD-2025-00977,2025-04-21,Primera Clase,Baja,Completado,5499.29,Normal,1051.91,Normal,19.13,Etiquetas Smart 9,8,Oficina,Etiquetas,Patagonia
C0177,Javiera Fuentes,2021-04-16,1385,Home Office,86,Teléfono,Centro,O'Higgins,2025-02-01,ORD-2025-00978,2025-01-30,Estándar,Baja,Completado,1223.54,Normal,199.41,Normal,16.3,Periféricos Nova 5,2,Tecnología,Periféricos,Orion
C0177,Javiera Fuentes,2021-04-16,1385,Home Office,86,Teléfono,Centro,O'Higgins,2025-02-01,ORD-2025-00978,2025-01-30,Estándar,Baja,Completado,728.55,Normal,280.43,Normal,38.49,Sillas Plus 4,1,Muebles,Sillas,Orion
C0177,Javiera Fuentes,2021-04-16,1385,Home Office,86,Teléfono,Centro,O'Higgins,2025-02-01,ORD-2025-00978,2025-01-30,Estándar,Baja,Completado,575.76,Normal,222.4,Normal,38.63,Libreros Smart 6,2,Muebles,Libreros,Lumen
C0177,Javiera Fuentes,2021-04-16,1385,Home Office,86,Teléfono,Centro,O'Higgins,2025-02-01,ORD-2025-00978,2025-01-30,Estándar,Alta,Completado,264.45,Normal,85.9,Normal,32.48,Papelería Pro 3,5,Oficina,Papelería,Altura
C0141,Daniela Martínez,2022-06-07,891,Corporativo,69,Web,Norte,Tarapacá,2024-06-02,ORD-2025-00979,2024-11-14,Primera Clase,Media,Completado,1966.27,Normal,183.32,Normal,9.32,Papelería Plus 9,8,Oficina,Papelería,Vector
C0141,Daniela Martínez,2022-06-07,891,Corporativo,69,Web,Norte,Tarapacá,2024-06-02,ORD-2025-00979,2024-11-14,Primera Clase,Media,Completado,275.38,Normal,95.86,Normal,34.81,Almacenamiento Eco 6,3,Muebles,Almacenamiento,Patagonia
C0104,Felipe Rojas,2024-07-13,230,Home Office,29,Web,Norte,Coquimbo,2024-01-17,ORD-2025-00980,2025-02-28,Primera Clase,Media,Completado,2887.57,Normal,1062.32,Normal,36.79,Almacenamiento Smart 4,7,Muebles,Almacenamiento,Lumen
C0213,Camila Silva,2021-11-14,799,Consumidor,47,Web,Norte,Antofagasta,2024-09-25,ORD-2025-00981,2024-01-22,Mismo Día,Alta,Completado,1205.3,Normal,321.98,Normal,26.71,Mesas Flex 6,2,Muebles,Mesas,Orion
C0213,Camila Silva,2021-11-14,799,Consumidor,47,Web,Norte,Antofagasta,2024-09-25,ORD-2025-00981,2024-01-22,Mismo Día,Baja,Completado,4698.16,Normal,1944.49,Normal,41.39,Archivadores Pro 6,7,Oficina,Archivadores,Patagonia
C0213,Camila Silva,2021-11-14,799,Consumidor,47,Web,Norte,Antofagasta,2024-09-25,ORD-2025-00981,2024-01-22,Mismo Día,Media,Completado,2058.84,Normal,645.06,Normal,31.33,Teléfonos Flex 8,3,Tecnología,Teléfonos,Patagonia
C0213,Camila Silva,2021-11-14,799,Consumidor,47,Web,Norte,Antofagasta,2024-09-25,ORD-2025-00981,2024-01-22,Mismo Día,Media,Completado,764.71,Normal,225.95,Normal,29.55,Periféricos Nova 5,1,Tecnología,Periféricos,Orion
C0225,Constanza Pérez,2023-08-19,203,Home Office,88,Correo,Sur,Los Ríos,2024-12-07,ORD-2025-00982,2024-03-09,Estándar,Alta,Completado,4118.88,Normal,1722.4,Normal,41.82,Sobres Flex 1,8,Oficina,Sobres,Lumen
C0225,Constanza Pérez,2023-08-19,203,Home Office,88,Correo,Sur,Los Ríos,2024-12-07,ORD-2025-00982,2024-03-09,Estándar,Baja,Completado,6140.4,Normal,3194.73,Ganancia Atípica,52.03,Periféricos Nova 6,7,Tecnología,Periféricos,Patagonia
C0225,Constanza Pérez,2023-08-19,203,Home Office,88,Correo,Sur,Los Ríos,2024-12-07,ORD-2025-00982,2024-03-09,Estándar,Alta,Completado,139.28,Normal,32.33,Normal,23.21,Almacenamiento Nova 9,3,Muebles,Almacenamiento,Alerce
C0225,Constanza Pérez,2023-08-19,203,Home Office,88,Correo,Sur,Los Ríos,2024-12-07,ORD-2025-00982,2024-03-09,Estándar,Alta,Completado,6212.02,Normal,2448.82,Ganancia Atípica,39.42,Accesorios Flex 9,8,Tecnología,Accesorios,Patagonia
C0223,Jorge López,2023-02-07,277,Consumidor,13,App,Sur,Biobío,2024-07-10,ORD-2025-00983,2023-11-11,Estándar,Baja,Completado,5788.72,Normal,1737.12,Normal,30.01,Periféricos Eco 2,8,Tecnología,Periféricos,Vector
C0223,Jorge López,2023-02-07,277,Consumidor,13,App,Sur,Biobío,2024-07-10,ORD-2025-00983,2023-11-11,Estándar,Alta,Completado,838.85,Normal,85.59,Normal,10.2,Almacenamiento Eco 3,6,Muebles,Almacenamiento,Orion
C0223,Jorge López,2023-02-07,277,Consumidor,13,App,Sur,Biobío,2024-07-10,ORD-2025-00983,2023-11-11,Estándar,Crítica,Completado,254.61,Normal,119.31,Normal,46.86,Sillas Pro 6,3,Muebles,Sillas,Nova
C0223,Jorge López,2023-02-07,277,Consumidor,13,App,Sur,Biobío,2024-07-10,ORD-2025-00983,2023-11-11,Estándar,Baja,Completado,1445.6,Normal,385.85,Normal,26.69,Sillas Smart 9,5,Muebles,Sillas,Orion
C0014,Isidora Flores,2024-08-05,-361,Corporativo,24,Teléfono,Norte,Antofagasta,2024-05-13,ORD-2025-00984,2023-08-10,Primera Clase,Media,Cancelado,3603.1,Normal,1334.99,Normal,37.05,Archivadores Pro 6,6,Oficina,Archivadores,Patagonia
C0014,Isidora Flores,2024-08-05,-361,Corporativo,24,Teléfono,Norte,Antofagasta,2024-05-13,ORD-2025-00984,2023-08-10,Primera Clase,Alta,Cancelado,348.53,Normal,129.64,Normal,37.2,Etiquetas Pro 7,5,Oficina,Etiquetas,Orion
C0282,Luis Espinoza,2021-12-16,789,Corporativo,28,Correo,Austral,Aysén,2024-03-12,ORD-2025-00985,2024-02-13,Primera Clase,Alta,Completado,1251.36,Normal,587.75,Normal,46.97,Computadores Flex 10,2,Tecnología,Computadores,Alerce
C0282,Luis Espinoza,2021-12-16,789,Corporativo,28,Correo,Austral,Aysén,2024-03-12,ORD-2025-00985,2024-02-13,Primera Clase,Alta,Completado,491.5,Normal,61.13,Normal,12.44,Sillas Smart 9,2,Muebles,Sillas,Orion
C0298,Ana Sepúlveda,2024-05-19,345,Home Office,52,Web,Centro,Maule,2024-08-09,ORD-2025-00986,2025-04-29,Mismo Día,Baja,Completado,654.02,Normal,289.35,Normal,44.24,Almacenamiento Eco 6,6,Muebles,Almacenamiento,Patagonia
C0298,Ana Sepúlveda,2024-05-19,345,Home Office,52,Web,Centro,Maule,2024-08-09,ORD-2025-00986,2025-04-29,Mismo Día,Crítica,Completado,347.58,Normal,102.52,Normal,29.5,Periféricos Nova 8,1,Tecnología,Periféricos,Andes
C0298,Ana Sepúlveda,2024-05-19,345,Home Office,52,Web,Centro,Maule,2024-08-09,ORD-2025-00986,2025-04-29,Mismo Día,Media,Completado,842.86,Normal,73.06,Normal,8.67,Libreros Eco 4,7,Muebles,Libreros,Andes
C0298,Ana Sepúlveda,2024-05-19,345,Home Office,52,Web,Centro,Maule,2024-08-09,ORD-2025-00986,2025-04-29,Mismo Día,Crítica,Completado,1878.54,Normal,1017.06,Normal,54.14,Accesorios Nova 7,6,Tecnología,Accesorios,Alerce
C0125,Carlos Pérez,2022-08-21,220,Corporativo,63,Teléfono,Centro,O'Higgins,2024-05-01,ORD-2025-00987,2023-03-29,Estándar,Baja,Completado,3856.96,Normal,450.64,Normal,11.68,Mesas Flex 6,8,Muebles,Mesas,Orion
C0125,Carlos Pérez,2022-08-21,220,Corporativo,63,Teléfono,Centro,O'Higgins,2024-05-01,ORD-2025-00987,2023-03-29,Estándar,Baja,Completado,377.02,Normal,14.1,Normal,3.74,Etiquetas Nova 3,1,Oficina,Etiquetas,Alerce
C0281,Benjamín González,2023-08-30,226,Home Office,93,Teléfono,Centro,Maule,2025-01-21,ORD-2025-00988,2024-04-12,Primera Clase,Crítica,Completado,1074.57,Normal,31.85,Normal,2.96,Teléfonos Plus 7,6,Tecnología,Teléfonos,Alerce
C0281,Benjamín González,2023-08-30,226,Home Office,93,Teléfono,Centro,Maule,2025-01-21,ORD-2025-00988,2024-04-12,Primera Clase,Media,Completado,52.89,Normal,17.18,Normal,32.48,Papelería Pro 3,1,Oficina,Papelería,Altura
C0281,Benjamín González,2023-08-30,226,Home Office,93,Teléfono,Centro,Maule,2025-01-21,ORD-2025-00988,2024-04-12,Primera Clase,Media,Completado,1230.1,Normal,178.82,Normal,14.54,Periféricos Eco 2,2,Tecnología,Periféricos,Vector
C0101,Ana Flores,2022-07-16,181,Consumidor,16,Web,Norte,Tarapacá,2024-05-21,ORD-2025-00989,2023-01-13,Segunda Clase,Baja,Completado,2313.61,Normal,889.4,Normal,38.44,Sobres Pro 2,6,Oficina,Sobres,Orion
C0101,Ana Flores,2022-07-16,181,Consumidor,16,Web,Norte,Tarapacá,2024-05-21,ORD-2025-00989,2023-01-13,Segunda Clase,Baja,Completado,4442.22,Normal,1288.8,Normal,29.01,Papelería Flex 7,6,Oficina,Papelería,Andes
C0101,Ana Flores,2022-07-16,181,Consumidor,16,Web,Norte,Tarapacá,2024-05-21,ORD-2025-00989,2023-01-13,Segunda Clase,Crítica,Completado,1429.3,Normal,560.5,Normal,39.22,Teléfonos Nova 3,5,Tecnología,Teléfonos,Lumen
C0101,Ana Flores,2022-07-16,181,Consumidor,16,Web,Norte,Tarapacá,2024-05-21,ORD-2025-00989,2023-01-13,Segunda Clase,Alta,Completado,465.68,Normal,230.21,Normal,49.44,Libreros Plus 2,1,Muebles,Libreros,Vector
C0164,Tomás Martínez,2021-08-14,1261,Consumidor,26,Web,Sur,Los Lagos,2025-01-05,ORD-2025-00990,2025-01-26,Mismo Día,Media,Completado,119.04,Normal,62.94,Normal,52.87,Computadores Flex 7,3,Tecnología,Computadores,Alerce
C0164,Tomás Martínez,2021-08-14,1261,Consumidor,26,Web,Sur,Los Lagos,2025-01-05,ORD-2025-00990,2025-01-26,Mismo Día,Media,Completado,877.2,Normal,456.39,Normal,52.03,Periféricos Nova 6,1,Tecnología,Periféricos,Patagonia
C0067,Pedro Araya,2021-04-13,816,Corporativo,25,App,Norte,Antofagasta,2024-07-21,ORD-2025-00991,2023-07-08,Estándar,Alta,Completado,1527.58,Normal,408.94,Normal,26.77,Etiquetas Smart 9,2,Oficina,Etiquetas,Patagonia
C0274,Paula Araya,2024-02-01,-82,Corporativo,89,Teléfono,Austral,Aysén,2025-02-24,ORD-2025-00992,2023-11-11,Segunda Clase,Media,Completado,1209.39,Normal,446.18,Normal,36.89,Libreros Pro 7,7,Muebles,Libreros,Nova
C0274,Paula Araya,2024-02-01,-82,Corporativo,89,Teléfono,Austral,Aysén,2025-02-24,ORD-2025-00992,2023-11-11,Segunda Clase,Crítica,Completado,3075.26,Normal,470.85,Normal,15.31,Periféricos Eco 2,5,Tecnología,Periféricos,Vector
C0146,Javiera Silva,2022-12-23,350,Home Office,91,App,Austral,Aysén,2024-03-14,ORD-2025-00993,2023-12-08,Primera Clase,Media,Completado,312.77,Normal,16.4,Normal,5.24,Almacenamiento Nova 9,8,Muebles,Almacenamiento,Alerce
C0146,Javiera Silva,2022-12-23,350,Home Office,91,App,Austral,Aysén,2024-03-14,ORD-2025-00993,2023-12-08,Primera Clase,Media,Completado,2350.21,Normal,491.89,Normal,20.93,Periféricos Flex 4,7,Tecnología,Periféricos,Orion
C0146,Javiera Silva,2022-12-23,350,Home Office,91,App,Austral,Aysén,2024-03-14,ORD-2025-00993,2023-12-08,Primera Clase,Crítica,Completado,600.52,Normal,214.7,Normal,35.75,Archivadores Pro 6,1,Oficina,Archivadores,Patagonia
C0243,Nicolás López,2023-11-17,320,Corporativo,13,App,Austral,Magallanes,2024-07-22,ORD-2025-00994,2024-10-02,Primera Clase,Baja,Completado,263.33,Normal,95.26,Normal,36.18,Etiquetas Pro 7,4,Oficina,Etiquetas,Orion
C0243,Nicolás López,2023-11-17,320,Corporativo,13,App,Austral,Magallanes,2024-07-22,ORD-2025-00994,2024-10-02,Primera Clase,Crítica,Completado,1691.04,Normal,392.67,Normal,23.22,Sillas Smart 3,3,Muebles,Sillas,Altura
C0243,Nicolás López,2023-11-17,320,Corporativo,13,App,Austral,Magallanes,2024-07-22,ORD-2025-00994,2024-10-02,Primera Clase,Crítica,Completado,3752.58,Normal,843.96,Normal,22.49,Sillas Plus 8,6,Muebles,Sillas,Orion
C0243,Nicolás López,2023-11-17,320,Corporativo,13,App,Austral,Magallanes,2024-07-22,ORD-2025-00994,2024-10-02,Primera Clase,Baja,Completado,4528.08,Normal,1844.13,Normal,40.73,Computadores Plus 1,6,Tecnología,Computadores,Andes
C0214,Javiera Flores,2023-12-15,78,Home Office,94,Web,Norte,Antofagasta,2025-03-05,ORD-2025-00995,2024-03-02,Primera Clase,Crítica,Enviado,2964.9,Normal,698.7,Normal,23.57,Mesas Nova 2,6,Muebles,Mesas,Lumen
C0214,Javiera Flores,2023-12-15,78,Home Office,94,Web,Norte,Antofagasta,2025-03-05,ORD-2025-00995,2024-03-02,Primera Clase,Alta,Enviado,210.48,Normal,20.31,Normal,9.65,Archivadores Smart 10,5,Oficina,Archivadores,Andes
C0120,Fernanda Díaz,2023-11-20,23,Corporativo,94,Web,Centro,Valparaíso,2024-04-29,ORD-2025-00996,2023-12-13,Mismo Día,Crítica,Completado,2825.96,Normal,1239.88,Normal,43.87,Archivadores Pro 6,4,Oficina,Archivadores,Patagonia
C0120,Fernanda Díaz,2023-11-20,23,Corporativo,94,Web,Centro,Valparaíso,2024-04-29,ORD-2025-00996,2023-12-13,Mismo Día,Crítica,Completado,406.38,Normal,68.99,Normal,16.98,Libreros Eco 4,3,Muebles,Libreros,Andes
C0120,Fernanda Díaz,2023-11-20,23,Corporativo,94,Web,Centro,Valparaíso,2024-04-29,ORD-2025-00996,2023-12-13,Mismo Día,Crítica,Completado,1158.63,Normal,1.56,Normal,0.13,Teléfonos Plus 1,3,Tecnología,Teléfonos,Lumen
C0101,Ana Flores,2022-07-16,931,Consumidor,16,Web,Norte,Tarapacá,2024-05-21,ORD-2025-00997,2025-02-01,Primera Clase,Baja,Completado,1779.41,Normal,392.28,Normal,22.05,Mesas Eco 3,6,Muebles,Mesas,Alerce
C0101,Ana Flores,2022-07-16,931,Consumidor,16,Web,Norte,Tarapacá,2024-05-21,ORD-2025-00997,2025-02-01,Primera Clase,Media,Completado,925.94,Normal,133.23,Normal,14.39,Etiquetas Eco 1,2,Oficina,Etiquetas,Nova
C0101,Ana Flores,2022-07-16,931,Consumidor,16,Web,Norte,Tarapacá,2024-05-21,ORD-2025-00997,2025-02-01,Primera Clase,Baja,Completado,3107.79,Normal,1097.57,Normal,35.32,Periféricos Nova 8,8,Tecnología,Periféricos,Andes
C0213,Camila Silva,2021-11-14,511,Consumidor,47,Web,Norte,Antofagasta,2024-09-25,ORD-2025-00998,2023-04-09,Estándar,Media,Completado,369.24,Normal,50.37,Normal,13.64,Sobres Pro 5,4,Oficina,Sobres,Alerce
C0213,Camila Silva,2021-11-14,511,Consumidor,47,Web,Norte,Antofagasta,2024-09-25,ORD-2025-00998,2023-04-09,Estándar,Crítica,Completado,6598.78,Venta Extraordinaria,1121.59,Normal,17.0,Accesorios Plus 3,8,Tecnología,Accesorios,Altura
C0213,Camila Silva,2021-11-14,511,Consumidor,47,Web,Norte,Antofagasta,2024-09-25,ORD-2025-00998,2023-04-09,Estándar,Baja,Completado,3172.8,Normal,971.28,Normal,30.61,Accesorios Plus 8,8,Tecnología,Accesorios,Andes
C0213,Camila Silva,2021-11-14,511,Consumidor,47,Web,Norte,Antofagasta,2024-09-25,ORD-2025-00998,2023-04-09,Estándar,Baja,Completado,1143.44,Normal,238.68,Normal,20.87,Teléfonos Nova 3,5,Tecnología,Teléfonos,Lumen
C0285,Camila Flores,2024-09-18,-483,Corporativo,77,Correo,Sur,La Araucanía,2025-01-16,ORD-2025-00999,2023-05-24,Estándar,Alta,Completado,1921.72,Normal,815.14,Normal,42.42,Periféricos Nova 7,7,Tecnología,Periféricos,Orion
C0227,Diego Díaz,2022-05-04,648,Consumidor,91,Correo,Sur,Los Ríos,2024-09-06,ORD-2025-01000,2024-02-11,Segunda Clase,Media,Enviado,3557.08,Normal,784.37,Normal,22.05,Sillas Eco 5,7,Muebles,Sillas,Lumen
C0227,Diego Díaz,2022-05-04,648,Consumidor,91,Correo,Sur,Los Ríos,2024-09-06,ORD-2025-01000,2024-02-11,Segunda Clase,Alta,Enviado,153.29,Normal,55.5,Normal,36.21,Almacenamiento Nova 7,2,Muebles,Almacenamiento,Altura
C0227,Diego Díaz,2022-05-04,648,Consumidor,91,Correo,Sur,Los Ríos,2024-09-06,ORD-2025-01000,2024-02-11,Segunda Clase,Alta,Enviado,32.19,Normal,7.48,Normal,23.24,Accesorios Smart 2,4,Tecnología,Accesorios,Vector
C0259,Catalina Flores,2021-09-14,1154,Corporativo,88,Teléfono,Austral,Magallanes,2024-06-18,ORD-2025-01001,2024-11-11,Mismo Día,Crítica,Completado,2157.12,Normal,764.66,Normal,35.45,Archivadores Nova 2,5,Oficina,Archivadores,Alerce
C0259,Catalina Flores,2021-09-14,1154,Corporativo,88,Teléfono,Austral,Magallanes,2024-06-18,ORD-2025-01001,2024-11-11,Mismo Día,Media,Completado,188.06,Normal,3.91,Normal,2.08,Mesas Nova 8,1,Muebles,Mesas,Andes
C0259,Catalina Flores,2021-09-14,1154,Corporativo,88,Teléfono,Austral,Magallanes,2024-06-18,ORD-2025-01001,2024-11-11,Mismo Día,Baja,Completado,2634.14,Normal,1183.67,Normal,44.94,Computadores Pro 8,6,Tecnología,Computadores,Lumen
C0259,Catalina Flores,2021-09-14,1154,Corporativo,88,Teléfono,Austral,Magallanes,2024-06-18,ORD-2025-01001,2024-11-11,Mismo Día,Baja,Completado,546.49,Normal,294.7,Normal,53.93,Teléfonos Pro 4,7,Tecnología,Teléfonos,Alerce
C0059,Nicolás Fuentes,2023-04-05,316,Corporativo,80,Teléfono,Sur,Biobío,2025-02-18,ORD-2025-01002,2024-02-15,Primera Clase,Alta,Completado,444.43,Normal,117.93,Normal,26.54,Archivadores Nova 8,2,Oficina,Archivadores,Lumen
C0140,Ignacio López,2024-10-31,-449,Home Office,73,App,Centro,Maule,2024-07-28,ORD-2025-01003,2023-08-09,Mismo Día,Alta,Completado,3479.2,Normal,1364.95,Normal,39.23,Papelería Eco 8,5,Oficina,Papelería,Patagonia
C0140,Ignacio López,2024-10-31,-449,Home Office,73,App,Centro,Maule,2024-07-28,ORD-2025-01003,2023-08-09,Mismo Día,Crítica,Completado,338.48,Normal,169.42,Normal,50.05,Teléfonos Flex 2,1,Tecnología,Teléfonos,Vector
C0111,Carlos Flores,2024-08-19,-558,Consumidor,44,App,Sur,Biobío,2024-11-02,ORD-2025-01004,2023-02-08,Estándar,Baja,Cancelado,50.3,Normal,20.7,Normal,41.15,Accesorios Smart 2,5,Tecnología,Accesorios,Vector
C0111,Carlos Flores,2024-08-19,-558,Consumidor,44,App,Sur,Biobío,2024-11-02,ORD-2025-01004,2023-02-08,Estándar,Baja,Cancelado,3818.95,Normal,1022.35,Normal,26.77,Etiquetas Smart 9,5,Oficina,Etiquetas,Patagonia
C0111,Carlos Flores,2024-08-19,-558,Consumidor,44,App,Sur,Biobío,2024-11-02,ORD-2025-01004,2023-02-08,Estándar,Crítica,Cancelado,2768.58,Normal,935.2,Normal,33.78,Teléfonos Flex 10,7,Tecnología,Teléfonos,Lumen
C0111,Carlos Flores,2024-08-19,-558,Consumidor,44,App,Sur,Biobío,2024-11-02,ORD-2025-01004,2023-02-08,Estándar,Baja,Cancelado,232.05,Normal,65.43,Normal,28.2,Sobres Nova 8,1,Oficina,Sobres,Alerce
C0127,Isidora Pérez,2022-07-20,463,Consumidor,53,Correo,Norte,Tarapacá,2024-12-04,ORD-2025-01005,2023-10-26,Primera Clase,Media,Completado,162.3,Normal,74.58,Normal,45.95,Sobres Pro 4,3,Oficina,Sobres,Vector
C0127,Isidora Pérez,2022-07-20,463,Consumidor,53,Correo,Norte,Tarapacá,2024-12-04,ORD-2025-01005,2023-10-26,Primera Clase,Baja,Completado,4746.56,Normal,1267.07,Normal,26.69,Accesorios Nova 10,7,Tecnología,Accesorios,Andes
C0127,Isidora Pérez,2022-07-20,463,Consumidor,53,Correo,Norte,Tarapacá,2024-12-04,ORD-2025-01005,2023-10-26,Primera Clase,Crítica,Completado,474.01,Normal,101.47,Normal,21.41,Libreros Smart 3,2,Muebles,Libreros,Vector
C0031,Carlos Muñoz,2024-01-13,-296,Home Office,21,Web,Centro,O'Higgins,2024-11-10,ORD-2025-01006,2023-03-23,Estándar,Baja,Completado,2794.0,Normal,731.6,Normal,26.18,Teléfonos Plus 5,4,Tecnología,Teléfonos,Nova
C0031,Carlos Muñoz,2024-01-13,-296,Home Office,21,Web,Centro,O'Higgins,2024-11-10,ORD-2025-01006,2023-03-23,Estándar,Alta,Completado,2661.8,Normal,1306.55,Normal,49.09,Almacenamiento Plus 5,5,Muebles,Almacenamiento,Nova
C0031,Carlos Muñoz,2024-01-13,-296,Home Office,21,Web,Centro,O'Higgins,2024-11-10,ORD-2025-01006,2023-03-23,Estándar,Baja,Completado,6193.52,Normal,2313.12,Ganancia Atípica,37.35,Sobres Flex 6,8,Oficina,Sobres,Patagonia
C0031,Carlos Muñoz,2024-01-13,-296,Home Office,21,Web,Centro,O'Higgins,2024-11-10,ORD-2025-01006,2023-03-23,Estándar,Crítica,Completado,817.84,Normal,317.18,Normal,38.78,Periféricos Nova 8,2,Tecnología,Periféricos,Andes
C0154,Ana Castillo,2022-11-03,383,Home Office,92,App,Sur,Los Ríos,2024-02-10,ORD-2025-01007,2023-11-21,Estándar,Alta,Cancelado,4098.02,Normal,567.38,Normal,13.85,Mesas Flex 6,8,Muebles,Mesas,Orion
C0154,Ana Castillo,2022-11-03,383,Home Office,92,App,Sur,Los Ríos,2024-02-10,ORD-2025-01007,2023-11-21,Estándar,Media,Cancelado,3423.82,Normal,1319.32,Normal,38.53,Sobres Flex 1,7,Oficina,Sobres,Lumen
C0284,Sebastián Contreras,2023-10-25,510,Corporativo,17,Correo,Austral,Aysén,2024-02-10,ORD-2025-01008,2025-03-18,Estándar,Media,Completado,3896.5,Normal,1983.0,Normal,50.89,Teléfonos Pro 6,5,Tecnología,Teléfonos,Orion
C0284,Sebastián Contreras,2023-10-25,510,Corporativo,17,Correo,Austral,Aysén,2024-02-10,ORD-2025-01008,2025-03-18,Estándar,Media,Completado,2674.5,Normal,716.3,Normal,26.78,Sillas Eco 5,5,Muebles,Sillas,Lumen
C0284,Sebastián Contreras,2023-10-25,510,Corporativo,17,Correo,Austral,Aysén,2024-02-10,ORD-2025-01008,2025-03-18,Estándar,Crítica,Completado,3144.86,Normal,986.24,Normal,31.36,Teléfonos Plus 1,6,Tecnología,Teléfonos,Lumen
C0284,Sebastián Contreras,2023-10-25,510,Corporativo,17,Correo,Austral,Aysén,2024-02-10,ORD-2025-01008,2025-03-18,Estándar,Crítica,Completado,766.43,Normal,390.95,Normal,51.01,Almacenamiento Nova 7,7,Muebles,Almacenamiento,Altura
C0281,Benjamín González,2023-08-30,18,Home Office,93,Teléfono,Centro,Maule,2025-01-21,ORD-2025-01009,2023-09-17,Segunda Clase,Alta,Devuelto,2636.25,Normal,1214.65,Normal,46.07,Archivadores Plus 5,5,Oficina,Archivadores,Altura
C0281,Benjamín González,2023-08-30,18,Home Office,93,Teléfono,Centro,Maule,2025-01-21,ORD-2025-01009,2023-09-17,Segunda Clase,Crítica,Devuelto,2311.84,Normal,1051.44,Normal,45.48,Periféricos Nova 7,8,Tecnología,Periféricos,Orion
C0281,Benjamín González,2023-08-30,18,Home Office,93,Teléfono,Centro,Maule,2025-01-21,ORD-2025-01009,2023-09-17,Segunda Clase,Alta,Devuelto,2262.53,Normal,919.11,Normal,40.62,Almacenamiento Plus 5,5,Muebles,Almacenamiento,Nova
C0281,Benjamín González,2023-08-30,18,Home Office,93,Teléfono,Centro,Maule,2025-01-21,ORD-2025-01009,2023-09-17,Segunda Clase,Baja,Devuelto,1715.16,Normal,863.92,Normal,50.37,Libreros Pro 5,4,Muebles,Libreros,Nova
C0175,María Fuentes,2023-02-03,410,Consumidor,81,App,Centro,Metropolitana,2024-07-22,ORD-2025-01010,2024-03-19,Primera Clase,Baja,Completado,162.3,Normal,74.58,Normal,45.95,Sobres Pro 4,3,Oficina,Sobres,Vector
C0175,María Fuentes,2023-02-03,410,Consumidor,81,App,Centro,Metropolitana,2024-07-22,ORD-2025-01010,2024-03-19,Primera Clase,Alta,Completado,331.39,Normal,66.01,Normal,19.92,Mesas Smart 9,3,Muebles,Mesas,Andes
C0175,María Fuentes,2023-02-03,410,Consumidor,81,App,Centro,Metropolitana,2024-07-22,ORD-2025-01010,2024-03-19,Primera Clase,Baja,Completado,2964.9,Normal,698.7,Normal,23.57,Mesas Nova 2,6,Muebles,Mesas,Lumen
C0244,Nicolás Hernández,2021-09-16,495,Consumidor,40,Web,Norte,Coquimbo,2024-07-10,ORD-2025-01011,2023-01-24,Primera Clase,Alta,Enviado,2496.7,Normal,933.04,Normal,37.37,Accesorios Flex 1,7,Tecnología,Accesorios,Alerce
C0244,Nicolás Hernández,2021-09-16,495,Consumidor,40,Web,Norte,Coquimbo,2024-07-10,ORD-2025-01011,2023-01-24,Primera Clase,Baja,Enviado,6954.24,Venta Extraordinaria,2777.12,Ganancia Atípica,39.93,Accesorios Nova 6,8,Tecnología,Accesorios,Andes
C0211,Gabriel Morales,2024-10-04,-224,Consumidor,92,Web,Sur,Biobío,2024-04-04,ORD-2025-01012,2024-02-23,Estándar,Media,Completado,2003.58,Normal,593.43,Normal,29.62,Libreros Smart 9,3,Muebles,Libreros,Patagonia
C0211,Gabriel Morales,2024-10-04,-224,Consumidor,92,Web,Sur,Biobío,2024-04-04,ORD-2025-01012,2024-02-23,Estándar,Media,Completado,1527.42,Normal,488.1,Normal,31.96,Computadores Plus 5,2,Tecnología,Computadores,Orion
C0072,Sofía Pérez,2023-02-24,180,Consumidor,100,App,Centro,Maule,2024-06-25,ORD-2025-01013,2023-08-23,Segunda Clase,Media,Completado,2337.51,Normal,56.69,Normal,2.43,Libreros Smart 9,5,Muebles,Libreros,Patagonia
C0270,Ana Rojas,2023-11-02,-108,Corporativo,40,Correo,Norte,Tarapacá,2025-03-11,ORD-2025-01014,2023-07-17,Primera Clase,Alta,Completado,1529.42,Normal,451.9,Normal,29.55,Periféricos Nova 5,2,Tecnología,Periféricos,Orion
C0232,Catalina López,2022-06-04,830,Corporativo,55,Web,Austral,Aysén,2024-05-20,ORD-2025-01015,2024-09-11,Estándar,Alta,Enviado,2401.32,Normal,624.69,Normal,26.01,Sobres Plus 10,4,Oficina,Sobres,Altura
C0100,Diego Díaz,2022-08-30,450,Consumidor,56,App,Sur,Biobío,2024-06-26,ORD-2025-01016,2023-11-23,Segunda Clase,Alta,Cancelado,496.19,Normal,158.96,Normal,32.04,Sobres Plus 9,1,Oficina,Sobres,Andes
C0100,Diego Díaz,2022-08-30,450,Consumidor,56,App,Sur,Biobío,2024-06-26,ORD-2025-01016,2023-11-23,Segunda Clase,Baja,Cancelado,174.64,Normal,-10.26,Normal,-5.87,Libreros Smart 3,1,Muebles,Libreros,Vector
C0066,Paula Silva,2024-09-05,-60,Consumidor,23,Web,Centro,Valparaíso,2025-01-05,ORD-2025-01017,2024-07-07,Primera Clase,Alta,Completado,4249.12,Normal,849.96,Normal,20.0,Sobres Eco 7,6,Oficina,Sobres,Vector
C0066,Paula Silva,2024-09-05,-60,Consumidor,23,Web,Centro,Valparaíso,2025-01-05,ORD-2025-01017,2024-07-07,Primera Clase,Alta,Completado,1360.95,Normal,682.32,Normal,50.14,Sobres Pro 2,3,Oficina,Sobres,Orion
C0066,Paula Silva,2024-09-05,-60,Consumidor,23,Web,Centro,Valparaíso,2025-01-05,ORD-2025-01017,2024-07-07,Primera Clase,Alta,Completado,1849.47,Normal,533.61,Normal,28.85,Periféricos Nova 7,8,Tecnología,Periféricos,Orion
C0066,Paula Silva,2024-09-05,-50,Consumidor,23,Web,Centro,Valparaíso,2025-01-05,ORD-2025-01018,2024-07-17,Segunda Clase,Baja,Completado,142.98,Normal,28.24,Normal,19.75,Libreros Eco 4,1,Muebles,Libreros,Andes
C0066,Paula Silva,2024-09-05,-50,Consumidor,23,Web,Centro,Valparaíso,2025-01-05,ORD-2025-01018,2024-07-17,Segunda Clase,Crítica,Completado,1938.39,Normal,819.63,Normal,42.28,Papelería Flex 6,3,Oficina,Papelería,Andes
C0066,Paula Silva,2024-09-05,-50,Consumidor,23,Web,Centro,Valparaíso,2025-01-05,ORD-2025-01018,2024-07-17,Segunda Clase,Baja,Completado,2826.72,Normal,29.59,Normal,1.05,Periféricos Nova 3,4,Tecnología,Periféricos,Altura
C0164,Tomás Martínez,2021-08-14,1338,Consumidor,26,Web,Sur,Los Lagos,2025-01-05,ORD-2025-01019,2025-04-13,Mismo Día,Alta,Cancelado,573.7,Normal,264.8,Normal,46.16,Almacenamiento Eco 6,5,Muebles,Almacenamiento,Patagonia
C0164,Tomás Martínez,2021-08-14,1338,Consumidor,26,Web,Sur,Los Lagos,2025-01-05,ORD-2025-01019,2025-04-13,Mismo Día,Crítica,Cancelado,645.88,Normal,236.37,Normal,36.6,Computadores Nova 4,1,Tecnología,Computadores,Vector
C0164,Tomás Martínez,2021-08-14,1338,Consumidor,26,Web,Sur,Los Lagos,2025-01-05,ORD-2025-01019,2025-04-13,Mismo Día,Media,Cancelado,157.28,Normal,38.23,Normal,24.31,Almacenamiento Eco 3,1,Muebles,Almacenamiento,Orion
C0267,Carlos Martínez,2022-05-23,845,Corporativo,22,App,Sur,Los Ríos,2024-05-23,ORD-2025-01020,2024-09-14,Estándar,Media,Completado,1159.82,Normal,385.46,Normal,33.23,Sillas Nova 10,6,Muebles,Sillas,Lumen
C0232,Catalina López,2022-06-04,985,Corporativo,55,Web,Austral,Aysén,2024-05-20,ORD-2025-01021,2025-02-13,Primera Clase,Baja,Completado,156.79,Normal,35.2,Normal,22.45,Mesas Eco 4,2,Muebles,Mesas,Altura
C0232,Catalina López,2022-06-04,985,Corporativo,55,Web,Austral,Aysén,2024-05-20,ORD-2025-01021,2025-02-13,Primera Clase,Baja,Completado,237.11,Normal,48.2,Normal,20.33,Periféricos Nova 9,1,Tecnología,Periféricos,Vector
C0232,Catalina López,2022-06-04,985,Corporativo,55,Web,Austral,Aysén,2024-05-20,ORD-2025-01021,2025-02-13,Primera Clase,Crítica,Completado,1709.29,Normal,835.95,Normal,48.91,Libreros Smart 6,5,Muebles,Libreros,Lumen
C0232,Catalina López,2022-06-04,985,Corporativo,55,Web,Austral,Aysén,2024-05-20,ORD-2025-01021,2025-02-13,Primera Clase,Alta,Completado,117.29,Normal,11.98,Normal,10.21,Almacenamiento Nova 9,3,Muebles,Almacenamiento,Alerce
C0236,Fernanda Sepúlveda,2023-03-27,707,Home Office,42,Correo,Centro,Maule,2025-02-16,ORD-2025-01022,2025-03-03,Primera Clase,Media,Cancelado,3339.3,Normal,989.05,Normal,29.62,Libreros Smart 9,5,Muebles,Libreros,Patagonia
C0129,Felipe Rodríguez,2024-02-05,-222,Corporativo,68,Correo,Centro,Maule,2024-06-02,ORD-2025-01023,2023-06-28,Primera Clase,Alta,Enviado,1391.28,Normal,358.76,Normal,25.79,Archivadores Flex 1,3,Oficina,Archivadores,Alerce
C0129,Felipe Rodríguez,2024-02-05,-222,Corporativo,68,Correo,Centro,Maule,2024-06-02,ORD-2025-01023,2023-06-28,Primera Clase,Alta,Enviado,2331.36,Normal,515.48,Normal,22.11,Sillas Plus 4,4,Muebles,Sillas,Orion
C0129,Felipe Rodríguez,2024-02-05,-222,Corporativo,68,Correo,Centro,Maule,2024-06-02,ORD-2025-01023,2023-06-28,Primera Clase,Baja,Enviado,3406.09,Normal,595.76,Normal,17.49,Libreros Smart 9,6,Muebles,Libreros,Patagonia
C0129,Felipe Rodríguez,2024-02-05,-222,Corporativo,68,Correo,Centro,Maule,2024-06-02,ORD-2025-01023,2023-06-28,Primera Clase,Crítica,Enviado,507.42,Normal,112.41,Normal,22.15,Sillas Nova 10,3,Muebles,Sillas,Lumen
C0008,Jorge Muñoz,2023-04-02,75,Corporativo,18,Teléfono,Centro,Maule,2024-09-20,ORD-2025-01024,2023-06-16,Segunda Clase,Media,Completado,4271.99,Normal,2008.36,Normal,47.01,Almacenamiento Plus 10,6,Muebles,Almacenamiento,Patagonia
C0008,Jorge Muñoz,2023-04-02,75,Corporativo,18,Teléfono,Centro,Maule,2024-09-20,ORD-2025-01024,2023-06-16,Segunda Clase,Media,Completado,1298.44,Normal,166.97,Normal,12.86,Etiquetas Smart 9,2,Oficina,Etiquetas,Patagonia
C0269,Javiera Soto,2023-11-21,72,Corporativo,73,Correo,Sur,Los Ríos,2024-01-17,ORD-2025-01025,2024-02-01,Segunda Clase,Baja,Cancelado,284.64,Normal,108.78,Normal,38.22,Mesas Smart 1,3,Muebles,Mesas,Orion
C0269,Javiera Soto,2023-11-21,72,Corporativo,73,Correo,Sur,Los Ríos,2024-01-17,ORD-2025-01025,2024-02-01,Segunda Clase,Media,Cancelado,1247.4,Normal,326.55,Normal,26.18,Libreros Smart 3,5,Muebles,Libreros,Vector
C0269,Javiera Soto,2023-11-21,72,Corporativo,73,Correo,Sur,Los Ríos,2024-01-17,ORD-2025-01025,2024-02-01,Segunda Clase,Media,Cancelado,140.6,Normal,41.55,Normal,29.55,Accesorios Eco 4,5,Tecnología,Accesorios,Orion
C0269,Javiera Soto,2023-11-21,72,Corporativo,73,Correo,Sur,Los Ríos,2024-01-17,ORD-2025-01025,2024-02-01,Segunda Clase,Media,Cancelado,1316.12,Normal,328.88,Normal,24.99,Sobres Flex 6,2,Oficina,Sobres,Patagonia
C0208,Fernanda Díaz,2024-10-21,-268,Home Office,46,Correo,Austral,Magallanes,2024-06-29,ORD-2025-01026,2024-01-27,Segunda Clase,Media,Completado,253.69,Normal,46.72,Normal,18.42,Archivadores Smart 7,1,Oficina,Archivadores,Altura
C0208,Fernanda Díaz,2024-10-21,-268,Home Office,46,Correo,Austral,Magallanes,2024-06-29,ORD-2025-01026,2024-01-27,Segunda Clase,Alta,Completado,344.22,Normal,158.88,Normal,46.16,Almacenamiento Eco 6,3,Muebles,Almacenamiento,Patagonia
C0208,Fernanda Díaz,2024-10-21,-268,Home Office,46,Correo,Austral,Magallanes,2024-06-29,ORD-2025-01026,2024-01-27,Segunda Clase,Baja,Completado,1337.52,Normal,706.02,Normal,52.79,Accesorios Flex 1,3,Tecnología,Accesorios,Alerce
C0300,Camila Díaz,2021-11-29,447,Corporativo,92,Correo,Sur,Los Lagos,2024-12-04,ORD-2025-01027,2023-02-19,Segunda Clase,Baja,Completado,1995.84,Normal,522.48,Normal,26.18,Libreros Smart 3,8,Muebles,Libreros,Vector
C0300,Camila Díaz,2021-11-29,447,Corporativo,92,Correo,Sur,Los Lagos,2024-12-04,ORD-2025-01027,2023-02-19,Segunda Clase,Alta,Completado,396.6,Normal,121.41,Normal,30.61,Accesorios Plus 8,1,Tecnología,Accesorios,Andes
C0221,Valentina Hernández,2021-10-29,530,Home Office,21,No Especificado,Norte,Tarapacá,2024-01-05,ORD-2025-01028,2023-04-12,Primera Clase,Alta,Completado,4400.18,Normal,1504.63,Normal,34.19,Accesorios Flex 9,6,Tecnología,Accesorios,Patagonia
C0221,Valentina Hernández,2021-10-29,530,Home Office,21,No Especificado,Norte,Tarapacá,2024-01-05,ORD-2025-01028,2023-04-12,Primera Clase,Alta,Completado,3566.72,Normal,1882.72,Normal,52.79,Accesorios Flex 1,8,Tecnología,Accesorios,Alerce
C0221,Valentina Hernández,2021-10-29,530,Home Office,21,No Especificado,Norte,Tarapacá,2024-01-05,ORD-2025-01028,2023-04-12,Primera Clase,Media,Completado,2443.53,Normal,824.52,Normal,33.74,Etiquetas Pro 2,6,Oficina,Etiquetas,Vector
C0221,Valentina Hernández,2021-10-29,530,Home Office,21,No Especificado,Norte,Tarapacá,2024-01-05,ORD-2025-01028,2023-04-12,Primera Clase,Baja,Completado,2703.48,Normal,188.07,Normal,6.96,Teléfonos Plus 1,7,Tecnología,Teléfonos,Lumen
C0146,Javiera Silva,2022-12-23,348,Home Office,91,App,Austral,Aysén,2024-03-14,ORD-2025-01029,2023-12-06,Mismo Día,Baja,Enviado,207.7,Normal,32.66,Normal,15.72,Almacenamiento Nova 9,5,Muebles,Almacenamiento,Alerce
C0042,Pedro Hernández,2022-09-12,797,Home Office,95,Web,Centro,Metropolitana,2024-12-14,ORD-2025-01030,2024-11-17,Mismo Día,Crítica,Completado,619.27,Normal,185.28,Normal,29.92,Sillas Plus 4,1,Muebles,Sillas,Orion
C0042,Pedro Hernández,2022-09-12,797,Home Office,95,Web,Centro,Metropolitana,2024-12-14,ORD-2025-01030,2024-11-17,Mismo Día,Media,Completado,370.23,Normal,120.26,Normal,32.48,Papelería Pro 3,7,Oficina,Papelería,Altura
C0042,Pedro Hernández,2022-09-12,797,Home Office,95,Web,Centro,Metropolitana,2024-12-14,ORD-2025-01030,2024-11-17,Mismo Día,Baja,Completado,1510.48,Normal,157.98,Normal,10.46,Almacenamiento Flex 1,2,Muebles,Almacenamiento,Patagonia
C0042,Pedro Hernández,2022-09-12,797,Home Office,95,Web,Centro,Metropolitana,2024-12-14,ORD-2025-01030,2024-11-17,Mismo Día,Media,Completado,741.42,Normal,264.0,Normal,35.61,Mesas Eco 3,2,Muebles,Mesas,Alerce
C0036,Benjamín Soto,2024-05-03,203,Consumidor,96,Web,Centro,O'Higgins,2024-07-31,ORD-2025-01031,2024-11-22,Mismo Día,Media,Completado,226.18,Normal,115.71,Normal,51.16,Computadores Flex 7,6,Tecnología,Computadores,Alerce
C0036,Benjamín Soto,2024-05-03,203,Consumidor,96,Web,Centro,O'Higgins,2024-07-31,ORD-2025-01031,2024-11-22,Mismo Día,Media,Completado,5566.72,Normal,2183.92,Ganancia Atípica,39.23,Papelería Eco 8,8,Oficina,Papelería,Patagonia
C0036,Benjamín Soto,2024-05-03,203,Consumidor,96,Web,Centro,O'Higgins,2024-07-31,ORD-2025-01031,2024-11-22,Mismo Día,Alta,Completado,1627.39,Normal,84.31,Normal,5.18,Accesorios Nova 10,3,Tecnología,Accesorios,Andes
C0036,Benjamín Soto,2024-05-03,203,Consumidor,96,Web,Centro,O'Higgins,2024-07-31,ORD-2025-01031,2024-11-22,Mismo Día,Crítica,Completado,253.87,Normal,46.7,Normal,18.4,Papelería Pro 3,6,Oficina,Papelería,Altura
C0043,Carlos Pérez,2021-08-25,579,Corporativo,80,Web,Austral,Magallanes,2024-11-01,ORD-2025-01032,2023-03-27,Segunda Clase,Media,Completado,78.74,Normal,-4.96,Normal,-6.3,Accesorios Eco 4,4,Tecnología,Accesorios,Orion
C0292,Carlos Castillo,2024-04-16,299,Home Office,41,App,Centro,Maule,2025-01-31,ORD-2025-01033,2025-02-09,Segunda Clase,Crítica,Completado,107.14,Normal,51.33,Normal,47.91,Computadores Flex 7,3,Tecnología,Computadores,Alerce
C0195,Sebastián Espinoza,2023-12-10,284,Corporativo,60,Web,Austral,Aysén,2024-08-01,ORD-2025-01034,2024-09-19,Primera Clase,Baja,Enviado,2083.23,Normal,-49.57,Normal,-2.38,Papelería Smart 5,4,Oficina,Papelería,Alerce
C0195,Sebastián Espinoza,2023-12-10,284,Corporativo,60,Web,Austral,Aysén,2024-08-01,ORD-2025-01034,2024-09-19,Primera Clase,Media,Enviado,3471.36,Normal,1183.75,Normal,34.1,Sobres Smart 3,6,Oficina,Sobres,Patagonia
C0195,Sebastián Espinoza,2023-12-10,284,Corporativo,60,Web,Austral,Aysén,2024-08-01,ORD-2025-01034,2024-09-19,Primera Clase,Baja,Enviado,1738.56,Normal,694.28,Normal,39.93,Accesorios Nova 6,2,Tecnología,Accesorios,Andes
C0195,Sebastián Espinoza,2023-12-10,284,Corporativo,60,Web,Austral,Aysén,2024-08-01,ORD-2025-01034,2024-09-19,Primera Clase,Crítica,Enviado,1543.91,Normal,718.79,Normal,46.56,Etiquetas Pro 5,7,Oficina,Etiquetas,Lumen
C0202,Luis Muñoz,2022-08-11,442,Corporativo,92,Web,Sur,Los Ríos,2024-06-21,ORD-2025-01035,2023-10-27,Primera Clase,Alta,Enviado,673.6,Normal,126.6,Normal,18.79,Libreros Smart 3,3,Muebles,Libreros,Vector
C0202,Luis Muñoz,2022-08-11,442,Corporativo,92,Web,Sur,Los Ríos,2024-06-21,ORD-2025-01035,2023-10-27,Primera Clase,Alta,Enviado,787.14,Normal,-71.53,Normal,-9.09,Computadores Eco 9,4,Tecnología,Computadores,Patagonia
C0201,Josefa Muñoz,2023-11-06,12,Corporativo,49,Web,Sur,La Araucanía,2024-12-01,ORD-2025-01036,2023-11-18,Primera Clase,Alta,Devuelto,1439.4,Normal,614.28,Normal,42.68,Libreros Smart 6,5,Muebles,Libreros,Lumen
C0201,Josefa Muñoz,2023-11-06,12,Corporativo,49,Web,Sur,La Araucanía,2024-12-01,ORD-2025-01036,2023-11-18,Primera Clase,Baja,Devuelto,1102.79,Normal,461.52,Normal,41.85,Etiquetas Pro 5,5,Oficina,Etiquetas,Lumen
C0201,Josefa Muñoz,2023-11-06,12,Corporativo,49,Web,Sur,La Araucanía,2024-12-01,ORD-2025-01036,2023-11-18,Primera Clase,Crítica,Devuelto,5194.07,Normal,2180.01,Ganancia Atípica,41.97,Periféricos Eco 10,7,Tecnología,Periféricos,Andes
C0201,Josefa Muñoz,2023-11-06,12,Corporativo,49,Web,Sur,La Araucanía,2024-12-01,ORD-2025-01036,2023-11-18,Primera Clase,Alta,Devuelto,1277.66,Normal,486.62,Normal,38.09,Almacenamiento Plus 5,3,Muebles,Almacenamiento,Nova
C0057,Luis Fuentes,2023-12-01,-188,Consumidor,56,App,Sur,Los Lagos,2024-09-07,ORD-2025-01037,2023-05-27,Segunda Clase,Media,Enviado,2984.15,Normal,515.08,Normal,17.26,Sobres Smart 3,7,Oficina,Sobres,Patagonia
C0057,Luis Fuentes,2023-12-01,-188,Consumidor,56,App,Sur,Los Lagos,2024-09-07,ORD-2025-01037,2023-05-27,Segunda Clase,Media,Enviado,3163.5,Normal,1457.58,Normal,46.07,Archivadores Plus 5,6,Oficina,Archivadores,Altura
C0057,Luis Fuentes,2023-12-01,-188,Consumidor,56,App,Sur,Los Lagos,2024-09-07,ORD-2025-01037,2023-05-27,Segunda Clase,Baja,Enviado,4416.75,Normal,954.35,Normal,21.61,Periféricos Nova 3,5,Tecnología,Periféricos,Altura
C0057,Luis Fuentes,2023-12-01,-188,Consumidor,56,App,Sur,Los Lagos,2024-09-07,ORD-2025-01037,2023-05-27,Segunda Clase,Media,Enviado,1410.8,Normal,48.5,Normal,3.44,Periféricos Nova 9,7,Tecnología,Periféricos,Vector
C0076,Isidora Silva,2022-03-26,1087,Corporativo,65,Teléfono,Norte,Antofagasta,2024-05-26,ORD-2025-01038,2025-03-17,Estándar,Alta,Completado,1204.08,Normal,285.28,Normal,23.69,Libreros Eco 4,8,Muebles,Libreros,Andes
C0076,Isidora Silva,2022-03-26,1087,Corporativo,65,Teléfono,Norte,Antofagasta,2024-05-26,ORD-2025-01038,2025-03-17,Estándar,Media,Completado,531.57,Normal,87.61,Normal,16.48,Papelería Plus 10,1,Oficina,Papelería,Orion
C0076,Isidora Silva,2022-03-26,1087,Corporativo,65,Teléfono,Norte,Antofagasta,2024-05-26,ORD-2025-01038,2025-03-17,Estándar,Media,Completado,2208.36,Normal,1153.68,Normal,52.24,Papelería Flex 4,3,Oficina,Papelería,Altura
C0125,Carlos Pérez,2022-08-21,330,Corporativo,63,Teléfono,Centro,O'Higgins,2024-05-01,ORD-2025-01039,2023-07-17,Estándar,Crítica,Enviado,247.23,Normal,46.38,Normal,18.76,Sillas Eco 1,2,Muebles,Sillas,Vector
C0125,Carlos Pérez,2022-08-21,330,Corporativo,63,Teléfono,Centro,O'Higgins,2024-05-01,ORD-2025-01039,2023-07-17,Estándar,Media,Enviado,66.9,Normal,25.59,Normal,38.25,Accesorios Smart 2,7,Tecnología,Accesorios,Vector
C0125,Carlos Pérez,2022-08-21,330,Corporativo,63,Teléfono,Centro,O'Higgins,2024-05-01,ORD-2025-01039,2023-07-17,Estándar,Baja,Enviado,1550.71,Normal,478.4,Normal,30.85,Papelería Flex 6,3,Oficina,Papelería,Andes
C0035,Josefa Torres,2023-12-24,-216,Home Office,17,App,Austral,Aysén,2024-11-06,ORD-2025-01040,2023-05-22,Estándar,Alta,Completado,2143.95,Normal,1079.9,Normal,50.37,Libreros Pro 5,5,Muebles,Libreros,Nova
C0035,Josefa Torres,2023-12-24,-216,Home Office,17,App,Austral,Aysén,2024-11-06,ORD-2025-01040,2023-05-22,Estándar,Media,Completado,40.17,Normal,19.75,Normal,49.17,Archivadores Eco 9,4,Oficina,Archivadores,Orion
C0035,Josefa Torres,2023-12-24,-216,Home Office,17,App,Austral,Aysén,2024-11-06,ORD-2025-01040,2023-05-22,Estándar,Media,Completado,3706.3,Normal,1169.92,Normal,31.57,Mesas Plus 5,8,Muebles,Mesas,Vector
C0277,Fernanda Torres,2023-07-25,414,Home Office,87,App,Sur,Los Lagos,2024-05-03,ORD-2025-01041,2024-09-11,Estándar,Alta,Enviado,245.75,Normal,31.37,Normal,12.77,Sillas Smart 9,1,Muebles,Sillas,Orion
C0277,Fernanda Torres,2023-07-25,414,Home Office,87,App,Sur,Los Lagos,2024-05-03,ORD-2025-01041,2024-09-11,Estándar,Media,Enviado,1200.88,Normal,478.69,Normal,39.86,Almacenamiento Eco 8,5,Muebles,Almacenamiento,Andes
C0013,Daniela Araya,2024-02-08,172,Corporativo,97,Web,Centro,O'Higgins,2024-05-07,ORD-2025-01042,2024-07-29,Estándar,Baja,Completado,2233.08,Normal,210.33,Normal,9.42,Teléfonos Eco 9,5,Tecnología,Teléfonos,Andes
C0013,Daniela Araya,2024-02-08,172,Corporativo,97,Web,Centro,O'Higgins,2024-05-07,ORD-2025-01042,2024-07-29,Estándar,Baja,Completado,2534.56,Normal,337.13,Normal,13.3,Sobres Eco 7,4,Oficina,Sobres,Vector
C0040,Fernanda Rojas,2023-07-28,-98,Consumidor,19,Web,Sur,Los Ríos,2025-02-26,ORD-2025-01043,2023-04-21,Estándar,Baja,Completado,415.92,Normal,179.62,Normal,43.19,Computadores Pro 8,1,Tecnología,Computadores,Lumen
C0032,Sebastián Torres,2022-03-14,581,Corporativo,17,Correo,Centro,Metropolitana,2024-04-22,ORD-2025-01044,2023-10-16,Mismo Día,Baja,Completado,2305.47,Normal,367.49,Normal,15.94,Accesorios Nova 10,4,Tecnología,Accesorios,Andes
C0032,Sebastián Torres,2022-03-14,581,Corporativo,17,Correo,Centro,Metropolitana,2024-04-22,ORD-2025-01044,2023-10-16,Mismo Día,Alta,Completado,2456.16,Normal,852.8,Normal,34.72,Periféricos Nova 6,4,Tecnología,Periféricos,Patagonia
C0032,Sebastián Torres,2022-03-14,581,Corporativo,17,Correo,Centro,Metropolitana,2024-04-22,ORD-2025-01044,2023-10-16,Mismo Día,Baja,Completado,80.63,Normal,36.3,Normal,45.02,Sillas Pro 6,1,Muebles,Sillas,Nova
C0053,Nicolás Contreras,2022-11-04,470,Corporativo,18,Teléfono,Norte,Tarapacá,2024-06-16,ORD-2025-01045,2024-02-17,Mismo Día,Baja,Completado,3534.84,Normal,467.4,Normal,13.22,Etiquetas Flex 8,8,Oficina,Etiquetas,Patagonia
C0053,Nicolás Contreras,2022-11-04,470,Corporativo,18,Teléfono,Norte,Tarapacá,2024-06-16,ORD-2025-01045,2024-02-17,Mismo Día,Media,Completado,3955.12,Normal,1994.56,Normal,50.43,Teléfonos Flex 10,8,Tecnología,Teléfonos,Lumen
C0053,Nicolás Contreras,2022-11-04,470,Corporativo,18,Teléfono,Norte,Tarapacá,2024-06-16,ORD-2025-01045,2024-02-17,Mismo Día,Alta,Completado,745.09,Normal,304.44,Normal,40.86,Libreros Plus 2,2,Muebles,Libreros,Vector
C0053,Nicolás Contreras,2022-11-04,470,Corporativo,18,Teléfono,Norte,Tarapacá,2024-06-16,ORD-2025-01045,2024-02-17,Mismo Día,Crítica,Completado,967.51,Normal,157.77,Normal,16.31,Libreros Pro 7,7,Muebles,Libreros,Nova
C0058,Nicolás Morales,2022-10-05,175,Home Office,48,Web,Norte,Coquimbo,2024-09-18,ORD-2025-01046,2023-03-29,Mismo Día,Baja,Enviado,2022.97,Normal,953.26,Normal,47.12,Almacenamiento Plus 5,4,Muebles,Almacenamiento,Nova
C0058,Nicolás Morales,2022-10-05,175,Home Office,48,Web,Norte,Coquimbo,2024-09-18,ORD-2025-01046,2023-03-29,Mismo Día,Alta,Enviado,744.06,Normal,261.14,Normal,35.1,Libreros Plus 1,1,Muebles,Libreros,Altura
C0058,Nicolás Morales,2022-10-05,175,Home Office,48,Web,Norte,Coquimbo,2024-09-18,ORD-2025-01046,2023-03-29,Mismo Día,Alta,Enviado,2270.72,Normal,440.28,Normal,19.39,Libreros Smart 9,4,Muebles,Libreros,Patagonia
C0277,Fernanda Torres,2023-07-25,-137,Home Office,87,App,Sur,Los Lagos,2024-05-03,ORD-2025-01047,2023-03-10,Segunda Clase,Media,Completado,4124.46,Normal,1043.44,Normal,25.3,Periféricos Eco 2,6,Tecnología,Periféricos,Vector
C0277,Fernanda Torres,2023-07-25,-137,Home Office,87,App,Sur,Los Lagos,2024-05-03,ORD-2025-01047,2023-03-10,Segunda Clase,Media,Completado,693.55,Normal,227.83,Normal,32.85,Periféricos Nova 7,3,Tecnología,Periféricos,Orion
C0277,Fernanda Torres,2023-07-25,-137,Home Office,87,App,Sur,Los Lagos,2024-05-03,ORD-2025-01047,2023-03-10,Segunda Clase,Baja,Completado,1600.82,Normal,255.97,Normal,15.99,Teléfonos Nova 3,8,Tecnología,Teléfonos,Lumen
C0035,Josefa Torres,2023-12-24,340,Home Office,17,App,Austral,Aysén,2024-11-06,ORD-2025-01048,2024-11-28,Mismo Día,Media,Completado,1200.88,Normal,659.32,Normal,54.9,Almacenamiento Eco 8,4,Muebles,Almacenamiento,Andes
C0035,Josefa Torres,2023-12-24,340,Home Office,17,App,Austral,Aysén,2024-11-06,ORD-2025-01048,2024-11-28,Mismo Día,Crítica,Completado,1136.89,Normal,529.11,Normal,46.54,Accesorios Flex 1,3,Tecnología,Accesorios,Alerce
C0035,Josefa Torres,2023-12-24,340,Home Office,17,App,Austral,Aysén,2024-11-06,ORD-2025-01048,2024-11-28,Mismo Día,Media,Completado,5077.57,Normal,1952.39,Normal,38.45,Computadores Pro 3,8,Tecnología,Computadores,Patagonia
C0035,Josefa Torres,2023-12-24,340,Home Office,17,App,Austral,Aysén,2024-11-06,ORD-2025-01048,2024-11-28,Mismo Día,Baja,Completado,5300.1,Normal,1145.22,Normal,21.61,Periféricos Nova 3,6,Tecnología,Periféricos,Altura
C0085,Ana Sepúlveda,2024-10-19,-330,Home Office,60,No Especificado,Sur,Los Ríos,2025-03-23,ORD-2025-01049,2023-11-24,Primera Clase,Baja,Completado,162.81,Normal,40.89,Normal,25.12,Periféricos Smart 1,1,Tecnología,Periféricos,Andes
C0275,Carlos López,2022-11-26,613,Corporativo,28,Teléfono,Centro,Maule,2024-02-09,ORD-2025-01050,2024-07-31,Segunda Clase,Baja,Completado,2607.81,Normal,743.77,Normal,28.52,Libreros Plus 2,8,Muebles,Libreros,Vector
C0275,Carlos López,2022-11-26,613,Corporativo,28,Teléfono,Centro,Maule,2024-02-09,ORD-2025-01050,2024-07-31,Segunda Clase,Crítica,Completado,3896.5,Normal,1983.0,Normal,50.89,Teléfonos Pro 6,5,Tecnología,Teléfonos,Orion
C0259,Catalina Flores,2021-09-14,873,Corporativo,88,Teléfono,Austral,Magallanes,2024-06-18,ORD-2025-01051,2024-02-04,Estándar,Alta,Completado,845.34,Normal,428.1,Normal,50.64,Accesorios Nova 7,3,Tecnología,Accesorios,Alerce
C0149,Sebastián Soto,2021-09-28,960,Consumidor,77,Teléfono,Centro,Maule,2024-08-01,ORD-2025-01052,2024-05-15,Primera Clase,Crítica,Devuelto,4277.22,Normal,100.41,Normal,2.35,Etiquetas Smart 9,8,Oficina,Etiquetas,Patagonia
C0149,Sebastián Soto,2021-09-28,960,Consumidor,77,Teléfono,Centro,Maule,2024-08-01,ORD-2025-01052,2024-05-15,Primera Clase,Alta,Devuelto,988.78,Normal,181.01,Normal,18.31,Sobres Plus 10,2,Oficina,Sobres,Altura
C0149,Sebastián Soto,2021-09-28,960,Consumidor,77,Teléfono,Centro,Maule,2024-08-01,ORD-2025-01052,2024-05-15,Primera Clase,Crítica,Devuelto,3065.98,Normal,541.73,Normal,17.67,Archivadores Flex 1,7,Oficina,Archivadores,Alerce
C0149,Sebastián Soto,2021-09-28,960,Consumidor,77,Teléfono,Centro,Maule,2024-08-01,ORD-2025-01052,2024-05-15,Primera Clase,Crítica,Devuelto,67.65,Normal,29.03,Normal,42.91,Archivadores Eco 9,8,Oficina,Archivadores,Orion
C0269,Javiera Soto,2023-11-21,-84,Corporativo,73,Correo,Sur,Los Ríos,2024-01-17,ORD-2025-01053,2023-08-29,Primera Clase,Crítica,Completado,3531.35,Normal,1345.95,Normal,38.11,Sobres Plus 10,5,Oficina,Sobres,Altura
C0269,Javiera Soto,2023-11-21,-84,Corporativo,73,Correo,Sur,Los Ríos,2024-01-17,ORD-2025-01053,2023-08-29,Primera Clase,Media,Completado,3966.29,Normal,1405.78,Normal,35.44,Papelería Eco 8,6,Oficina,Papelería,Patagonia
C0094,Jorge Fuentes,2024-02-12,-277,Corporativo,98,App,Norte,Antofagasta,2024-06-01,ORD-2025-01054,2023-05-11,Segunda Clase,Crítica,Enviado,117.37,Normal,26.25,Normal,22.37,Mesas Smart 9,1,Muebles,Mesas,Andes
C0125,Carlos Pérez,2022-08-21,564,Corporativo,63,Teléfono,Centro,O'Higgins,2024-05-01,ORD-2025-01055,2024-03-07,Estándar,Media,Completado,1783.34,Normal,681.72,Normal,38.23,Accesorios Flex 5,2,Tecnología,Accesorios,Vector
C0125,Carlos Pérez,2022-08-21,564,Corporativo,63,Teléfono,Centro,O'Higgins,2024-05-01,ORD-2025-01055,2024-03-07,Estándar,Media,Completado,82.52,Normal,21.59,Normal,26.16,Mesas Eco 4,1,Muebles,Mesas,Altura
C0125,Carlos Pérez,2022-08-21,564,Corporativo,63,Teléfono,Centro,O'Higgins,2024-05-01,ORD-2025-01055,2024-03-07,Estándar,Crítica,Completado,2816.65,Normal,540.41,Normal,19.19,Mesas Nova 2,6,Muebles,Mesas,Lumen
C0173,Fernanda Hernández,2023-05-02,491,Corporativo,50,Web,Centro,Metropolitana,2024-12-22,ORD-2025-01056,2024-09-04,Segunda Clase,Baja,Cancelado,982.53,Normal,352.89,Normal,35.92,Periféricos Nova 7,4,Tecnología,Periféricos,Orion
C0173,Fernanda Hernández,2023-05-02,491,Corporativo,50,Web,Centro,Metropolitana,2024-12-22,ORD-2025-01056,2024-09-04,Segunda Clase,Crítica,Cancelado,328.47,Normal,167.55,Normal,51.01,Almacenamiento Nova 7,3,Muebles,Almacenamiento,Altura
C0173,Fernanda Hernández,2023-05-02,491,Corporativo,50,Web,Centro,Metropolitana,2024-12-22,ORD-2025-01056,2024-09-04,Segunda Clase,Crítica,Cancelado,1575.65,Normal,656.24,Normal,41.65,Libreros Plus 1,2,Muebles,Libreros,Altura
C0199,Javiera Torres,2024-02-29,-134,Corporativo,97,Correo,Sur,Los Lagos,2025-03-02,ORD-2025-01057,2023-10-18,Estándar,Media,Enviado,361.22,Normal,19.45,Normal,5.38,Libreros Eco 4,3,Muebles,Libreros,Andes
C0266,Javiera Rodríguez,2024-02-25,-275,Home Office,50,Web,Norte,Antofagasta,2024-02-08,ORD-2025-01058,2023-05-26,Segunda Clase,Baja,Completado,1744.55,Normal,664.36,Normal,38.08,Papelería Flex 6,3,Oficina,Papelería,Andes
C0266,Javiera Rodríguez,2024-02-25,-275,Home Office,50,Web,Norte,Antofagasta,2024-02-08,ORD-2025-01058,2023-05-26,Segunda Clase,Baja,Completado,1053.36,Normal,357.93,Normal,33.98,Papelería Plus 9,3,Oficina,Papelería,Vector
C0266,Javiera Rodríguez,2024-02-25,-275,Home Office,50,Web,Norte,Antofagasta,2024-02-08,ORD-2025-01058,2023-05-26,Segunda Clase,Alta,Completado,1353.92,Normal,469.37,Normal,34.67,Teléfonos Flex 2,5,Tecnología,Teléfonos,Vector
C0266,Javiera Rodríguez,2024-02-25,-275,Home Office,50,Web,Norte,Antofagasta,2024-02-08,ORD-2025-01058,2023-05-26,Segunda Clase,Media,Completado,97.53,Normal,37.26,Normal,38.2,Almacenamiento Eco 6,1,Muebles,Almacenamiento,Patagonia
C0254,Isidora Rojas,2022-09-26,214,Consumidor,71,Correo,Sur,Biobío,2024-01-29,ORD-2025-01059,2023-04-28,Estándar,Media,Completado,1116.38,Normal,399.63,Normal,35.8,Periféricos Smart 1,6,Tecnología,Periféricos,Andes
C0254,Isidora Rojas,2022-09-26,214,Consumidor,71,Correo,Sur,Biobío,2024-01-29,ORD-2025-01059,2023-04-28,Estándar,Baja,Completado,1156.48,Normal,308.68,Normal,26.69,Sillas Smart 9,4,Muebles,Sillas,Orion
C0030,Sebastián Soto,2023-08-06,522,Corporativo,19,App,Sur,Los Ríos,2024-05-31,ORD-2025-01060,2025-01-09,Segunda Clase,Alta,Completado,345.54,Normal,127.48,Normal,36.89,Libreros Pro 7,2,Muebles,Libreros,Nova
C0030,Sebastián Soto,2023-08-06,522,Corporativo,19,App,Sur,Los Ríos,2024-05-31,ORD-2025-01060,2025-01-09,Segunda Clase,Media,Completado,60.32,Normal,25.38,Normal,42.08,Etiquetas Nova 10,1,Oficina,Etiquetas,Orion
C0030,Sebastián Soto,2023-08-06,522,Corporativo,19,App,Sur,Los Ríos,2024-05-31,ORD-2025-01060,2025-01-09,Segunda Clase,Media,Completado,3523.0,Normal,1494.85,Normal,42.43,Sillas Smart 3,5,Muebles,Sillas,Altura
C0030,Sebastián Soto,2023-08-06,522,Corporativo,19,App,Sur,Los Ríos,2024-05-31,ORD-2025-01060,2025-01-09,Segunda Clase,Alta,Completado,751.55,Normal,376.94,Normal,50.16,Almacenamiento Plus 10,1,Muebles,Almacenamiento,Patagonia
C0113,Martina Sepúlveda,2023-04-05,554,Home Office,74,Teléfono,Norte,Antofagasta,2024-05-05,ORD-2025-01061,2024-10-10,Mismo Día,Media,Completado,667.86,Normal,197.81,Normal,29.62,Libreros Smart 9,1,Muebles,Libreros,Patagonia
C0113,Martina Sepúlveda,2023-04-05,554,Home Office,74,Teléfono,Norte,Antofagasta,2024-05-05,ORD-2025-01061,2024-10-10,Mismo Día,Alta,Completado,5182.59,Normal,1503.6,Normal,29.01,Papelería Flex 7,7,Oficina,Papelería,Andes
C0235,María Hernández,2022-08-24,844,Consumidor,15,App,Austral,Aysén,2024-12-11,ORD-2025-01062,2024-12-15,Primera Clase,Media,Enviado,1356.16,Normal,362.02,Normal,26.69,Accesorios Nova 10,2,Tecnología,Accesorios,Andes
C0235,María Hernández,2022-08-24,844,Consumidor,15,App,Austral,Aysén,2024-12-11,ORD-2025-01062,2024-12-15,Primera Clase,Crítica,Enviado,2961.48,Normal,859.2,Normal,29.01,Papelería Flex 7,4,Oficina,Papelería,Andes
C0255,Javiera Fuentes,2021-06-01,786,Home Office,50,No Especificado,Sur,Los Ríos,2024-01-05,ORD-2025-01063,2023-07-27,Estándar,Media,Devuelto,3532.45,Normal,1549.85,Normal,43.87,Archivadores Pro 6,5,Oficina,Archivadores,Patagonia
C0243,Nicolás López,2023-11-17,97,Corporativo,13,App,Austral,Magallanes,2024-07-22,ORD-2025-01064,2024-02-22,Estándar,Crítica,Completado,4632.88,Normal,1919.68,Normal,41.44,Mesas Plus 5,8,Muebles,Mesas,Vector
C0243,Nicolás López,2023-11-17,97,Corporativo,13,App,Austral,Magallanes,2024-07-22,ORD-2025-01064,2024-02-22,Estándar,Media,Completado,270.41,Normal,95.07,Normal,35.16,Mesas Smart 1,3,Muebles,Mesas,Orion
C0243,Nicolás López,2023-11-17,97,Corporativo,13,App,Austral,Magallanes,2024-07-22,ORD-2025-01064,2024-02-22,Estándar,Crítica,Completado,3615.9,Normal,965.94,Normal,26.71,Mesas Flex 6,6,Muebles,Mesas,Orion
C0243,Nicolás López,2023-11-17,97,Corporativo,13,App,Austral,Magallanes,2024-07-22,ORD-2025-01064,2024-02-22,Estándar,Media,Completado,1278.92,Normal,57.41,Normal,4.49,Sobres Smart 3,3,Oficina,Sobres,Patagonia
C0082,María Muñoz,2022-05-22,412,Consumidor,12,App,Centro,Maule,2024-08-17,ORD-2025-01065,2023-07-08,Estándar,Alta,Completado,1645.49,Normal,380.45,Normal,23.12,Mesas Nova 8,7,Muebles,Mesas,Andes
C0082,María Muñoz,2022-05-22,412,Consumidor,12,App,Centro,Maule,2024-08-17,ORD-2025-01065,2023-07-08,Estándar,Media,Completado,1293.66,Normal,651.42,Normal,50.35,Computadores Pro 2,3,Tecnología,Computadores,Altura
C0163,Camila Silva,2021-10-30,1007,Corporativo,45,Web,Austral,Magallanes,2025-01-24,ORD-2025-01066,2024-08-02,Mismo Día,Crítica,Completado,2941.62,Normal,1127.6,Normal,38.33,Teléfonos Flex 10,7,Tecnología,Teléfonos,Lumen
C0163,Camila Silva,2021-10-30,1007,Corporativo,45,Web,Austral,Magallanes,2025-01-24,ORD-2025-01066,2024-08-02,Mismo Día,Media,Completado,1445.6,Normal,385.85,Normal,26.69,Sillas Smart 9,5,Muebles,Sillas,Orion
C0163,Camila Silva,2021-10-30,1007,Corporativo,45,Web,Austral,Magallanes,2025-01-24,ORD-2025-01066,2024-08-02,Mismo Día,Baja,Completado,4472.76,Normal,1055.82,Normal,23.61,Sobres Eco 7,6,Oficina,Sobres,Vector
C0163,Camila Silva,2021-10-30,1007,Corporativo,45,Web,Austral,Magallanes,2025-01-24,ORD-2025-01066,2024-08-02,Mismo Día,Baja,Completado,1160.25,Normal,327.15,Normal,28.2,Sobres Nova 8,5,Oficina,Sobres,Alerce
C0199,Javiera Torres,2024-02-29,-87,Corporativo,97,Correo,Sur,Los Lagos,2025-03-02,ORD-2025-01067,2023-12-04,Estándar,Baja,Completado,550.75,Normal,188.28,Normal,34.19,Almacenamiento Eco 6,6,Muebles,Almacenamiento,Patagonia
C0199,Javiera Torres,2024-02-29,-87,Corporativo,97,Correo,Sur,Los Lagos,2025-03-02,ORD-2025-01067,2023-12-04,Estándar,Alta,Completado,5342.88,Normal,1582.48,Normal,29.62,Libreros Smart 9,8,Muebles,Libreros,Patagonia
C0270,Ana Rojas,2023-11-02,133,Corporativo,40,Correo,Norte,Tarapacá,2025-03-11,ORD-2025-01068,2024-03-14,Estándar,Crítica,Enviado,2098.4,Normal,719.55,Normal,34.29,Periféricos Flex 4,5,Tecnología,Periféricos,Orion
C0270,Ana Rojas,2023-11-02,133,Corporativo,40,Correo,Norte,Tarapacá,2025-03-11,ORD-2025-01068,2024-03-14,Estándar,Baja,Enviado,4685.06,Normal,1214.15,Normal,25.92,Almacenamiento Nova 2,8,Muebles,Almacenamiento,Patagonia
C0120,Fernanda Díaz,2023-11-20,334,Corporativo,94,Web,Centro,Valparaíso,2024-04-29,ORD-2025-01069,2024-10-19,Estándar,Baja,Completado,459.1,Normal,74.67,Normal,16.26,Archivadores Pro 4,3,Oficina,Archivadores,Alerce
C0260,Antonia Soto,2024-04-04,-59,Home Office,31,App,Sur,Los Lagos,2025-03-15,ORD-2025-01070,2024-02-05,Segunda Clase,Media,Completado,2964.9,Normal,698.7,Normal,23.57,Mesas Nova 2,6,Muebles,Mesas,Lumen
C0117,Sebastián Torres,2023-08-21,-39,Consumidor,62,Teléfono,Centro,Metropolitana,2025-01-21,ORD-2025-01071,2023-07-13,Estándar,Crítica,Enviado,54.1,Normal,24.86,Normal,45.95,Sobres Pro 4,1,Oficina,Sobres,Vector
C0117,Sebastián Torres,2023-08-21,-39,Consumidor,62,Teléfono,Centro,Metropolitana,2025-01-21,ORD-2025-01071,2023-07-13,Estándar,Alta,Enviado,2363.44,Normal,1289.68,Normal,54.57,Papelería Eco 2,4,Oficina,Papelería,Orion
C0089,Sofía Fuentes,2023-12-05,56,Consumidor,88,Teléfono,Norte,Tarapacá,2024-10-02,ORD-2025-01072,2024-01-30,Mismo Día,Alta,Completado,4376.8,Normal,2058.05,Ganancia Atípica,47.02,Libreros Plus 1,5,Muebles,Libreros,Altura
C0089,Sofía Fuentes,2023-12-05,56,Consumidor,88,Teléfono,Norte,Tarapacá,2024-10-02,ORD-2025-01072,2024-01-30,Mismo Día,Alta,Completado,270.92,Normal,43.57,Normal,16.08,Libreros Eco 4,2,Muebles,Libreros,Andes
C0209,Benjamín Castillo,2022-11-14,742,Consumidor,84,Web,Norte,Tarapacá,2024-03-12,ORD-2025-01073,2024-11-25,Mismo Día,Alta,Completado,1967.61,Normal,404.66,Normal,20.57,Etiquetas Eco 1,4,Oficina,Etiquetas,Nova
C0209,Benjamín Castillo,2022-11-14,742,Consumidor,84,Web,Norte,Tarapacá,2024-03-12,ORD-2025-01073,2024-11-25,Mismo Día,Baja,Completado,2251.55,Normal,329.45,Normal,14.63,Sillas Plus 8,4,Muebles,Sillas,Orion
C0209,Benjamín Castillo,2022-11-14,742,Consumidor,84,Web,Norte,Tarapacá,2024-03-12,ORD-2025-01073,2024-11-25,Mismo Día,Crítica,Completado,4912.32,Normal,1771.96,Normal,36.07,Periféricos Nova 6,7,Tecnología,Periféricos,Patagonia
C0209,Benjamín Castillo,2022-11-14,742,Consumidor,84,Web,Norte,Tarapacá,2024-03-12,ORD-2025-01073,2024-11-25,Mismo Día,Alta,Completado,305.53,Normal,125.04,Normal,40.93,Sillas Pro 6,4,Muebles,Sillas,Nova
C0288,Martina Contreras,2023-09-29,488,Home Office,71,Teléfono,Centro,Metropolitana,2025-03-05,ORD-2025-01074,2025-01-29,Mismo Día,Crítica,Completado,295.57,Normal,65.39,Normal,22.12,Etiquetas Nova 10,7,Oficina,Etiquetas,Orion
C0288,Martina Contreras,2023-09-29,488,Home Office,71,Teléfono,Centro,Metropolitana,2025-03-05,ORD-2025-01074,2025-01-29,Mismo Día,Baja,Completado,329.16,Normal,122.9,Normal,37.34,Etiquetas Pro 7,5,Oficina,Etiquetas,Orion
C0236,Fernanda Sepúlveda,2023-03-27,399,Home Office,42,Correo,Centro,Maule,2025-02-16,ORD-2025-01075,2024-04-29,Primera Clase,Alta,Completado,70.29,Normal,35.06,Normal,49.88,Archivadores Eco 9,7,Oficina,Archivadores,Orion
C0236,Fernanda Sepúlveda,2023-03-27,399,Home Office,42,Correo,Centro,Maule,2025-02-16,ORD-2025-01075,2024-04-29,Primera Clase,Alta,Completado,758.75,Normal,-34.58,Normal,-4.56,Periféricos Nova 9,4,Tecnología,Periféricos,Vector
C0275,Carlos López,2022-11-26,68,Corporativo,28,Teléfono,Centro,Maule,2024-02-09,ORD-2025-01076,2023-02-02,Estándar,Media,Completado,295.62,Normal,136.01,Normal,46.01,Almacenamiento Nova 7,3,Muebles,Almacenamiento,Altura
C0005,Daniela Rodríguez,2023-01-29,24,Consumidor,36,Teléfono,Austral,Magallanes,2024-04-08,ORD-2025-01077,2023-02-22,Segunda Clase,Crítica,Cancelado,4252.58,Normal,552.84,Normal,13.0,Papelería Plus 10,8,Oficina,Papelería,Orion
C0073,Sebastián Fuentes,2024-01-17,223,Corporativo,63,Correo,Austral,Aysén,2024-02-02,ORD-2025-01078,2024-08-27,Estándar,Alta,Completado,6039.46,Normal,2831.57,Ganancia Atípica,46.88,Accesorios Flex 9,7,Tecnología,Accesorios,Patagonia
C0057,Luis Fuentes,2023-12-01,28,Consumidor,56,App,Sur,Los Lagos,2024-09-07,ORD-2025-01079,2023-12-29,Estándar,Alta,Completado,2604.78,Normal,549.48,Normal,21.1,Accesorios Plus 3,3,Tecnología,Accesorios,Altura
C0057,Luis Fuentes,2023-12-01,28,Consumidor,56,App,Sur,Los Lagos,2024-09-07,ORD-2025-01079,2023-12-29,Estándar,Alta,Completado,1390.4,Normal,750.44,Normal,53.97,Computadores Flex 10,2,Tecnología,Computadores,Alerce
C0057,Luis Fuentes,2023-12-01,28,Consumidor,56,App,Sur,Los Lagos,2024-09-07,ORD-2025-01079,2023-12-29,Estándar,Alta,Completado,40.17,Normal,19.95,Normal,49.66,Archivadores Eco 9,4,Oficina,Archivadores,Orion
C0097,Sebastián Flores,2022-12-22,90,Corporativo,44,Correo,Centro,Maule,2024-09-29,ORD-2025-01080,2023-03-22,Estándar,Media,Cancelado,4464.06,Normal,1218.12,Normal,27.29,Papelería Smart 5,6,Oficina,Papelería,Alerce
C0097,Sebastián Flores,2022-12-22,90,Corporativo,44,Correo,Centro,Maule,2024-09-29,ORD-2025-01080,2023-03-22,Estándar,Alta,Cancelado,2964.9,Normal,698.7,Normal,23.57,Mesas Nova 2,6,Muebles,Mesas,Lumen
C0077,Paula Morales,2024-10-22,-96,Home Office,31,Correo,Centro,Maule,2024-04-02,ORD-2025-01081,2024-07-18,Segunda Clase,Media,Completado,593.73,Normal,78.3,Normal,13.19,Teléfonos Plus 5,1,Tecnología,Teléfonos,Nova
C0077,Paula Morales,2024-10-22,-96,Home Office,31,Correo,Centro,Maule,2024-04-02,ORD-2025-01081,2024-07-18,Segunda Clase,Baja,Completado,4531.45,Normal,532.87,Normal,11.76,Almacenamiento Flex 1,6,Muebles,Almacenamiento,Patagonia
C0077,Paula Morales,2024-10-22,-96,Home Office,31,Correo,Centro,Maule,2024-04-02,ORD-2025-01081,2024-07-18,Segunda Clase,Baja,Completado,2937.76,Normal,1007.37,Normal,34.29,Periféricos Flex 4,7,Tecnología,Periféricos,Orion
C0300,Camila Díaz,2021-11-29,635,Corporativo,92,Correo,Sur,Los Lagos,2024-12-04,ORD-2025-01082,2023-08-26,Primera Clase,Crítica,Completado,432.66,Normal,15.65,Normal,3.62,Sillas Eco 1,4,Muebles,Sillas,Vector
C0300,Camila Díaz,2021-11-29,635,Corporativo,92,Correo,Sur,Los Lagos,2024-12-04,ORD-2025-01082,2023-08-26,Primera Clase,Baja,Completado,5490.24,Normal,1720.16,Normal,31.33,Teléfonos Flex 8,8,Tecnología,Teléfonos,Patagonia
C0300,Camila Díaz,2021-11-29,635,Corporativo,92,Correo,Sur,Los Lagos,2024-12-04,ORD-2025-01082,2023-08-26,Primera Clase,Alta,Completado,627.15,Normal,143.05,Normal,22.81,Mesas Eco 4,8,Muebles,Mesas,Altura
C0198,Valentina Contreras,2024-05-18,-406,Consumidor,93,App,Centro,Metropolitana,2024-07-13,ORD-2025-01083,2023-04-08,Mismo Día,Baja,Completado,1499.69,Normal,661.67,Normal,44.12,Archivadores Flex 3,3,Oficina,Archivadores,Vector
C0198,Valentina Contreras,2024-05-18,-406,Consumidor,93,App,Centro,Metropolitana,2024-07-13,ORD-2025-01083,2023-04-08,Mismo Día,Baja,Completado,5553.59,Normal,2787.96,Ganancia Atípica,50.2,Computadores Pro 3,7,Tecnología,Computadores,Patagonia
C0198,Valentina Contreras,2024-05-18,-406,Consumidor,93,App,Centro,Metropolitana,2024-07-13,ORD-2025-01083,2023-04-08,Mismo Día,Baja,Completado,2303.04,Normal,982.83,Normal,42.68,Libreros Smart 6,8,Muebles,Libreros,Lumen
C0198,Valentina Contreras,2024-05-18,-406,Consumidor,93,App,Centro,Metropolitana,2024-07-13,ORD-2025-01083,2023-04-08,Mismo Día,Crítica,Completado,2316.44,Normal,959.84,Normal,41.44,Mesas Plus 5,4,Muebles,Mesas,Vector
C0124,Tomás González,2023-04-16,-85,Home Office,38,Web,Sur,Los Ríos,2025-02-23,ORD-2025-01084,2023-01-21,Primera Clase,Baja,Cancelado,5651.92,Normal,2479.76,Ganancia Atípica,43.87,Archivadores Pro 6,8,Oficina,Archivadores,Patagonia
C0124,Tomás González,2023-04-16,-85,Home Office,38,Web,Sur,Los Ríos,2025-02-23,ORD-2025-01084,2023-01-21,Primera Clase,Media,Cancelado,3697.92,Normal,1844.34,Normal,49.88,Archivadores Nova 2,6,Oficina,Archivadores,Alerce
C0124,Tomás González,2023-04-16,-85,Home Office,38,Web,Sur,Los Ríos,2025-02-23,ORD-2025-01084,2023-01-21,Primera Clase,Baja,Cancelado,1137.05,Normal,23.81,Normal,2.09,Sobres Nova 8,7,Oficina,Sobres,Alerce
C0124,Tomás González,2023-04-16,-85,Home Office,38,Web,Sur,Los Ríos,2025-02-23,ORD-2025-01084,2023-01-21,Primera Clase,Baja,Cancelado,2856.13,Normal,1240.02,Normal,43.42,Computadores Pro 3,4,Tecnología,Computadores,Patagonia
C0158,Catalina Díaz,2024-06-14,-16,Corporativo,45,Correo,Centro,Metropolitana,2024-01-27,ORD-2025-01085,2024-05-29,Primera Clase,Media,Completado,1011.33,Normal,178.06,Normal,17.61,Accesorios Plus 8,3,Tecnología,Accesorios,Andes
C0158,Catalina Díaz,2024-06-14,-16,Corporativo,45,Correo,Centro,Metropolitana,2024-01-27,ORD-2025-01085,2024-05-29,Primera Clase,Media,Completado,2100.14,Normal,278.91,Normal,13.28,Mesas Nova 2,5,Muebles,Mesas,Lumen
C0284,Sebastián Contreras,2023-10-25,-118,Corporativo,17,Correo,Austral,Aysén,2024-02-10,ORD-2025-01086,2023-06-29,Primera Clase,Media,Completado,2930.89,Normal,-132.74,Normal,-4.53,Sillas Plus 7,6,Muebles,Sillas,Andes
C0284,Sebastián Contreras,2023-10-25,-118,Corporativo,17,Correo,Austral,Aysén,2024-02-10,ORD-2025-01086,2023-06-29,Primera Clase,Alta,Completado,600.44,Normal,329.66,Normal,54.9,Almacenamiento Eco 8,2,Muebles,Almacenamiento,Andes
C0284,Sebastián Contreras,2023-10-25,-118,Corporativo,17,Correo,Austral,Aysén,2024-02-10,ORD-2025-01086,2023-06-29,Primera Clase,Media,Completado,103.27,Normal,40.9,Normal,39.6,Almacenamiento Eco 6,1,Muebles,Almacenamiento,Patagonia
C0284,Sebastián Contreras,2023-10-25,-118,Corporativo,17,Correo,Austral,Aysén,2024-02-10,ORD-2025-01086,2023-06-29,Primera Clase,Media,Completado,250.55,Normal,77.32,Normal,30.86,Sobres Pro 5,2,Oficina,Sobres,Alerce
C0224,Constanza Morales,2021-10-09,1078,Consumidor,46,Web,Norte,Antofagasta,2024-11-12,ORD-2025-01087,2024-09-21,Segunda Clase,Crítica,Enviado,931.36,Normal,460.42,Normal,49.44,Libreros Plus 2,2,Muebles,Libreros,Vector
C0224,Constanza Morales,2021-10-09,1078,Consumidor,46,Web,Norte,Antofagasta,2024-11-12,ORD-2025-01087,2024-09-21,Segunda Clase,Crítica,Enviado,735.6,Normal,-70.11,Normal,-9.53,Teléfonos Eco 9,2,Tecnología,Teléfonos,Andes
C0224,Constanza Morales,2021-10-09,1078,Consumidor,46,Web,Norte,Antofagasta,2024-11-12,ORD-2025-01087,2024-09-21,Segunda Clase,Media,Enviado,4645.14,Normal,1734.84,Normal,37.35,Sobres Flex 6,6,Oficina,Sobres,Patagonia
C0224,Constanza Morales,2021-10-09,1078,Consumidor,46,Web,Norte,Antofagasta,2024-11-12,ORD-2025-01087,2024-09-21,Segunda Clase,Media,Enviado,180.96,Normal,76.14,Normal,42.08,Etiquetas Nova 10,3,Oficina,Etiquetas,Orion
C0043,Carlos Pérez,2021-08-25,1255,Corporativo,80,Web,Austral,Magallanes,2024-11-01,ORD-2025-01088,2025-01-31,Segunda Clase,Baja,Completado,367.17,Normal,117.58,Normal,32.02,Almacenamiento Eco 6,4,Muebles,Almacenamiento,Patagonia
C0165,Gabriel Silva,2022-10-26,520,Home Office,32,Web,Sur,Los Ríos,2024-10-13,ORD-2025-01089,2024-03-29,Mismo Día,Crítica,Completado,178.23,Normal,43.31,Normal,24.3,Sillas Pro 6,3,Muebles,Sillas,Nova
C0150,Constanza Soto,2023-09-14,98,Corporativo,53,Teléfono,Sur,La Araucanía,2024-09-28,ORD-2025-01090,2023-12-21,Estándar,Baja,Completado,1784.7,Normal,423.2,Normal,23.71,Accesorios Plus 8,5,Tecnología,Accesorios,Andes
C0150,Constanza Soto,2023-09-14,98,Corporativo,53,Teléfono,Sur,La Araucanía,2024-09-28,ORD-2025-01090,2023-12-21,Estándar,Crítica,Completado,1815.6,Normal,638.1,Normal,35.15,Etiquetas Nova 4,3,Oficina,Etiquetas,Altura
C0267,Carlos Martínez,2022-05-23,472,Corporativo,22,App,Sur,Los Ríos,2024-05-23,ORD-2025-01091,2023-09-07,Segunda Clase,Alta,Completado,3545.16,Normal,1934.52,Normal,54.57,Papelería Eco 2,6,Oficina,Papelería,Orion
C0267,Carlos Martínez,2022-05-23,472,Corporativo,22,App,Sur,Los Ríos,2024-05-23,ORD-2025-01091,2023-09-07,Segunda Clase,Baja,Completado,2101.07,Normal,517.31,Normal,24.62,Libreros Pro 5,7,Muebles,Libreros,Nova
C0267,Carlos Martínez,2022-05-23,472,Corporativo,22,App,Sur,Los Ríos,2024-05-23,ORD-2025-01091,2023-09-07,Segunda Clase,Media,Completado,209.32,Normal,100.85,Normal,48.18,Periféricos Smart 1,1,Tecnología,Periféricos,Andes
C0140,Ignacio López,2024-10-31,-252,Home Office,73,App,Centro,Maule,2024-07-28,ORD-2025-01092,2024-02-22,Primera Clase,Baja,Completado,1903.4,Normal,481.68,Normal,25.31,Libreros Smart 9,3,Muebles,Libreros,Patagonia
C0023,Ana Espinoza,2022-04-17,336,Home Office,10,App,Norte,Antofagasta,2024-12-07,ORD-2025-01093,2023-03-19,Mismo Día,Alta,Completado,1878.54,Normal,1017.06,Normal,54.14,Accesorios Nova 7,6,Tecnología,Accesorios,Alerce
C0193,Paula Fuentes,2021-08-24,556,Corporativo,12,Correo,Centro,Valparaíso,2024-10-10,ORD-2025-01094,2023-03-03,Estándar,Media,Completado,1703.04,Normal,257.3,Normal,15.11,Libreros Smart 9,3,Muebles,Libreros,Patagonia
C0193,Paula Fuentes,2021-08-24,556,Corporativo,12,Correo,Centro,Valparaíso,2024-10-10,ORD-2025-01094,2023-03-03,Estándar,Crítica,Completado,3566.68,Normal,1363.44,Normal,38.23,Accesorios Flex 5,4,Tecnología,Accesorios,Vector
C0268,Paula Castillo,2022-05-24,346,Corporativo,51,App,Sur,La Araucanía,2024-10-15,ORD-2025-01095,2023-05-05,Mismo Día,Crítica,Completado,325.61,Normal,72.16,Normal,22.16,Periféricos Smart 1,2,Tecnología,Periféricos,Andes
C0007,Daniela López,2024-08-03,-103,Corporativo,97,App,Sur,Los Ríos,2024-07-26,ORD-2025-01096,2024-04-22,Mismo Día,Media,Completado,807.35,Normal,404.48,Normal,50.1,Computadores Nova 4,1,Tecnología,Computadores,Vector
C0007,Daniela López,2024-08-03,-103,Corporativo,97,App,Sur,Los Ríos,2024-07-26,ORD-2025-01096,2024-04-22,Mismo Día,Crítica,Completado,2758.65,Normal,950.5,Normal,34.46,Teléfonos Plus 1,5,Tecnología,Teléfonos,Lumen
C0007,Daniela López,2024-08-03,-103,Corporativo,97,App,Sur,Los Ríos,2024-07-26,ORD-2025-01096,2024-04-22,Mismo Día,Media,Completado,521.82,Normal,-13.15,Normal,-2.52,Sobres Eco 7,1,Oficina,Sobres,Vector
C0007,Daniela López,2024-08-03,-103,Corporativo,97,App,Sur,Los Ríos,2024-07-26,ORD-2025-01096,2024-04-22,Mismo Día,Alta,Completado,4588.26,Normal,1355.7,Normal,29.55,Periféricos Nova 5,6,Tecnología,Periféricos,Orion
C0054,Catalina Araya,2024-10-23,-477,Corporativo,13,Teléfono,Sur,La Araucanía,2024-08-14,ORD-2025-01097,2023-07-04,Estándar,Alta,Completado,1096.22,Normal,329.35,Normal,30.04,Sobres Smart 3,2,Oficina,Sobres,Patagonia
C0186,Sebastián Torres,2023-06-25,90,Home Office,44,Correo,Austral,Magallanes,2025-03-05,ORD-2025-01098,2023-09-23,Mismo Día,Crítica,Completado,483.26,Normal,223.58,Normal,46.26,Sillas Nova 10,2,Muebles,Sillas,Lumen
C0186,Sebastián Torres,2023-06-25,90,Home Office,44,Correo,Austral,Magallanes,2025-03-05,ORD-2025-01098,2023-09-23,Mismo Día,Baja,Completado,1544.84,Normal,112.59,Normal,7.29,Teléfonos Plus 1,4,Tecnología,Teléfonos,Lumen
C0186,Sebastián Torres,2023-06-25,90,Home Office,44,Correo,Austral,Magallanes,2025-03-05,ORD-2025-01098,2023-09-23,Mismo Día,Media,Completado,2457.84,Normal,835.17,Normal,33.98,Papelería Plus 9,7,Oficina,Papelería,Vector
C0300,Camila Díaz,2021-11-29,760,Corporativo,92,Correo,Sur,Los Lagos,2024-12-04,ORD-2025-01099,2023-12-29,Mismo Día,Crítica,Enviado,3066.76,Normal,1181.68,Normal,38.53,Libreros Eco 10,4,Muebles,Libreros,Andes
C0300,Camila Díaz,2021-11-29,760,Corporativo,92,Correo,Sur,Los Lagos,2024-12-04,ORD-2025-01099,2023-12-29,Mismo Día,Crítica,Enviado,317.44,Normal,167.84,Normal,52.87,Computadores Flex 7,8,Tecnología,Computadores,Alerce
C0300,Camila Díaz,2021-11-29,760,Corporativo,92,Correo,Sur,Los Lagos,2024-12-04,ORD-2025-01099,2023-12-29,Mismo Día,Media,Enviado,3532.45,Normal,1549.85,Normal,43.87,Archivadores Pro 6,5,Oficina,Archivadores,Patagonia
C0300,Camila Díaz,2021-11-29,760,Corporativo,92,Correo,Sur,Los Lagos,2024-12-04,ORD-2025-01099,2023-12-29,Mismo Día,Alta,Enviado,1848.52,Normal,559.13,Normal,30.25,Computadores Pro 8,5,Tecnología,Computadores,Lumen
C0153,Matías Martínez,2023-02-20,756,Home Office,23,No Especificado,Centro,Metropolitana,2024-06-18,ORD-2025-01100,2025-03-17,Mismo Día,Crítica,Completado,2229.2,Normal,1176.7,Normal,52.79,Accesorios Flex 1,5,Tecnología,Accesorios,Alerce
C0153,Matías Martínez,2023-02-20,756,Home Office,23,No Especificado,Centro,Metropolitana,2024-06-18,ORD-2025-01100,2025-03-17,Mismo Día,Baja,Completado,148.54,Normal,28.83,Normal,19.41,Mesas Eco 4,2,Muebles,Mesas,Altura
C0192,Luis Fuentes,2023-07-31,-21,Consumidor,50,Web,Norte,Tarapacá,2024-01-09,ORD-2025-01101,2023-07-10,Mismo Día,Alta,Completado,249.98,Normal,119.32,Normal,47.73,Computadores Flex 7,7,Tecnología,Computadores,Alerce
C0192,Luis Fuentes,2023-07-31,-21,Consumidor,50,Web,Norte,Tarapacá,2024-01-09,ORD-2025-01101,2023-07-10,Mismo Día,Crítica,Completado,1159.82,Normal,376.3,Normal,32.44,Sillas Nova 10,6,Muebles,Sillas,Lumen
C0192,Luis Fuentes,2023-07-31,-21,Consumidor,50,Web,Norte,Tarapacá,2024-01-09,ORD-2025-01101,2023-07-10,Mismo Día,Media,Completado,917.92,Normal,423.68,Normal,46.16,Almacenamiento Eco 6,8,Muebles,Almacenamiento,Patagonia
C0192,Luis Fuentes,2023-07-31,-21,Consumidor,50,Web,Norte,Tarapacá,2024-01-09,ORD-2025-01101,2023-07-10,Mismo Día,Crítica,Completado,401.26,Normal,190.02,Normal,47.36,Accesorios Flex 1,1,Tecnología,Accesorios,Alerce
C0117,Sebastián Torres,2023-08-21,179,Consumidor,62,Teléfono,Centro,Metropolitana,2025-01-21,ORD-2025-01102,2024-02-16,Segunda Clase,Baja,Enviado,105.24,Normal,28.62,Normal,27.19,Archivadores Smart 10,2,Oficina,Archivadores,Andes
C0117,Sebastián Torres,2023-08-21,179,Consumidor,62,Teléfono,Centro,Metropolitana,2025-01-21,ORD-2025-01102,2024-02-16,Segunda Clase,Baja,Enviado,1377.29,Normal,604.63,Normal,43.9,Sillas Nova 10,6,Muebles,Sillas,Lumen
C0136,María Silva,2022-08-12,193,Home Office,21,No Especificado,Centro,O'Higgins,2024-11-25,ORD-2025-01103,2023-02-21,Estándar,Baja,Completado,1293.66,Normal,651.42,Normal,50.35,Computadores Pro 2,3,Tecnología,Computadores,Altura
C0136,María Silva,2022-08-12,193,Home Office,21,No Especificado,Centro,O'Higgins,2024-11-25,ORD-2025-01103,2023-02-21,Estándar,Baja,Completado,691.08,Normal,254.96,Normal,36.89,Libreros Pro 7,4,Muebles,Libreros,Nova
C0136,María Silva,2022-08-12,193,Home Office,21,No Especificado,Centro,O'Higgins,2024-11-25,ORD-2025-01103,2023-02-21,Estándar,Crítica,Completado,1645.49,Normal,380.45,Normal,23.12,Mesas Nova 8,7,Muebles,Mesas,Andes
C0136,María Silva,2022-08-12,193,Home Office,21,No Especificado,Centro,O'Higgins,2024-11-25,ORD-2025-01103,2023-02-21,Estándar,Crítica,Completado,5073.12,Normal,1753.08,Normal,34.56,Sillas Smart 3,8,Muebles,Sillas,Altura
C0146,Javiera Silva,2022-12-23,604,Home Office,91,App,Austral,Aysén,2024-03-14,ORD-2025-01104,2024-08-18,Segunda Clase,Crítica,Completado,1402.74,Normal,634.45,Normal,45.23,Teléfonos Pro 6,2,Tecnología,Teléfonos,Orion
C0146,Javiera Silva,2022-12-23,604,Home Office,91,App,Austral,Aysén,2024-03-14,ORD-2025-01104,2024-08-18,Segunda Clase,Baja,Completado,2057.71,Normal,449.65,Normal,21.85,Etiquetas Pro 2,6,Oficina,Etiquetas,Vector
C0146,Javiera Silva,2022-12-23,604,Home Office,91,App,Austral,Aysén,2024-03-14,ORD-2025-01104,2024-08-18,Segunda Clase,Crítica,Completado,1777.04,Normal,422.06,Normal,23.75,Almacenamiento Flex 1,2,Muebles,Almacenamiento,Patagonia
C0146,Javiera Silva,2022-12-23,604,Home Office,91,App,Austral,Aysén,2024-03-14,ORD-2025-01104,2024-08-18,Segunda Clase,Baja,Completado,2218.22,Normal,693.1,Normal,31.25,Computadores Pro 8,6,Tecnología,Computadores,Lumen
C0209,Benjamín Castillo,2022-11-14,252,Consumidor,84,Web,Norte,Tarapacá,2024-03-12,ORD-2025-01105,2023-07-24,Primera Clase,Alta,Devuelto,564.17,Normal,44.39,Normal,7.87,Mesas Nova 8,3,Muebles,Mesas,Andes
C0209,Benjamín Castillo,2022-11-14,252,Consumidor,84,Web,Norte,Tarapacá,2024-03-12,ORD-2025-01105,2023-07-24,Primera Clase,Baja,Devuelto,1996.46,Normal,1049.24,Normal,52.56,Almacenamiento Eco 8,7,Muebles,Almacenamiento,Andes
C0209,Benjamín Castillo,2022-11-14,252,Consumidor,84,Web,Norte,Tarapacá,2024-03-12,ORD-2025-01105,2023-07-24,Primera Clase,Media,Devuelto,1353.92,Normal,677.68,Normal,50.05,Teléfonos Flex 2,4,Tecnología,Teléfonos,Vector
C0025,Jorge Martínez,2023-09-22,-148,Home Office,79,App,Centro,Valparaíso,2024-03-22,ORD-2025-01106,2023-04-27,Mismo Día,Media,Completado,2291.13,Normal,732.15,Normal,31.96,Computadores Plus 5,3,Tecnología,Computadores,Orion
C0025,Jorge Martínez,2023-09-22,-148,Home Office,79,App,Centro,Valparaíso,2024-03-22,ORD-2025-01106,2023-04-27,Mismo Día,Alta,Completado,156.79,Normal,36.32,Normal,23.16,Mesas Eco 4,2,Muebles,Mesas,Altura
C0025,Jorge Martínez,2023-09-22,-148,Home Office,79,App,Centro,Valparaíso,2024-03-22,ORD-2025-01106,2023-04-27,Mismo Día,Baja,Completado,764.71,Normal,225.95,Normal,29.55,Periféricos Nova 5,1,Tecnología,Periféricos,Orion
C0125,Carlos Pérez,2022-08-21,620,Corporativo,63,Teléfono,Centro,O'Higgins,2024-05-01,ORD-2025-01107,2024-05-02,Primera Clase,Media,Enviado,1457.89,Normal,586.59,Normal,40.24,Libreros Pro 5,4,Muebles,Libreros,Nova
C0125,Carlos Pérez,2022-08-21,620,Corporativo,63,Teléfono,Centro,O'Higgins,2024-05-01,ORD-2025-01107,2024-05-02,Primera Clase,Alta,Enviado,1391.68,Normal,545.98,Normal,39.23,Papelería Eco 8,2,Oficina,Papelería,Patagonia
C0125,Carlos Pérez,2022-08-21,620,Corporativo,63,Teléfono,Centro,O'Higgins,2024-05-01,ORD-2025-01107,2024-05-02,Primera Clase,Alta,Enviado,720.16,Normal,213.36,Normal,29.63,Archivadores Pro 4,4,Oficina,Archivadores,Alerce
C0176,Tomás Flores,2024-10-04,-534,Corporativo,62,Web,Centro,Metropolitana,2024-10-09,ORD-2025-01108,2023-04-19,Segunda Clase,Media,Completado,2871.61,Normal,151.58,Normal,5.28,Papelería Smart 1,5,Oficina,Papelería,Altura
C0055,Pedro Espinoza,2021-03-20,1490,Corporativo,86,Web,Norte,Coquimbo,2024-12-14,ORD-2025-01109,2025-04-18,Mismo Día,Alta,Completado,5182.34,Normal,2495.65,Ganancia Atípica,48.16,Teléfonos Pro 6,7,Tecnología,Teléfonos,Orion
C0184,Fernanda Soto,2022-10-01,356,Corporativo,82,Teléfono,Norte,Coquimbo,2025-02-15,ORD-2025-01110,2023-09-22,Primera Clase,Baja,Completado,1372.13,Normal,368.31,Normal,26.84,Teléfonos Nova 3,6,Tecnología,Teléfonos,Lumen
C0184,Fernanda Soto,2022-10-01,356,Corporativo,82,Teléfono,Norte,Coquimbo,2025-02-15,ORD-2025-01110,2023-09-22,Primera Clase,Crítica,Completado,1200.88,Normal,659.32,Normal,54.9,Almacenamiento Eco 8,4,Muebles,Almacenamiento,Andes
C0205,Martina Rojas,2024-08-16,-60,Home Office,15,App,Sur,Los Ríos,2025-01-13,ORD-2025-01111,2024-06-17,Estándar,Crítica,Enviado,3227.41,Normal,703.8,Normal,21.81,Papelería Plus 10,5,Oficina,Papelería,Orion
C0205,Martina Rojas,2024-08-16,-60,Home Office,15,App,Sur,Los Ríos,2025-01-13,ORD-2025-01111,2024-06-17,Estándar,Media,Enviado,3431.4,Normal,1075.1,Normal,31.33,Teléfonos Flex 8,5,Tecnología,Teléfonos,Patagonia
C0205,Martina Rojas,2024-08-16,-60,Home Office,15,App,Sur,Los Ríos,2025-01-13,ORD-2025-01111,2024-06-17,Estándar,Media,Enviado,437.19,Normal,139.24,Normal,31.85,Teléfonos Pro 4,8,Tecnología,Teléfonos,Alerce
C0205,Martina Rojas,2024-08-16,-60,Home Office,15,App,Sur,Los Ríos,2025-01-13,ORD-2025-01111,2024-06-17,Estándar,Baja,Enviado,1127.36,Normal,327.32,Normal,29.03,Sillas Smart 3,2,Muebles,Sillas,Altura
C0035,Josefa Torres,2023-12-24,-146,Home Office,17,App,Austral,Aysén,2024-11-06,ORD-2025-01112,2023-07-31,Mismo Día,Media,Completado,1397.04,Normal,690.63,Normal,49.44,Libreros Plus 2,3,Muebles,Libreros,Vector
C0151,María Pérez,2024-10-17,-644,Consumidor,81,Correo,Norte,Tarapacá,2024-07-17,ORD-2025-01113,2023-01-12,Segunda Clase,Media,Completado,2636.25,Normal,1214.65,Normal,46.07,Archivadores Plus 5,5,Oficina,Archivadores,Altura
C0151,María Pérez,2024-10-17,-644,Consumidor,81,Correo,Norte,Tarapacá,2024-07-17,ORD-2025-01113,2023-01-12,Segunda Clase,Media,Completado,484.16,Normal,83.25,Normal,17.19,Etiquetas Nova 4,1,Oficina,Etiquetas,Altura
C0095,Martina Torres,2021-02-05,1446,Corporativo,47,Web,Sur,Biobío,2024-12-10,ORD-2025-01114,2025-01-21,Estándar,Alta,Cancelado,3312.54,Normal,1588.83,Normal,47.96,Papelería Flex 4,5,Oficina,Papelería,Altura
C0284,Sebastián Contreras,2023-10-25,-20,Corporativo,17,Correo,Austral,Aysén,2024-02-10,ORD-2025-01115,2023-10-05,Segunda Clase,Alta,Completado,4341.54,Normal,1302.84,Normal,30.01,Periféricos Eco 2,6,Tecnología,Periféricos,Vector
C0284,Sebastián Contreras,2023-10-25,-20,Corporativo,17,Correo,Austral,Aysén,2024-02-10,ORD-2025-01115,2023-10-05,Segunda Clase,Baja,Completado,3069.07,Normal,747.47,Normal,24.35,Mesas Smart 7,7,Muebles,Mesas,Patagonia
C0284,Sebastián Contreras,2023-10-25,-20,Corporativo,17,Correo,Austral,Aysén,2024-02-10,ORD-2025-01115,2023-10-05,Segunda Clase,Crítica,Completado,5455.1,Normal,2776.2,Ganancia Atípica,50.89,Teléfonos Pro 6,7,Tecnología,Teléfonos,Orion
C0141,Daniela Martínez,2022-06-07,216,Corporativo,69,Web,Norte,Tarapacá,2024-06-02,ORD-2025-01116,2023-01-09,Primera Clase,Alta,Completado,1451.05,Normal,412.72,Normal,28.44,Computadores Plus 5,2,Tecnología,Computadores,Orion
C0141,Daniela Martínez,2022-06-07,216,Corporativo,69,Web,Norte,Tarapacá,2024-06-02,ORD-2025-01116,2023-01-09,Primera Clase,Baja,Completado,2003.43,Normal,681.52,Normal,34.02,Periféricos Eco 10,3,Tecnología,Periféricos,Andes
C0141,Daniela Martínez,2022-06-07,216,Corporativo,69,Web,Norte,Tarapacá,2024-06-02,ORD-2025-01116,2023-01-09,Primera Clase,Baja,Completado,695.84,Normal,272.99,Normal,39.23,Papelería Eco 8,1,Oficina,Papelería,Patagonia
C0037,Carlos Espinoza,2024-03-31,-428,Consumidor,89,Web,Austral,Aysén,2024-10-08,ORD-2025-01117,2023-01-28,Primera Clase,Crítica,Completado,2541.26,Normal,889.88,Normal,35.02,Accesorios Flex 5,3,Tecnología,Accesorios,Vector
C0037,Carlos Espinoza,2024-03-31,-428,Consumidor,89,Web,Austral,Aysén,2024-10-08,ORD-2025-01117,2023-01-28,Primera Clase,Alta,Completado,4218.55,Normal,1126.93,Normal,26.71,Mesas Flex 6,7,Muebles,Mesas,Orion
C0120,Fernanda Díaz,2023-11-20,-86,Corporativo,94,Web,Centro,Valparaíso,2024-04-29,ORD-2025-01118,2023-08-26,Estándar,Alta,Completado,285.21,Normal,148.12,Normal,51.93,Almacenamiento Eco 8,1,Muebles,Almacenamiento,Andes
C0120,Fernanda Díaz,2023-11-20,-86,Corporativo,94,Web,Centro,Valparaíso,2024-04-29,ORD-2025-01118,2023-08-26,Estándar,Crítica,Completado,1279.25,Normal,462.35,Normal,36.14,Teléfonos Plus 7,5,Tecnología,Teléfonos,Alerce
C0218,Andrés Espinoza,2023-08-04,474,Corporativo,58,Teléfono,Centro,Maule,2024-03-11,ORD-2025-01119,2024-11-20,Mismo Día,Alta,Completado,2874.7,Normal,884.83,Normal,30.78,Etiquetas Nova 4,5,Oficina,Etiquetas,Altura
C0218,Andrés Espinoza,2023-08-04,474,Corporativo,58,Teléfono,Centro,Maule,2024-03-11,ORD-2025-01119,2024-11-20,Mismo Día,Crítica,Completado,269.82,Normal,127.79,Normal,47.36,Computadores Flex 7,8,Tecnología,Computadores,Alerce
C0224,Constanza Morales,2021-10-09,1075,Consumidor,46,Web,Norte,Antofagasta,2024-11-12,ORD-2025-01120,2024-09-18,Primera Clase,Media,Completado,3768.51,Normal,1775.01,Normal,47.1,Computadores Pro 3,5,Tecnología,Computadores,Patagonia
C0224,Constanza Morales,2021-10-09,1075,Consumidor,46,Web,Norte,Antofagasta,2024-11-12,ORD-2025-01120,2024-09-18,Primera Clase,Crítica,Completado,616.16,Normal,233.44,Normal,37.89,Sillas Nova 10,3,Muebles,Sillas,Lumen
C0224,Constanza Morales,2021-10-09,1075,Consumidor,46,Web,Norte,Antofagasta,2024-11-12,ORD-2025-01120,2024-09-18,Primera Clase,Baja,Completado,2600.01,Normal,386.03,Normal,14.85,Periféricos Nova 5,4,Tecnología,Periféricos,Orion
C0296,Catalina Muñoz,2024-08-28,-250,Consumidor,78,App,Sur,Biobío,2024-04-26,ORD-2025-01121,2023-12-22,Primera Clase,Crítica,Enviado,4872.08,Normal,1862.8,Normal,38.23,Sobres Smart 3,8,Oficina,Sobres,Patagonia
C0296,Catalina Muñoz,2024-08-28,-250,Consumidor,78,App,Sur,Biobío,2024-04-26,ORD-2025-01121,2023-12-22,Primera Clase,Alta,Enviado,3812.76,Normal,1094.62,Normal,28.71,Etiquetas Nova 4,7,Oficina,Etiquetas,Altura
C0296,Catalina Muñoz,2024-08-28,-250,Consumidor,78,App,Sur,Biobío,2024-04-26,ORD-2025-01121,2023-12-22,Primera Clase,Baja,Enviado,153.29,Normal,48.51,Normal,31.65,Almacenamiento Nova 7,2,Muebles,Almacenamiento,Altura
C0133,Antonia Hernández,2021-10-23,903,Consumidor,93,Correo,Sur,Los Ríos,2024-12-13,ORD-2025-01122,2024-04-13,Estándar,Alta,Completado,1842.12,Normal,670.55,Normal,36.4,Periféricos Nova 6,3,Tecnología,Periféricos,Patagonia
C0133,Antonia Hernández,2021-10-23,903,Consumidor,93,Correo,Sur,Los Ríos,2024-12-13,ORD-2025-01122,2024-04-13,Estándar,Crítica,Completado,1618.29,Normal,512.79,Normal,31.69,Periféricos Nova 7,7,Tecnología,Periféricos,Orion
C0133,Antonia Hernández,2021-10-23,903,Consumidor,93,Correo,Sur,Los Ríos,2024-12-13,ORD-2025-01122,2024-04-13,Estándar,Crítica,Completado,4339.08,Normal,814.1,Normal,18.76,Mesas Flex 6,8,Muebles,Mesas,Orion
C0055,Pedro Espinoza,2021-03-20,1120,Corporativo,86,Web,Norte,Coquimbo,2024-12-14,ORD-2025-01123,2024-04-13,Mismo Día,Baja,Completado,1931.05,Normal,-12.22,Normal,-0.63,Teléfonos Plus 1,5,Tecnología,Teléfonos,Lumen
C0014,Isidora Flores,2024-08-05,194,Corporativo,24,Teléfono,Norte,Antofagasta,2024-05-13,ORD-2025-01124,2025-02-15,Mismo Día,Alta,Completado,645.18,Normal,179.92,Normal,27.89,Mesas Smart 1,8,Muebles,Mesas,Orion
C0014,Isidora Flores,2024-08-05,194,Corporativo,24,Teléfono,Norte,Antofagasta,2024-05-13,ORD-2025-01124,2025-02-15,Mismo Día,Crítica,Completado,2675.04,Normal,1412.04,Normal,52.79,Accesorios Flex 1,6,Tecnología,Accesorios,Alerce
C0014,Isidora Flores,2024-08-05,194,Corporativo,24,Teléfono,Norte,Antofagasta,2024-05-13,ORD-2025-01124,2025-02-15,Mismo Día,Alta,Completado,1389.22,Normal,20.21,Normal,1.45,Accesorios Plus 3,2,Tecnología,Accesorios,Altura
C0134,Felipe Martínez,2024-06-30,30,Corporativo,93,Correo,Centro,Maule,2024-10-11,ORD-2025-01125,2024-07-30,Segunda Clase,Alta,Completado,2475.06,Normal,910.56,Normal,36.79,Almacenamiento Smart 4,6,Muebles,Almacenamiento,Lumen
C0134,Felipe Martínez,2024-06-30,30,Corporativo,93,Correo,Centro,Maule,2024-10-11,ORD-2025-01125,2024-07-30,Segunda Clase,Crítica,Completado,473.29,Normal,87.17,Normal,18.42,Sillas Flex 2,1,Muebles,Sillas,Vector
C0134,Felipe Martínez,2024-06-30,30,Corporativo,93,Correo,Centro,Maule,2024-10-11,ORD-2025-01125,2024-07-30,Segunda Clase,Baja,Completado,168.9,Normal,33.68,Normal,19.94,Etiquetas Nova 10,4,Oficina,Etiquetas,Orion
C0134,Felipe Martínez,2024-06-30,30,Corporativo,93,Correo,Centro,Maule,2024-10-11,ORD-2025-01125,2024-07-30,Segunda Clase,Crítica,Completado,3431.4,Normal,1075.1,Normal,31.33,Teléfonos Flex 8,5,Tecnología,Teléfonos,Patagonia
C0037,Carlos Espinoza,2024-03-31,27,Consumidor,89,Web,Austral,Aysén,2024-10-08,ORD-2025-01126,2024-04-27,Primera Clase,Alta,Completado,3896.5,Normal,1983.0,Normal,50.89,Teléfonos Pro 6,5,Tecnología,Teléfonos,Orion
C0037,Carlos Espinoza,2024-03-31,27,Consumidor,89,Web,Austral,Aysén,2024-10-08,ORD-2025-01126,2024-04-27,Primera Clase,Crítica,Completado,1348.44,Normal,212.34,Normal,15.75,Accesorios Plus 8,4,Tecnología,Accesorios,Andes
C0037,Carlos Espinoza,2024-03-31,27,Consumidor,89,Web,Austral,Aysén,2024-10-08,ORD-2025-01126,2024-04-27,Primera Clase,Alta,Completado,1389.86,Normal,320.36,Normal,23.05,Mesas Plus 5,3,Muebles,Mesas,Vector
C0037,Carlos Espinoza,2024-03-31,27,Consumidor,89,Web,Austral,Aysén,2024-10-08,ORD-2025-01126,2024-04-27,Primera Clase,Media,Completado,575.76,Normal,211.12,Normal,36.67,Libreros Smart 6,2,Muebles,Libreros,Lumen
C0265,Fernanda Castillo,2022-10-03,752,Consumidor,54,Teléfono,Sur,Biobío,2024-05-18,ORD-2025-01127,2024-10-24,Mismo Día,Alta,Enviado,4296.76,Normal,1702.33,Normal,39.62,Papelería Flex 6,7,Oficina,Papelería,Andes
C0114,Daniela Rojas,2021-03-23,668,Home Office,51,Correo,Austral,Aysén,2024-01-23,ORD-2025-01128,2023-01-20,Estándar,Media,Completado,3069.07,Normal,881.24,Normal,28.71,Mesas Smart 7,7,Muebles,Mesas,Patagonia
C0114,Daniela Rojas,2021-03-23,668,Home Office,51,Correo,Austral,Aysén,2024-01-23,ORD-2025-01128,2023-01-20,Estándar,Crítica,Completado,1894.82,Normal,889.48,Normal,46.94,Accesorios Flex 1,5,Tecnología,Accesorios,Alerce
C0236,Fernanda Sepúlveda,2023-03-27,273,Home Office,42,Correo,Centro,Maule,2025-02-16,ORD-2025-01129,2023-12-25,Segunda Clase,Crítica,Completado,247.56,Normal,64.77,Normal,26.16,Mesas Eco 4,3,Muebles,Mesas,Altura
C0236,Fernanda Sepúlveda,2023-03-27,273,Home Office,42,Correo,Centro,Maule,2025-02-16,ORD-2025-01129,2023-12-25,Segunda Clase,Media,Completado,2079.59,Normal,858.85,Normal,41.3,Computadores Pro 8,5,Tecnología,Computadores,Lumen
C0236,Fernanda Sepúlveda,2023-03-27,273,Home Office,42,Correo,Centro,Maule,2025-02-16,ORD-2025-01129,2023-12-25,Segunda Clase,Crítica,Completado,3281.84,Normal,739.94,Normal,22.55,Papelería Smart 1,5,Oficina,Papelería,Altura
C0126,Jorge Hernández,2021-10-24,672,Home Office,34,Correo,Centro,Valparaíso,2025-03-24,ORD-2025-01130,2023-08-27,Segunda Clase,Baja,Completado,4002.75,Normal,289.19,Normal,7.22,Sillas Plus 8,8,Muebles,Sillas,Orion
C0126,Jorge Hernández,2021-10-24,672,Home Office,34,Correo,Centro,Valparaíso,2025-03-24,ORD-2025-01130,2023-08-27,Segunda Clase,Alta,Completado,940.28,Normal,217.4,Normal,23.12,Mesas Nova 8,4,Muebles,Mesas,Andes
C0144,Jorge López,2023-01-06,360,Home Office,99,Teléfono,Sur,Biobío,2024-05-03,ORD-2025-01131,2024-01-01,Mismo Día,Baja,Completado,3545.59,Normal,-22.77,Normal,-0.64,Periféricos Eco 2,7,Tecnología,Periféricos,Vector
C0144,Jorge López,2023-01-06,360,Home Office,99,Teléfono,Sur,Biobío,2024-05-03,ORD-2025-01131,2024-01-01,Mismo Día,Crítica,Completado,2015.16,Normal,697.79,Normal,34.63,Libreros Smart 6,8,Muebles,Libreros,Lumen
C0144,Jorge López,2023-01-06,360,Home Office,99,Teléfono,Sur,Biobío,2024-05-03,ORD-2025-01131,2024-01-01,Mismo Día,Media,Completado,57.08,Normal,26.61,Normal,46.62,Archivadores Eco 9,6,Oficina,Archivadores,Orion
C0144,Jorge López,2023-01-06,360,Home Office,99,Teléfono,Sur,Biobío,2024-05-03,ORD-2025-01131,2024-01-01,Mismo Día,Media,Completado,1733.88,Normal,788.58,Normal,45.48,Periféricos Nova 7,6,Tecnología,Periféricos,Orion
C0229,Jorge Pérez,2023-05-30,618,Corporativo,88,Web,Sur,La Araucanía,2024-10-09,ORD-2025-01132,2025-02-06,Estándar,Crítica,Enviado,4289.26,Normal,1101.92,Normal,25.69,Libreros Plus 1,7,Muebles,Libreros,Altura
C0229,Jorge Pérez,2023-05-30,618,Corporativo,88,Web,Sur,La Araucanía,2024-10-09,ORD-2025-01132,2025-02-06,Estándar,Baja,Enviado,260.08,Normal,98.23,Normal,37.77,Periféricos Nova 7,1,Tecnología,Periféricos,Orion
C0246,Andrés Hernández,2024-03-21,-14,Consumidor,77,App,Sur,Los Lagos,2024-05-04,ORD-2025-01133,2024-03-07,Primera Clase,Media,Completado,575.42,Normal,226.96,Normal,39.44,Teléfonos Flex 2,2,Tecnología,Teléfonos,Vector
C0246,Andrés Hernández,2024-03-21,-14,Consumidor,77,App,Sur,Los Lagos,2024-05-04,ORD-2025-01133,2024-03-07,Primera Clase,Baja,Completado,2944.48,Normal,1538.24,Normal,52.24,Papelería Flex 4,4,Oficina,Papelería,Altura
C0246,Andrés Hernández,2024-03-21,-14,Consumidor,77,App,Sur,Los Lagos,2024-05-04,ORD-2025-01133,2024-03-07,Primera Clase,Alta,Completado,578.71,Normal,193.04,Normal,33.36,Etiquetas Eco 1,1,Oficina,Etiquetas,Nova
C0018,Vicente Rodríguez,2022-05-06,1055,Corporativo,40,Web,Centro,Valparaíso,2024-10-25,ORD-2025-01134,2025-03-26,Segunda Clase,Alta,Completado,2655.7,Normal,1246.31,Normal,46.93,Archivadores Flex 3,5,Oficina,Archivadores,Vector
C0018,Vicente Rodríguez,2022-05-06,1055,Corporativo,40,Web,Centro,Valparaíso,2024-10-25,ORD-2025-01134,2025-03-26,Segunda Clase,Media,Completado,4379.91,Normal,1997.52,Normal,45.61,Papelería Flex 4,7,Oficina,Papelería,Altura
C0018,Vicente Rodríguez,2022-05-06,1055,Corporativo,40,Web,Centro,Valparaíso,2024-10-25,ORD-2025-01134,2025-03-26,Segunda Clase,Crítica,Completado,2981.84,Normal,703.88,Normal,23.61,Sobres Eco 7,4,Oficina,Sobres,Vector
C0017,Javiera Araya,2024-05-11,150,Consumidor,72,No Especificado,Centro,Valparaíso,2024-06-17,ORD-2025-01135,2024-10-08,Estándar,Baja,Completado,3357.44,Normal,1151.28,Normal,34.29,Periféricos Flex 4,8,Tecnología,Periféricos,Orion
C0036,Benjamín Soto,2024-05-03,-427,Consumidor,96,Web,Centro,O'Higgins,2024-07-31,ORD-2025-01136,2023-03-03,Primera Clase,Baja,Completado,1084.93,Normal,54.6,Normal,5.03,Accesorios Nova 10,2,Tecnología,Accesorios,Andes
C0036,Benjamín Soto,2024-05-03,-427,Consumidor,96,Web,Centro,O'Higgins,2024-07-31,ORD-2025-01136,2023-03-03,Primera Clase,Crítica,Completado,575.42,Normal,237.2,Normal,41.22,Teléfonos Flex 2,2,Tecnología,Teléfonos,Vector
C0036,Benjamín Soto,2024-05-03,-427,Consumidor,96,Web,Centro,O'Higgins,2024-07-31,ORD-2025-01136,2023-03-03,Primera Clase,Alta,Completado,2314.84,Normal,403.53,Normal,17.43,Etiquetas Eco 1,5,Oficina,Etiquetas,Nova
C0036,Benjamín Soto,2024-05-03,-427,Consumidor,96,Web,Centro,O'Higgins,2024-07-31,ORD-2025-01136,2023-03-03,Primera Clase,Baja,Completado,630.14,Normal,2.18,Normal,0.35,Archivadores Pro 4,5,Oficina,Archivadores,Alerce
C0262,Sebastián Castillo,2021-03-04,1326,Home Office,90,Correo,Norte,Antofagasta,2024-04-27,ORD-2025-01137,2024-10-20,Estándar,Crítica,Completado,1008.22,Normal,104.06,Normal,10.32,Archivadores Pro 4,7,Oficina,Archivadores,Alerce
C0262,Sebastián Castillo,2021-03-04,1326,Home Office,90,Correo,Norte,Antofagasta,2024-04-27,ORD-2025-01137,2024-10-20,Estándar,Media,Completado,2665.56,Normal,633.09,Normal,23.75,Almacenamiento Flex 1,3,Muebles,Almacenamiento,Patagonia
C0262,Sebastián Castillo,2021-03-04,1326,Home Office,90,Correo,Norte,Antofagasta,2024-04-27,ORD-2025-01137,2024-10-20,Estándar,Alta,Completado,3721.31,Normal,202.37,Normal,5.44,Sillas Plus 8,7,Muebles,Sillas,Orion
C0262,Sebastián Castillo,2021-03-04,1326,Home Office,90,Correo,Norte,Antofagasta,2024-04-27,ORD-2025-01137,2024-10-20,Estándar,Media,Completado,1562.87,Normal,177.5,Normal,11.36,Accesorios Plus 3,2,Tecnología,Accesorios,Altura
C0119,Nicolás López,2021-03-17,658,Home Office,21,No Especificado,Norte,Tarapacá,2024-09-14,ORD-2025-01138,2023-01-04,Primera Clase,Crítica,Completado,540.82,Normal,21.24,Normal,3.93,Sillas Eco 1,5,Muebles,Sillas,Vector
C0090,Daniela Fuentes,2024-04-28,-324,Home Office,51,Teléfono,Centro,Maule,2024-09-27,ORD-2025-01139,2023-06-09,Estándar,Crítica,Completado,260.21,Normal,48.44,Normal,18.62,Sillas Smart 9,1,Muebles,Sillas,Orion
C0090,Daniela Fuentes,2024-04-28,-324,Home Office,51,Teléfono,Centro,Maule,2024-09-27,ORD-2025-01139,2023-06-09,Estándar,Baja,Completado,1723.87,Normal,817.15,Normal,47.4,Sobres Pro 2,4,Oficina,Sobres,Orion
C0090,Daniela Fuentes,2024-04-28,-324,Home Office,51,Teléfono,Centro,Maule,2024-09-27,ORD-2025-01139,2023-06-09,Estándar,Crítica,Completado,6006.78,Normal,607.85,Normal,10.12,Periféricos Nova 3,8,Tecnología,Periféricos,Altura
C0090,Daniela Fuentes,2024-04-28,-324,Home Office,51,Teléfono,Centro,Maule,2024-09-27,ORD-2025-01139,2023-06-09,Estándar,Alta,Completado,1185.55,Normal,241.0,Normal,20.33,Periféricos Nova 9,5,Tecnología,Periféricos,Vector
C0135,Benjamín Flores,2022-10-11,370,Corporativo,79,Correo,Sur,Biobío,2024-01-25,ORD-2025-01140,2023-10-16,Segunda Clase,Crítica,Cancelado,179.83,Normal,30.74,Normal,17.09,Papelería Pro 3,4,Oficina,Papelería,Altura
C0135,Benjamín Flores,2022-10-11,370,Corporativo,79,Correo,Sur,Biobío,2024-01-25,ORD-2025-01140,2023-10-16,Segunda Clase,Baja,Cancelado,1297.48,Normal,108.59,Normal,8.37,Mesas Eco 3,5,Muebles,Mesas,Alerce
C0135,Benjamín Flores,2022-10-11,370,Corporativo,79,Correo,Sur,Biobío,2024-01-25,ORD-2025-01140,2023-10-16,Segunda Clase,Baja,Cancelado,75.39,Normal,37.33,Normal,49.52,Computadores Flex 7,2,Tecnología,Computadores,Alerce
C0135,Benjamín Flores,2022-10-11,370,Corporativo,79,Correo,Sur,Biobío,2024-01-25,ORD-2025-01140,2023-10-16,Segunda Clase,Alta,Cancelado,1715.16,Normal,863.92,Normal,50.37,Libreros Pro 5,4,Muebles,Libreros,Nova
C0101,Ana Flores,2022-07-16,442,Consumidor,16,Web,Norte,Tarapacá,2024-05-21,ORD-2025-01141,2023-10-01,Estándar,Crítica,Completado,4746.66,Normal,2456.22,Ganancia Atípica,51.75,Almacenamiento Plus 10,6,Muebles,Almacenamiento,Patagonia
C0101,Ana Flores,2022-07-16,442,Consumidor,16,Web,Norte,Tarapacá,2024-05-21,ORD-2025-01141,2023-10-01,Estándar,Baja,Completado,4531.45,Normal,345.98,Normal,7.64,Almacenamiento Flex 1,6,Muebles,Almacenamiento,Patagonia
C0296,Catalina Muñoz,2024-08-28,-70,Consumidor,78,App,Sur,Biobío,2024-04-26,ORD-2025-01142,2024-06-19,Estándar,Alta,Completado,4227.6,Normal,1793.82,Normal,42.43,Sillas Smart 3,6,Muebles,Sillas,Altura
C0296,Catalina Muñoz,2024-08-28,-70,Consumidor,78,App,Sur,Biobío,2024-04-26,ORD-2025-01142,2024-06-19,Estándar,Baja,Completado,666.64,Normal,172.52,Normal,25.88,Archivadores Nova 8,3,Oficina,Archivadores,Lumen
C0296,Catalina Muñoz,2024-08-28,-70,Consumidor,78,App,Sur,Biobío,2024-04-26,ORD-2025-01142,2024-06-19,Estándar,Baja,Completado,413.06,Normal,165.35,Normal,40.03,Almacenamiento Eco 6,4,Muebles,Almacenamiento,Patagonia
C0296,Catalina Muñoz,2024-08-28,-70,Consumidor,78,App,Sur,Biobío,2024-04-26,ORD-2025-01142,2024-06-19,Estándar,Baja,Completado,888.52,Normal,211.03,Normal,23.75,Almacenamiento Flex 1,1,Muebles,Almacenamiento,Patagonia
C0133,Antonia Hernández,2021-10-23,829,Consumidor,93,Correo,Sur,Los Ríos,2024-12-13,ORD-2025-01143,2024-01-30,Segunda Clase,Baja,Completado,3135.08,Normal,1017.52,Normal,32.46,Almacenamiento Smart 4,8,Muebles,Almacenamiento,Lumen
C0133,Antonia Hernández,2021-10-23,829,Consumidor,93,Correo,Sur,Los Ríos,2024-12-13,ORD-2025-01143,2024-01-30,Segunda Clase,Alta,Completado,981.9,Normal,196.82,Normal,20.04,Etiquetas Flex 8,2,Oficina,Etiquetas,Patagonia
C0133,Antonia Hernández,2021-10-23,829,Consumidor,93,Correo,Sur,Los Ríos,2024-12-13,ORD-2025-01143,2024-01-30,Segunda Clase,Baja,Completado,3757.36,Normal,1813.0,Normal,48.25,Teléfonos Flex 10,8,Tecnología,Teléfonos,Lumen
C0152,Gabriel López,2022-06-26,930,Consumidor,68,Web,Centro,Metropolitana,2024-05-10,ORD-2025-01144,2025-01-11,Primera Clase,Baja,Completado,763.79,Normal,204.47,Normal,26.77,Etiquetas Smart 9,1,Oficina,Etiquetas,Patagonia
C0152,Gabriel López,2022-06-26,930,Consumidor,68,Web,Centro,Metropolitana,2024-05-10,ORD-2025-01144,2025-01-11,Primera Clase,Crítica,Completado,687.34,Normal,173.89,Normal,25.3,Computadores Plus 5,1,Tecnología,Computadores,Orion
C0226,Ana Martínez,2021-11-03,969,Consumidor,24,Correo,Sur,Los Lagos,2024-09-04,ORD-2025-01145,2024-06-29,Estándar,Crítica,Completado,2965.78,Normal,399.66,Normal,13.48,Sillas Plus 7,5,Muebles,Sillas,Andes
C0226,Ana Martínez,2021-11-03,969,Consumidor,24,Correo,Sur,Los Lagos,2024-09-04,ORD-2025-01145,2024-06-29,Estándar,Alta,Completado,3506.21,Normal,1497.57,Normal,42.71,Archivadores Plus 5,7,Oficina,Archivadores,Altura
C0226,Ana Martínez,2021-11-03,969,Consumidor,24,Correo,Sur,Los Lagos,2024-09-04,ORD-2025-01145,2024-06-29,Estándar,Media,Completado,2784.05,Normal,900.5,Normal,32.34,Sillas Flex 2,5,Muebles,Sillas,Vector
C0226,Ana Martínez,2021-11-03,969,Consumidor,24,Correo,Sur,Los Lagos,2024-09-04,ORD-2025-01145,2024-06-29,Estándar,Alta,Completado,218.98,Normal,111.7,Normal,51.01,Almacenamiento Nova 7,2,Muebles,Almacenamiento,Altura
C0175,María Fuentes,2023-02-03,123,Consumidor,81,App,Centro,Metropolitana,2024-07-22,ORD-2025-01146,2023-06-06,Estándar,Baja,Cancelado,437.19,Normal,177.09,Normal,40.51,Teléfonos Pro 4,7,Tecnología,Teléfonos,Alerce
C0175,María Fuentes,2023-02-03,123,Consumidor,81,App,Centro,Metropolitana,2024-07-22,ORD-2025-01146,2023-06-06,Estándar,Alta,Cancelado,868.26,Normal,183.16,Normal,21.1,Accesorios Plus 3,1,Tecnología,Accesorios,Altura
C0175,María Fuentes,2023-02-03,123,Consumidor,81,App,Centro,Metropolitana,2024-07-22,ORD-2025-01146,2023-06-06,Estándar,Crítica,Cancelado,1098.05,Normal,151.62,Normal,13.81,Teléfonos Flex 8,2,Tecnología,Teléfonos,Patagonia
C0175,María Fuentes,2023-02-03,123,Consumidor,81,App,Centro,Metropolitana,2024-07-22,ORD-2025-01146,2023-06-06,Estándar,Crítica,Cancelado,673.71,Normal,318.3,Normal,47.25,Etiquetas Eco 6,3,Oficina,Etiquetas,Vector
C0183,Catalina González,2023-12-23,297,Consumidor,58,App,Sur,Biobío,2024-08-26,ORD-2025-01147,2024-10-15,Mismo Día,Baja,Enviado,2298.35,Normal,638.22,Normal,27.77,Libreros Pro 8,4,Muebles,Libreros,Lumen
C0002,Valentina Muñoz,2023-07-30,-199,Home Office,58,Web,Austral,Aysén,2024-06-21,ORD-2025-01148,2023-01-12,Primera Clase,Media,Completado,491.21,Normal,35.59,Normal,7.25,Archivadores Nova 8,3,Oficina,Archivadores,Lumen
C0002,Valentina Muñoz,2023-07-30,-199,Home Office,58,Web,Austral,Aysén,2024-06-21,ORD-2025-01148,2023-01-12,Primera Clase,Crítica,Completado,2383.2,Normal,1058.97,Normal,44.43,Computadores Plus 1,3,Tecnología,Computadores,Andes
C0137,Javiera Díaz,2021-12-07,962,Corporativo,13,Teléfono,Sur,Los Ríos,2024-07-14,ORD-2025-01149,2024-07-26,Primera Clase,Alta,Completado,5511.84,Normal,2087.04,Ganancia Atípica,37.86,Almacenamiento Nova 2,8,Muebles,Almacenamiento,Patagonia
C0137,Javiera Díaz,2021-12-07,962,Corporativo,13,Teléfono,Sur,Los Ríos,2024-07-14,ORD-2025-01149,2024-07-26,Primera Clase,Baja,Completado,1438.54,Normal,625.1,Normal,43.45,Teléfonos Flex 2,5,Tecnología,Teléfonos,Vector
C0170,Sofía Rojas,2022-07-18,860,Consumidor,58,No Especificado,Centro,Metropolitana,2025-01-14,ORD-2025-01150,2024-11-24,Estándar,Baja,Enviado,5218.22,Normal,1231.79,Normal,23.61,Sobres Eco 7,7,Oficina,Sobres,Vector
C0170,Sofía Rojas,2022-07-18,860,Consumidor,58,No Especificado,Centro,Metropolitana,2025-01-14,ORD-2025-01150,2024-11-24,Estándar,Media,Enviado,288.98,Normal,131.43,Normal,45.48,Periféricos Nova 7,1,Tecnología,Periféricos,Orion
C0135,Benjamín Flores,2022-10-11,95,Corporativo,79,Correo,Sur,Biobío,2024-01-25,ORD-2025-01151,2023-01-14,Mismo Día,Baja,Enviado,3204.67,Normal,902.94,Normal,28.18,Etiquetas Nova 3,7,Oficina,Etiquetas,Alerce
C0135,Benjamín Flores,2022-10-11,95,Corporativo,79,Correo,Sur,Biobío,2024-01-25,ORD-2025-01151,2023-01-14,Mismo Día,Alta,Enviado,1501.69,Normal,123.56,Normal,8.23,Periféricos Nova 3,2,Tecnología,Periféricos,Altura
C0135,Benjamín Flores,2022-10-11,95,Corporativo,79,Correo,Sur,Biobío,2024-01-25,ORD-2025-01151,2023-01-14,Mismo Día,Alta,Enviado,39.68,Normal,20.98,Normal,52.87,Computadores Flex 7,1,Tecnología,Computadores,Alerce
C0135,Benjamín Flores,2022-10-11,95,Corporativo,79,Correo,Sur,Biobío,2024-01-25,ORD-2025-01151,2023-01-14,Mismo Día,Media,Enviado,3938.21,Normal,771.13,Normal,19.58,Papelería Smart 1,6,Oficina,Papelería,Altura
C0264,Martina Muñoz,2023-06-20,402,Consumidor,71,Correo,Austral,Aysén,2024-10-17,ORD-2025-01152,2024-07-26,Mismo Día,Crítica,Cancelado,3557.08,Normal,847.5,Normal,23.83,Sillas Eco 5,7,Muebles,Sillas,Lumen
C0264,Martina Muñoz,2023-06-20,402,Consumidor,71,Correo,Austral,Aysén,2024-10-17,ORD-2025-01152,2024-07-26,Mismo Día,Media,Cancelado,595.21,Normal,45.46,Normal,7.64,Papelería Smart 5,1,Oficina,Papelería,Alerce
C0264,Martina Muñoz,2023-06-20,402,Consumidor,71,Correo,Austral,Aysén,2024-10-17,ORD-2025-01152,2024-07-26,Mismo Día,Media,Cancelado,490.95,Normal,98.41,Normal,20.04,Etiquetas Flex 8,1,Oficina,Etiquetas,Patagonia
C0264,Martina Muñoz,2023-06-20,402,Consumidor,71,Correo,Austral,Aysén,2024-10-17,ORD-2025-01152,2024-07-26,Mismo Día,Crítica,Cancelado,4822.86,Normal,1826.16,Normal,37.86,Almacenamiento Nova 2,7,Muebles,Almacenamiento,Patagonia
C0142,Tomás Soto,2023-06-24,507,Consumidor,85,Teléfono,Centro,Maule,2024-04-04,ORD-2025-01153,2024-11-12,Estándar,Alta,Enviado,238.08,Normal,125.88,Normal,52.87,Computadores Flex 7,6,Tecnología,Computadores,Alerce
C0267,Carlos Martínez,2022-05-23,823,Corporativo,22,App,Sur,Los Ríos,2024-05-23,ORD-2025-01154,2024-08-23,Segunda Clase,Baja,Completado,2773.44,Normal,1281.37,Normal,46.2,Archivadores Nova 2,5,Oficina,Archivadores,Alerce
C0267,Carlos Martínez,2022-05-23,823,Corporativo,22,App,Sur,Los Ríos,2024-05-23,ORD-2025-01154,2024-08-23,Segunda Clase,Media,Completado,3357.44,Normal,1151.28,Normal,34.29,Periféricos Flex 4,8,Tecnología,Periféricos,Orion
C0158,Catalina Díaz,2024-06-14,-79,Corporativo,45,Correo,Centro,Metropolitana,2024-01-27,ORD-2025-01155,2024-03-27,Estándar,Alta,Completado,3501.44,Normal,1646.44,Normal,47.02,Libreros Plus 1,4,Muebles,Libreros,Altura
C0158,Catalina Díaz,2024-06-14,-79,Corporativo,45,Correo,Centro,Metropolitana,2024-01-27,ORD-2025-01155,2024-03-27,Estándar,Crítica,Completado,720.16,Normal,213.36,Normal,29.63,Archivadores Pro 4,4,Oficina,Archivadores,Alerce
C0158,Catalina Díaz,2024-06-14,-79,Corporativo,45,Correo,Centro,Metropolitana,2024-01-27,ORD-2025-01155,2024-03-27,Estándar,Crítica,Completado,135.46,Normal,18.41,Normal,13.59,Libreros Eco 4,1,Muebles,Libreros,Andes
C0158,Catalina Díaz,2024-06-14,-79,Corporativo,45,Correo,Centro,Metropolitana,2024-01-27,ORD-2025-01155,2024-03-27,Estándar,Media,Completado,1543.91,Normal,695.21,Normal,45.03,Etiquetas Pro 5,7,Oficina,Etiquetas,Lumen
C0086,Josefa Silva,2022-09-10,489,Consumidor,82,Web,Sur,La Araucanía,2024-03-09,ORD-2025-01156,2024-01-12,Segunda Clase,Baja,Completado,1915.29,Normal,669.93,Normal,34.98,Libreros Pro 8,3,Muebles,Libreros,Lumen
C0086,Josefa Silva,2022-09-10,489,Consumidor,82,Web,Sur,La Araucanía,2024-03-09,ORD-2025-01156,2024-01-12,Segunda Clase,Baja,Completado,1317.07,Normal,598.12,Normal,45.41,Computadores Pro 8,3,Tecnología,Computadores,Lumen
C0224,Constanza Morales,2021-10-09,971,Consumidor,46,Web,Norte,Antofagasta,2024-11-12,ORD-2025-01157,2024-06-06,Mismo Día,Crítica,Completado,4726.88,Normal,2579.36,Ganancia Atípica,54.57,Papelería Eco 2,8,Oficina,Papelería,Orion
C0224,Constanza Morales,2021-10-09,971,Consumidor,46,Web,Norte,Antofagasta,2024-11-12,ORD-2025-01157,2024-06-06,Mismo Día,Alta,Completado,5000.04,Normal,2477.32,Ganancia Atípica,49.55,Periféricos Nova 6,6,Tecnología,Periféricos,Patagonia
C0224,Constanza Morales,2021-10-09,971,Consumidor,46,Web,Norte,Antofagasta,2024-11-12,ORD-2025-01157,2024-06-06,Mismo Día,Crítica,Completado,765.17,Normal,113.79,Normal,14.87,Archivadores Pro 4,5,Oficina,Archivadores,Alerce
C0224,Constanza Morales,2021-10-09,971,Consumidor,46,Web,Norte,Antofagasta,2024-11-12,ORD-2025-01157,2024-06-06,Mismo Día,Media,Completado,2113.8,Normal,896.91,Normal,42.43,Sillas Smart 3,3,Muebles,Sillas,Altura
C0042,Pedro Hernández,2022-09-12,600,Home Office,95,Web,Centro,Metropolitana,2024-12-14,ORD-2025-01158,2024-05-04,Primera Clase,Crítica,Completado,4465.73,Normal,1676.78,Normal,37.55,Sobres Plus 9,8,Oficina,Sobres,Andes
C0042,Pedro Hernández,2022-09-12,600,Home Office,95,Web,Centro,Metropolitana,2024-12-14,ORD-2025-01158,2024-05-04,Primera Clase,Alta,Completado,1754.4,Normal,912.78,Normal,52.03,Periféricos Nova 6,2,Tecnología,Periféricos,Patagonia
C0270,Ana Rojas,2023-11-02,90,Corporativo,40,Correo,Norte,Tarapacá,2025-03-11,ORD-2025-01159,2024-01-31,Mismo Día,Crítica,Cancelado,467.82,Normal,138.76,Normal,29.66,Archivadores Nova 8,2,Oficina,Archivadores,Lumen
C0270,Ana Rojas,2023-11-02,90,Corporativo,40,Correo,Norte,Tarapacá,2025-03-11,ORD-2025-01159,2024-01-31,Mismo Día,Crítica,Cancelado,2461.22,Normal,813.41,Normal,33.05,Mesas Plus 5,5,Muebles,Mesas,Vector
C0270,Ana Rojas,2023-11-02,90,Corporativo,40,Correo,Norte,Tarapacá,2025-03-11,ORD-2025-01159,2024-01-31,Mismo Día,Crítica,Cancelado,509.22,Normal,238.62,Normal,46.86,Sillas Pro 6,6,Muebles,Sillas,Nova
C0160,Andrés Flores,2023-01-05,110,Home Office,60,Web,Sur,Los Ríos,2024-11-05,ORD-2025-01160,2023-04-25,Estándar,Media,Completado,594.18,Normal,104.11,Normal,17.52,Almacenamiento Eco 3,4,Muebles,Almacenamiento,Orion
C0032,Sebastián Torres,2022-03-14,405,Corporativo,17,Correo,Centro,Metropolitana,2024-04-22,ORD-2025-01161,2023-04-23,Estándar,Alta,Enviado,3300.08,Normal,1214.08,Normal,36.79,Almacenamiento Smart 4,8,Muebles,Almacenamiento,Lumen
C0032,Sebastián Torres,2022-03-14,405,Corporativo,17,Correo,Centro,Metropolitana,2024-04-22,ORD-2025-01161,2023-04-23,Estándar,Media,Enviado,1418.66,Normal,213.59,Normal,15.06,Teléfonos Eco 9,3,Tecnología,Teléfonos,Andes
C0032,Sebastián Torres,2022-03-14,405,Corporativo,17,Correo,Centro,Metropolitana,2024-04-22,ORD-2025-01161,2023-04-23,Estándar,Baja,Enviado,1558.22,Normal,298.12,Normal,19.13,Periféricos Eco 10,3,Tecnología,Periféricos,Andes
C0291,Felipe Contreras,2024-01-09,270,Consumidor,81,Teléfono,Sur,Los Lagos,2024-10-31,ORD-2025-01162,2024-10-05,Estándar,Alta,Completado,833.34,Normal,417.85,Normal,50.14,Periféricos Nova 6,1,Tecnología,Periféricos,Patagonia
C0284,Sebastián Contreras,2023-10-25,-292,Corporativo,17,Correo,Austral,Aysén,2024-02-10,ORD-2025-01163,2023-01-06,Segunda Clase,Crítica,Completado,3502.41,Normal,-61.47,Normal,-1.76,Sillas Plus 8,7,Muebles,Sillas,Orion
C0284,Sebastián Contreras,2023-10-25,-292,Corporativo,17,Correo,Austral,Aysén,2024-02-10,ORD-2025-01163,2023-01-06,Segunda Clase,Crítica,Completado,398.16,Normal,189.05,Normal,47.48,Teléfonos Pro 4,6,Tecnología,Teléfonos,Alerce
C0009,Isidora Morales,2024-09-04,-259,Consumidor,60,Correo,Centro,O'Higgins,2024-02-14,ORD-2025-01164,2023-12-20,Estándar,Media,Enviado,997.92,Normal,63.8,Normal,6.39,Libreros Smart 3,5,Muebles,Libreros,Vector
C0009,Isidora Morales,2024-09-04,-259,Consumidor,60,Correo,Centro,O'Higgins,2024-02-14,ORD-2025-01164,2023-12-20,Estándar,Media,Enviado,451.53,Normal,106.98,Normal,23.69,Libreros Eco 4,3,Muebles,Libreros,Andes
C0009,Isidora Morales,2024-09-04,-259,Consumidor,60,Correo,Centro,O'Higgins,2024-02-14,ORD-2025-01164,2023-12-20,Estándar,Media,Enviado,474.4,Normal,181.3,Normal,38.22,Mesas Smart 1,5,Muebles,Mesas,Orion
C0009,Isidora Morales,2024-09-04,-259,Consumidor,60,Correo,Centro,O'Higgins,2024-02-14,ORD-2025-01164,2023-12-20,Estándar,Media,Enviado,2473.39,Normal,373.93,Normal,15.12,Archivadores Flex 1,6,Oficina,Archivadores,Alerce
C0257,Vicente Muñoz,2023-11-28,42,Consumidor,48,App,Norte,Coquimbo,2024-09-12,ORD-2025-01165,2024-01-09,Primera Clase,Crítica,Enviado,2755.92,Normal,1043.52,Normal,37.86,Almacenamiento Nova 2,4,Muebles,Almacenamiento,Patagonia
C0257,Vicente Muñoz,2023-11-28,42,Consumidor,48,App,Norte,Coquimbo,2024-09-12,ORD-2025-01165,2024-01-09,Primera Clase,Media,Enviado,4371.3,Normal,1682.58,Normal,38.49,Sillas Plus 4,6,Muebles,Sillas,Orion
C0198,Valentina Contreras,2024-05-18,-317,Consumidor,93,App,Centro,Metropolitana,2024-07-13,ORD-2025-01166,2023-07-06,Primera Clase,Alta,Completado,3566.72,Normal,1882.72,Normal,52.79,Accesorios Flex 1,8,Tecnología,Accesorios,Alerce
C0198,Valentina Contreras,2024-05-18,-317,Consumidor,93,App,Centro,Metropolitana,2024-07-13,ORD-2025-01166,2023-07-06,Primera Clase,Alta,Completado,1103.46,Normal,380.2,Normal,34.46,Teléfonos Plus 1,2,Tecnología,Teléfonos,Lumen
C0198,Valentina Contreras,2024-05-18,-317,Consumidor,93,App,Centro,Metropolitana,2024-07-13,ORD-2025-01166,2023-07-06,Primera Clase,Alta,Completado,1250.86,Normal,281.32,Normal,22.49,Sillas Plus 8,2,Muebles,Sillas,Orion
C0198,Valentina Contreras,2024-05-18,-317,Consumidor,93,App,Centro,Metropolitana,2024-07-13,ORD-2025-01166,2023-07-06,Primera Clase,Media,Completado,426.8,Normal,47.0,Normal,11.01,Periféricos Nova 9,2,Tecnología,Periféricos,Vector
C0174,Nicolás Martínez,2021-11-09,628,Corporativo,18,Correo,Sur,Los Lagos,2024-12-26,ORD-2025-01167,2023-07-30,Segunda Clase,Crítica,Completado,725.63,Normal,99.8,Normal,13.75,Libreros Pro 7,6,Muebles,Libreros,Nova
C0174,Nicolás Martínez,2021-11-09,628,Corporativo,18,Correo,Sur,Los Lagos,2024-12-26,ORD-2025-01167,2023-07-30,Segunda Clase,Baja,Completado,2892.72,Normal,161.73,Normal,5.59,Mesas Flex 6,6,Muebles,Mesas,Orion
C0247,Fernanda Martínez,2021-08-21,517,Consumidor,33,Web,Austral,Aysén,2024-04-25,ORD-2025-01168,2023-01-20,Segunda Clase,Baja,Completado,1377.49,Normal,-56.0,Normal,-4.07,Computadores Eco 9,7,Tecnología,Computadores,Patagonia
C0247,Fernanda Martínez,2021-08-21,517,Consumidor,33,Web,Austral,Aysén,2024-04-25,ORD-2025-01168,2023-01-20,Segunda Clase,Baja,Completado,5099.85,Normal,1963.01,Normal,38.49,Sillas Plus 4,7,Muebles,Sillas,Orion
C0247,Fernanda Martínez,2021-08-21,517,Consumidor,33,Web,Austral,Aysén,2024-04-25,ORD-2025-01168,2023-01-20,Segunda Clase,Media,Completado,387.25,Normal,174.95,Normal,45.18,Etiquetas Pro 7,5,Oficina,Etiquetas,Orion
C0153,Matías Martínez,2023-02-20,65,Home Office,23,No Especificado,Centro,Metropolitana,2024-06-18,ORD-2025-01169,2023-04-26,Estándar,Crítica,Completado,1187.45,Normal,144.23,Normal,12.15,Teléfonos Plus 5,2,Tecnología,Teléfonos,Nova
C0233,Jorge Díaz,2022-11-12,284,Home Office,15,App,Sur,La Araucanía,2024-05-26,ORD-2025-01170,2023-08-23,Estándar,Alta,Completado,2808.96,Normal,954.48,Normal,33.98,Papelería Plus 9,8,Oficina,Papelería,Vector
C0233,Jorge Díaz,2022-11-12,284,Home Office,15,App,Sur,La Araucanía,2024-05-26,ORD-2025-01170,2023-08-23,Estándar,Media,Completado,759.79,Normal,217.08,Normal,28.57,Mesas Smart 10,6,Muebles,Mesas,Vector
C0233,Jorge Díaz,2022-11-12,284,Home Office,15,App,Sur,La Araucanía,2024-05-26,ORD-2025-01170,2023-08-23,Estándar,Crítica,Completado,2549.92,Normal,392.81,Normal,15.4,Sillas Plus 4,5,Muebles,Sillas,Orion
C0274,Paula Araya,2024-02-01,-60,Corporativo,89,Teléfono,Austral,Aysén,2025-02-24,ORD-2025-01171,2023-12-03,Primera Clase,Alta,Completado,1312.89,Normal,370.96,Normal,28.26,Sobres Flex 1,3,Oficina,Sobres,Lumen
C0274,Paula Araya,2024-02-01,-60,Corporativo,89,Teléfono,Austral,Aysén,2025-02-24,ORD-2025-01171,2023-12-03,Primera Clase,Alta,Completado,755.24,Normal,78.5,Normal,10.39,Almacenamiento Flex 1,1,Muebles,Almacenamiento,Patagonia
C0250,Daniela Soto,2023-07-01,189,Home Office,97,Web,Sur,Los Ríos,2025-01-23,ORD-2025-01172,2024-01-06,Segunda Clase,Media,Completado,1558.87,Normal,546.19,Normal,35.04,Papelería Smart 1,2,Oficina,Papelería,Altura
C0250,Daniela Soto,2023-07-01,189,Home Office,97,Web,Sur,Los Ríos,2025-01-23,ORD-2025-01172,2024-01-06,Segunda Clase,Baja,Completado,1617.45,Normal,551.47,Normal,34.1,Computadores Pro 8,5,Tecnología,Computadores,Lumen
C0250,Daniela Soto,2023-07-01,189,Home Office,97,Web,Sur,Los Ríos,2025-01-23,ORD-2025-01172,2024-01-06,Segunda Clase,Crítica,Completado,284.92,Normal,99.06,Normal,34.77,Mesas Smart 10,2,Muebles,Mesas,Vector
C0050,Benjamín Soto,2023-04-25,146,Consumidor,32,Web,Sur,La Araucanía,2024-09-15,ORD-2025-01173,2023-09-18,Mismo Día,Alta,Completado,695.16,Normal,184.02,Normal,26.47,Periféricos Nova 8,2,Tecnología,Periféricos,Andes
C0050,Benjamín Soto,2023-04-25,146,Consumidor,32,Web,Sur,La Araucanía,2024-09-15,ORD-2025-01173,2023-09-18,Mismo Día,Alta,Completado,2433.98,Normal,162.32,Normal,6.67,Accesorios Nova 6,4,Tecnología,Accesorios,Andes
C0207,Paula Fuentes,2024-10-22,-623,Corporativo,90,Web,Norte,Tarapacá,2025-01-10,ORD-2025-01174,2023-02-07,Mismo Día,Baja,Completado,4610.94,Normal,596.7,Normal,12.94,Accesorios Nova 10,8,Tecnología,Accesorios,Andes
C0021,Martina Contreras,2022-10-01,868,Home Office,95,Correo,Sur,Los Ríos,2024-07-03,ORD-2025-01175,2025-02-15,Mismo Día,Media,Cancelado,288.76,Normal,25.88,Normal,8.96,Almacenamiento Smart 4,1,Muebles,Almacenamiento,Lumen
C0021,Martina Contreras,2022-10-01,868,Home Office,95,Correo,Sur,Los Ríos,2024-07-03,ORD-2025-01175,2025-02-15,Mismo Día,Crítica,Cancelado,3255.99,Normal,723.92,Normal,22.23,Libreros Pro 8,6,Muebles,Libreros,Lumen
C0021,Martina Contreras,2022-10-01,868,Home Office,95,Correo,Sur,Los Ríos,2024-07-03,ORD-2025-01175,2025-02-15,Mismo Día,Alta,Cancelado,2322.57,Normal,867.42,Normal,37.35,Sobres Flex 6,3,Oficina,Sobres,Patagonia
C0297,Sebastián Soto,2023-03-25,746,Consumidor,33,Correo,Centro,O'Higgins,2024-10-10,ORD-2025-01176,2025-04-09,Segunda Clase,Alta,Completado,2100.58,Normal,9.93,Normal,0.47,Etiquetas Pro 2,7,Oficina,Etiquetas,Vector
C0297,Sebastián Soto,2023-03-25,746,Consumidor,33,Correo,Centro,O'Higgins,2024-10-10,ORD-2025-01176,2025-04-09,Segunda Clase,Baja,Completado,2923.25,Normal,799.16,Normal,27.34,Sobres Smart 3,6,Oficina,Sobres,Patagonia
C0233,Jorge Díaz,2022-11-12,181,Home Office,15,App,Sur,La Araucanía,2024-05-26,ORD-2025-01177,2023-05-12,Estándar,Baja,Completado,3231.6,Normal,1169.82,Normal,36.2,Etiquetas Nova 3,6,Oficina,Etiquetas,Alerce
C0233,Jorge Díaz,2022-11-12,181,Home Office,15,App,Sur,La Araucanía,2024-05-26,ORD-2025-01177,2023-05-12,Estándar,Crítica,Completado,3220.88,Normal,766.24,Normal,23.79,Accesorios Nova 10,5,Tecnología,Accesorios,Andes
C0159,Andrés Contreras,2023-06-30,-12,Corporativo,56,App,Centro,Valparaíso,2024-07-12,ORD-2025-01178,2023-06-18,Segunda Clase,Crítica,Devuelto,2596.89,Normal,363.31,Normal,13.99,Etiquetas Smart 9,4,Oficina,Etiquetas,Patagonia
C0159,Andrés Contreras,2023-06-30,-12,Corporativo,56,App,Centro,Valparaíso,2024-07-12,ORD-2025-01178,2023-06-18,Segunda Clase,Baja,Devuelto,928.46,Normal,276.79,Normal,29.81,Mesas Smart 7,2,Muebles,Mesas,Patagonia
C0159,Andrés Contreras,2023-06-30,-12,Corporativo,56,App,Centro,Valparaíso,2024-07-12,ORD-2025-01178,2023-06-18,Segunda Clase,Media,Devuelto,477.34,Normal,99.19,Normal,20.78,Computadores Plus 6,1,Tecnología,Computadores,Lumen
C0159,Andrés Contreras,2023-06-30,-12,Corporativo,56,App,Centro,Valparaíso,2024-07-12,ORD-2025-01178,2023-06-18,Segunda Clase,Media,Devuelto,2585.28,Normal,434.7,Normal,16.81,Etiquetas Nova 3,6,Oficina,Etiquetas,Alerce
C0200,Fernanda Pérez,2021-05-20,1435,Corporativo,66,Correo,Centro,Metropolitana,2024-09-12,ORD-2025-01179,2025-04-24,Primera Clase,Baja,Devuelto,1674.58,Normal,754.81,Normal,45.07,Periféricos Smart 1,8,Tecnología,Periféricos,Andes
C0200,Fernanda Pérez,2021-05-20,1435,Corporativo,66,Correo,Centro,Metropolitana,2024-09-12,ORD-2025-01179,2025-04-24,Primera Clase,Baja,Devuelto,2942.41,Normal,39.56,Normal,1.34,Teléfonos Eco 9,7,Tecnología,Teléfonos,Andes
C0200,Fernanda Pérez,2021-05-20,1435,Corporativo,66,Correo,Centro,Metropolitana,2024-09-12,ORD-2025-01179,2025-04-24,Primera Clase,Media,Devuelto,1015.44,Normal,508.26,Normal,50.05,Teléfonos Flex 2,3,Tecnología,Teléfonos,Vector
C0200,Fernanda Pérez,2021-05-20,1435,Corporativo,66,Correo,Centro,Metropolitana,2024-09-12,ORD-2025-01179,2025-04-24,Primera Clase,Media,Devuelto,3390.4,Normal,905.05,Normal,26.69,Accesorios Nova 10,5,Tecnología,Accesorios,Andes
C0194,Gabriel Castillo,2023-01-12,73,Corporativo,65,Web,Sur,Los Lagos,2024-10-23,ORD-2025-01180,2023-03-26,Segunda Clase,Alta,Enviado,2420.8,Normal,342.89,Normal,14.16,Etiquetas Nova 4,5,Oficina,Etiquetas,Altura
C0194,Gabriel Castillo,2023-01-12,73,Corporativo,65,Web,Sur,Los Lagos,2024-10-23,ORD-2025-01180,2023-03-26,Segunda Clase,Alta,Enviado,1057.82,Normal,159.97,Normal,15.12,Mesas Nova 8,5,Muebles,Mesas,Andes
C0194,Gabriel Castillo,2023-01-12,73,Corporativo,65,Web,Sur,Los Lagos,2024-10-23,ORD-2025-01180,2023-03-26,Segunda Clase,Alta,Enviado,3037.56,Normal,1088.28,Normal,35.83,Papelería Plus 10,4,Oficina,Papelería,Orion
C0144,Jorge López,2023-01-06,288,Home Office,99,Teléfono,Sur,Biobío,2024-05-03,ORD-2025-01181,2023-10-21,Primera Clase,Baja,Enviado,2197.31,Normal,501.19,Normal,22.81,Sillas Smart 9,8,Muebles,Sillas,Orion
C0144,Jorge López,2023-01-06,288,Home Office,99,Teléfono,Sur,Biobío,2024-05-03,ORD-2025-01181,2023-10-21,Primera Clase,Baja,Enviado,4175.04,Normal,1637.94,Normal,39.23,Papelería Eco 8,6,Oficina,Papelería,Patagonia
C0111,Carlos Flores,2024-08-19,-141,Consumidor,44,App,Sur,Biobío,2024-11-02,ORD-2025-01182,2024-03-31,Primera Clase,Alta,Completado,2337.51,Normal,-188.69,Normal,-8.07,Libreros Smart 9,5,Muebles,Libreros,Patagonia
C0196,Fernanda Silva,2021-12-11,1072,Corporativo,75,Web,Centro,Valparaíso,2024-03-19,ORD-2025-01183,2024-11-17,Segunda Clase,Baja,Completado,2784.05,Normal,900.5,Normal,32.34,Sillas Flex 2,5,Muebles,Sillas,Vector
C0196,Fernanda Silva,2021-12-11,1072,Corporativo,75,Web,Centro,Valparaíso,2024-03-19,ORD-2025-01183,2024-11-17,Segunda Clase,Crítica,Completado,6458.8,Venta Extraordinaria,3235.84,Ganancia Atípica,50.1,Computadores Nova 4,8,Tecnología,Computadores,Vector
C0006,Vicente Rojas,2024-07-24,-370,Home Office,78,App,Norte,Tarapacá,2024-11-08,ORD-2025-01184,2023-07-20,Mismo Día,Baja,Enviado,5963.68,Normal,1407.76,Normal,23.61,Sobres Eco 7,8,Oficina,Sobres,Vector
C0006,Vicente Rojas,2024-07-24,-370,Home Office,78,App,Norte,Tarapacá,2024-11-08,ORD-2025-01184,2023-07-20,Mismo Día,Media,Enviado,528.13,Normal,61.37,Normal,11.62,Mesas Eco 4,8,Muebles,Mesas,Altura
C0006,Vicente Rojas,2024-07-24,-370,Home Office,78,App,Norte,Tarapacá,2024-11-08,ORD-2025-01184,2023-07-20,Mismo Día,Alta,Enviado,336.77,Normal,42.26,Normal,12.55,Archivadores Smart 10,8,Oficina,Archivadores,Andes
C0006,Vicente Rojas,2024-07-24,-370,Home Office,78,App,Norte,Tarapacá,2024-11-08,ORD-2025-01184,2023-07-20,Mismo Día,Baja,Enviado,2853.38,Normal,1125.38,Normal,39.44,Accesorios Flex 1,8,Tecnología,Accesorios,Alerce
C0214,Javiera Flores,2023-12-15,-159,Home Office,94,Web,Norte,Antofagasta,2025-03-05,ORD-2025-01185,2023-07-09,Mismo Día,Media,Completado,3720.05,Normal,1015.1,Normal,27.29,Papelería Smart 5,5,Oficina,Papelería,Alerce
C0023,Ana Espinoza,2022-04-17,490,Home Office,10,App,Norte,Antofagasta,2024-12-07,ORD-2025-01186,2023-08-20,Primera Clase,Crítica,Completado,2700.75,Normal,776.32,Normal,28.74,Etiquetas Pro 2,7,Oficina,Etiquetas,Vector
C0023,Ana Espinoza,2022-04-17,490,Home Office,10,App,Norte,Antofagasta,2024-12-07,ORD-2025-01186,2023-08-20,Primera Clase,Alta,Completado,474.22,Normal,96.4,Normal,20.33,Periféricos Nova 9,2,Tecnología,Periféricos,Vector
C0023,Ana Espinoza,2022-04-17,490,Home Office,10,App,Norte,Antofagasta,2024-12-07,ORD-2025-01186,2023-08-20,Primera Clase,Alta,Completado,2465.28,Normal,1229.56,Normal,49.88,Archivadores Nova 2,4,Oficina,Archivadores,Alerce
C0292,Carlos Castillo,2024-04-16,-438,Home Office,41,App,Centro,Maule,2025-01-31,ORD-2025-01187,2023-02-03,Estándar,Crítica,Enviado,1535.1,Normal,554.82,Normal,36.14,Teléfonos Plus 7,6,Tecnología,Teléfonos,Alerce
C0292,Carlos Castillo,2024-04-16,-438,Home Office,41,App,Centro,Maule,2025-01-31,ORD-2025-01187,2023-02-03,Estándar,Alta,Enviado,695.84,Normal,272.99,Normal,39.23,Papelería Eco 8,1,Oficina,Papelería,Patagonia
C0292,Carlos Castillo,2024-04-16,-438,Home Office,41,App,Centro,Maule,2025-01-31,ORD-2025-01187,2023-02-03,Estándar,Media,Enviado,1309.06,Normal,455.7,Normal,34.81,Almacenamiento Nova 2,2,Muebles,Almacenamiento,Patagonia
C0297,Sebastián Soto,2023-03-25,317,Consumidor,33,Correo,Centro,O'Higgins,2024-10-10,ORD-2025-01188,2024-02-05,Segunda Clase,Crítica,Completado,2480.96,Normal,1090.2,Normal,43.94,Sobres Plus 9,4,Oficina,Sobres,Andes
C0297,Sebastián Soto,2023-03-25,317,Consumidor,33,Correo,Centro,O'Higgins,2024-10-10,ORD-2025-01188,2024-02-05,Segunda Clase,Crítica,Completado,459.1,Normal,64.33,Normal,14.01,Archivadores Pro 4,3,Oficina,Archivadores,Alerce
C0297,Sebastián Soto,2023-03-25,317,Consumidor,33,Correo,Centro,O'Higgins,2024-10-10,ORD-2025-01188,2024-02-05,Segunda Clase,Crítica,Completado,428.69,Normal,155.74,Normal,36.33,Etiquetas Pro 2,1,Oficina,Etiquetas,Vector
C0293,Isidora Araya,2024-07-30,176,Consumidor,16,App,Centro,O'Higgins,2024-01-16,ORD-2025-01189,2025-01-22,Primera Clase,Alta,Completado,1996.63,Normal,400.21,Normal,20.04,Teléfonos Eco 9,4,Tecnología,Teléfonos,Andes
C0280,Constanza González,2022-11-10,288,Corporativo,63,Web,Sur,La Araucanía,2024-06-18,ORD-2025-01190,2023-08-25,Estándar,Alta,Completado,5303.51,Normal,1094.32,Normal,20.63,Sillas Plus 7,8,Muebles,Sillas,Andes
C0280,Constanza González,2022-11-10,288,Corporativo,63,Web,Sur,La Araucanía,2024-06-18,ORD-2025-01190,2023-08-25,Estándar,Alta,Completado,1069.31,Normal,-14.78,Normal,-1.38,Etiquetas Smart 9,2,Oficina,Etiquetas,Patagonia
C0280,Constanza González,2022-11-10,288,Corporativo,63,Web,Sur,La Araucanía,2024-06-18,ORD-2025-01190,2023-08-25,Estándar,Media,Completado,983.01,Normal,161.43,Normal,16.42,Sillas Smart 9,4,Muebles,Sillas,Orion
C0280,Constanza González,2022-11-10,288,Corporativo,63,Web,Sur,La Araucanía,2024-06-18,ORD-2025-01190,2023-08-25,Estándar,Baja,Completado,949.05,Normal,399.51,Normal,42.1,Archivadores Plus 5,2,Oficina,Archivadores,Altura
C0078,Ignacio Flores,2023-03-18,480,Consumidor,20,Web,Austral,Magallanes,2024-03-10,ORD-2025-01191,2024-07-10,Mismo Día,Crítica,Completado,2401.32,Normal,600.79,Normal,25.02,Sobres Plus 10,4,Oficina,Sobres,Altura
C0052,Jorge Contreras,2022-12-18,518,Corporativo,39,Teléfono,Sur,La Araucanía,2024-03-17,ORD-2025-01192,2024-05-19,Segunda Clase,Alta,Completado,2965.68,Normal,1056.0,Normal,35.61,Mesas Eco 3,8,Muebles,Mesas,Alerce
C0052,Jorge Contreras,2022-12-18,518,Corporativo,39,Teléfono,Sur,La Araucanía,2024-03-17,ORD-2025-01192,2024-05-19,Segunda Clase,Crítica,Completado,1830.82,Normal,306.24,Normal,16.73,Accesorios Nova 10,3,Tecnología,Accesorios,Andes
C0052,Jorge Contreras,2022-12-18,518,Corporativo,39,Teléfono,Sur,La Araucanía,2024-03-17,ORD-2025-01192,2024-05-19,Segunda Clase,Alta,Completado,2675.04,Normal,1412.04,Normal,52.79,Accesorios Flex 1,6,Tecnología,Accesorios,Alerce
C0277,Fernanda Torres,2023-07-25,623,Home Office,87,App,Sur,Los Lagos,2024-05-03,ORD-2025-01193,2025-04-08,Primera Clase,Crítica,Completado,1480.94,Normal,241.22,Normal,16.29,Mesas Nova 8,7,Muebles,Mesas,Andes
C0277,Fernanda Torres,2023-07-25,623,Home Office,87,App,Sur,Los Lagos,2024-05-03,ORD-2025-01193,2025-04-08,Primera Clase,Crítica,Completado,1146.16,Normal,1.37,Normal,0.12,Archivadores Nova 8,7,Oficina,Archivadores,Lumen
C0032,Sebastián Torres,2022-03-14,302,Corporativo,17,Correo,Centro,Metropolitana,2024-04-22,ORD-2025-01194,2023-01-10,Mismo Día,Baja,Completado,687.33,Normal,-128.42,Normal,-18.68,Etiquetas Flex 8,2,Oficina,Etiquetas,Patagonia
C0032,Sebastián Torres,2022-03-14,302,Corporativo,17,Correo,Centro,Metropolitana,2024-04-22,ORD-2025-01194,2023-01-10,Mismo Día,Crítica,Completado,2780.8,Normal,1500.88,Normal,53.97,Computadores Flex 10,4,Tecnología,Computadores,Alerce
C0232,Catalina López,2022-06-04,552,Corporativo,55,Web,Austral,Aysén,2024-05-20,ORD-2025-01195,2023-12-08,Primera Clase,Baja,Enviado,628.65,Normal,111.85,Normal,17.79,Teléfonos Plus 5,1,Tecnología,Teléfonos,Nova
C0232,Catalina López,2022-06-04,552,Corporativo,55,Web,Austral,Aysén,2024-05-20,ORD-2025-01195,2023-12-08,Primera Clase,Media,Enviado,401.59,Normal,77.18,Normal,19.22,Almacenamiento Eco 6,5,Muebles,Almacenamiento,Patagonia
C0232,Catalina López,2022-06-04,552,Corporativo,55,Web,Austral,Aysén,2024-05-20,ORD-2025-01195,2023-12-08,Primera Clase,Crítica,Enviado,981.9,Normal,196.82,Normal,20.04,Etiquetas Flex 8,2,Oficina,Etiquetas,Patagonia
C0011,Paula Rodríguez,2021-10-11,796,Consumidor,21,Correo,Norte,Coquimbo,2024-04-04,ORD-2025-01196,2023-12-16,Primera Clase,Baja,Completado,3447.04,Normal,583.57,Normal,16.93,Etiquetas Nova 3,8,Oficina,Etiquetas,Alerce
C0011,Paula Rodríguez,2021-10-11,796,Consumidor,21,Correo,Norte,Coquimbo,2024-04-04,ORD-2025-01196,2023-12-16,Primera Clase,Crítica,Completado,54.65,Normal,14.43,Normal,26.4,Teléfonos Pro 4,1,Tecnología,Teléfonos,Alerce
C0011,Paula Rodríguez,2021-10-11,796,Consumidor,21,Correo,Norte,Coquimbo,2024-04-04,ORD-2025-01196,2023-12-16,Primera Clase,Alta,Completado,332.08,Normal,46.83,Normal,14.1,Mesas Smart 1,5,Muebles,Mesas,Orion
C0215,Sofía Castillo,2021-11-12,764,Corporativo,33,App,Norte,Coquimbo,2025-02-22,ORD-2025-01197,2023-12-16,Mismo Día,Baja,Completado,2208.17,Normal,662.68,Normal,30.01,Periféricos Nova 8,6,Tecnología,Periféricos,Andes
C0215,Sofía Castillo,2021-11-12,764,Corporativo,33,App,Norte,Coquimbo,2025-02-22,ORD-2025-01197,2023-12-16,Mismo Día,Alta,Completado,935.64,Normal,277.52,Normal,29.66,Archivadores Nova 8,4,Oficina,Archivadores,Lumen
C0195,Sebastián Espinoza,2023-12-10,198,Corporativo,60,Web,Austral,Aysén,2024-08-01,ORD-2025-01198,2024-06-25,Mismo Día,Media,Completado,4341.68,Normal,1907.85,Normal,43.94,Sobres Plus 9,7,Oficina,Sobres,Andes
C0195,Sebastián Espinoza,2023-12-10,198,Corporativo,60,Web,Austral,Aysén,2024-08-01,ORD-2025-01198,2024-06-25,Mismo Día,Crítica,Completado,3460.72,Normal,677.76,Normal,19.58,Sobres Plus 10,7,Oficina,Sobres,Altura
C0226,Ana Martínez,2021-11-03,891,Consumidor,24,Correo,Sur,Los Lagos,2024-09-04,ORD-2025-01199,2024-04-12,Segunda Clase,Media,Completado,3494.11,Normal,720.65,Normal,20.62,Teléfonos Eco 9,7,Tecnología,Teléfonos,Andes
C0226,Ana Martínez,2021-11-03,891,Consumidor,24,Correo,Sur,Los Lagos,2024-09-04,ORD-2025-01199,2024-04-12,Segunda Clase,Baja,Completado,4872.08,Normal,1862.8,Normal,38.23,Sobres Smart 3,8,Oficina,Sobres,Patagonia
C0226,Ana Martínez,2021-11-03,891,Consumidor,24,Correo,Sur,Los Lagos,2024-09-04,ORD-2025-01199,2024-04-12,Segunda Clase,Baja,Completado,3014.16,Normal,781.65,Normal,25.93,Accesorios Plus 8,8,Tecnología,Accesorios,Andes
C0226,Ana Martínez,2021-11-03,891,Consumidor,24,Correo,Sur,Los Lagos,2024-09-04,ORD-2025-01199,2024-04-12,Segunda Clase,Baja,Completado,1790.95,Normal,647.29,Normal,36.14,Teléfonos Plus 7,7,Tecnología,Teléfonos,Alerce
C0209,Benjamín Castillo,2022-11-14,600,Consumidor,84,Web,Norte,Tarapacá,2024-03-12,ORD-2025-01200,2024-07-06,Segunda Clase,Media,Completado,2783.36,Normal,1091.96,Normal,39.23,Papelería Eco 8,4,Oficina,Papelería,Patagonia
C0209,Benjamín Castillo,2022-11-14,600,Consumidor,84,Web,Norte,Tarapacá,2024-03-12,ORD-2025-01200,2024-07-06,Segunda Clase,Baja,Completado,175.93,Normal,34.05,Normal,19.35,Almacenamiento Nova 9,4,Muebles,Almacenamiento,Alerce
